Workbook

Sheet Calendario
A1: Fecha | B1: Dia | C1: RESI | D1: OSCAR | E1: CLARA | F1: ANNA | G1: PEPE | H1: IVAN | I1: YERAY
A2: JULIO 2026
A3: 46204 | B3: Mie
A4: 46205 | B4: Jue
A5: 46206 | B5: Vie
A6: 46207 | B6: Sab
A7: 46208 | B7: Dom
A8: 46209 | B8: Lun
A9: 46210 | B9: Mar
A10: 46211 | B10: Mie
A11: 46212 | B11: Jue
A12: 46213 | B12: Vie
A13: 46214 | B13: Sab
A14: 46215 | B14: Dom
... A33: 46234 | B33: Vie
A34: AGOSTO 2026
A35: 46235 | B35: Sab
A36: 46236 | B36: Dom
A37: 46237 | B37: Lun
A38: 46238 | B38: Mar
A39: 46239 | B39: Mie
A40: 46240 | B40: Jue
A41: 46241 | B41: Vie
A42: 46242 | B42: Sab
A43: 46243 | B43: Dom
A44: 46244 | B44: Lun
A45: 46245 | B45: Mar
A46: 46246 | B46: Mie
... A65: 46265 | B65: Lun
A68: LEYENDA
B69: TM -> Trabajar manana (~08-15)
B70: TT -> Trabajar tarde (~15-21)
B71: TN -> Trabajar noche (~21-08)
B72: FV -> Fuera (puedo volver)
B73: FN -> Fuera (NO volver)
B74: OC -> Ocupado
B75: RE -> Recuperaciones
B76: OT -> Otros
B77: CL -> Clases
B78: (vacio = disponible)

Sheet Resumen
A1: PANEL DE DISPONIBILIDAD — JULIO & AGOSTO 2026
B2: TOTAL DIAS | C2: 62 | E2: TODOS LIBRES | F2: =COUNTIF(J6:J67,"SI") | H2: MAX 1 OCUPADO | I2: =COUNTIF(K6:K67,"SI") | K2: MAX 2 OCUPADOS | L2: =COUNTIF(L6:L67,"SI") | N2: MAX 3 OCUPADOS | O2: =COUNTIF(M6:M67,"SI")
A4: Fecha | B4: Dia | C4: Libres | D4: TM | E4: TT | F4: TN | G4: FV | H4: FN | I4: Ocupados (TM+TT+TN) | J4: Todos libres | K4: Todos -1 | L4: Todos -2 | M4: Todos -3 | N4: Todos FN | O4: % Disponible
J5: Umbrales: minimo de personas libres
A6: 46204 | B6: Mie | C6: =COUNTIF(Calendario!C3:I3,"") | D6: =COUNTIF(Calendario!C3:I3,"TM") | E6: =COUNTIF(Calendario!C3:I3,"TT") | F6: =COUNTIF(Calendario!C3:I3,"TN") | G6: =COUNTIF(Calendario!C3:I3,"FV") | H6: =COUNTIF(Calendario!C3:I3,"FN") | I6: =D6+E6+F6 | J6: =IF(C6>=7,"SI","") | K6: =IF(C6>=6,"SI","") | L6: =IF(C6>=5,"SI","") | M6: =IF(C6>=4,"SI","") | N6: =IF(H6=7,"SI","") | O6: =C6/7
A7: 46205 | B7: Jue | C7: =COUNTIF(Calendario!C4:I4,"") | D7: =COUNTIF(Calendario!C4:I4,"TM") | E7: =COUNTIF(Calendario!C4:I4,"TT") | F7: =COUNTIF(Calendario!C4:I4,"TN") | G7: =COUNTIF(Calendario!C4:I4,"FV") | H7: =COUNTIF(Calendario!C4:I4,"FN") | I7: =D7+E7+F7 | J7: =IF(C7>=7,"SI","") | K7: =IF(C7>=6,"SI","") | L7: =IF(C7>=5,"SI","") | M7: =IF(C7>=4,"SI","") | N7: =IF(H7=7,"SI","") | O7: =C7/7
A8: 46206 | B8: Vie | C8: =COUNTIF(Calendario!C5:I5,"") | D8: =COUNTIF(Calendario!C5:I5,"TM") | E8: =COUNTIF(Calendario!C5:I5,"TT") | F8: =COUNTIF(Calendario!C5:I5,"TN") | G8: =COUNTIF(Calendario!C5:I5,"FV") | H8: =COUNTIF(Calendario!C5:I5,"FN") | I8: =D8+E8+F8 | J8: =IF(C8>=7,"SI","") | K8: =IF(C8>=6,"SI","") | L8: =IF(C8>=5,"SI","") | M8: =IF(C8>=4,"SI","") | N8: =IF(H8=7,"SI","") | O8: =C8/7
A9: 46207 | B9: Sab | C9: =COUNTIF(Calendario!C6:I6,"") | D9: =COUNTIF(Calendario!C6:I6,"TM") | E9: =COUNTIF(Calendario!C6:I6,"TT") | F9: =COUNTIF(Calendario!C6:I6,"TN") | G9: =COUNTIF(Calendario!C6:I6,"FV") | H9: =COUNTIF(Calendario!C6:I6,"FN") | I9: =D9+E9+F9 | J9: =IF(C9>=7,"SI","") | K9: =IF(C9>=6,"SI","") | L9: =IF(C9>=5,"SI","") | M9: =IF(C9>=4,"SI","") | N9: =IF(H9=7,"SI","") | O9: =C9/7
A10: 46208 | B10: Dom | C10: =COUNTIF(Calendario!C7:I7,"") | D10: =COUNTIF(Calendario!C7:I7,"TM") | E10: =COUNTIF(Calendario!C7:I7,"TT") | F10: =COUNTIF(Calendario!C7:I7,"TN") | G10: =COUNTIF(Calendario!C7:I7,"FV") | H10: =COUNTIF(Calendario!C7:I7,"FN") | I10: =D10+E10+F10 | J10: =IF(C10>=7,"SI","") | K10: =IF(C10>=6,"SI","") | L10: =IF(C10>=5,"SI","") | M10: =IF(C10>=4,"SI","") | N10: =IF(H10=7,"SI","") | O10: =C10/7
A11: 46209 | B11: Lun | C11: =COUNTIF(Calendario!C8:I8,"") | D11: =COUNTIF(Calendario!C8:I8,"TM") | E11: =COUNTIF(Calendario!C8:I8,"TT") | F11: =COUNTIF(Calendario!C8:I8,"TN") | G11: =COUNTIF(Calendario!C8:I8,"FV") | H11: =COUNTIF(Calendario!C8:I8,"FN") | I11: =D11+E11+F11 | J11: =IF(C11>=7,"SI","") | K11: =IF(C11>=6,"SI","") | L11: =IF(C11>=5,"SI","") | M11: =IF(C11>=4,"SI","") | N11: =IF(H11=7,"SI","") | O11: =C11/7
A12: 46210 | B12: Mar | C12: =COUNTIF(Calendario!C9:I9,"") | D12: =COUNTIF(Calendario!C9:I9,"TM") | E12: =COUNTIF(Calendario!C9:I9,"TT") | F12: =COUNTIF(Calendario!C9:I9,"TN") | G12: =COUNTIF(Calendario!C9:I9,"FV") | H12: =COUNTIF(Calendario!C9:I9,"FN") | I12: =D12+E12+F12 | J12: =IF(C12>=7,"SI","") | K12: =IF(C12>=6,"SI","") | L12: =IF(C12>=5,"SI","") | M12: =IF(C12>=4,"SI","") | N12: =IF(H12=7,"SI","") | O12: =C12/7
A13: 46211 | B13: Mie | C13: =COUNTIF(Calendario!C10:I10,"") | D13: =COUNTIF(Calendario!C10:I10,"TM") | E13: =COUNTIF(Calendario!C10:I10,"TT") | F13: =COUNTIF(Calendario!C10:I10,"TN") | G13: =COUNTIF(Calendario!C10:I10,"FV") | H13: =COUNTIF(Calendario!C10:I10,"FN") | I13: =D13+E13+F13 | J13: =IF(C13>=7,"SI","") | K13: =IF(C13>=6,"SI","") | L13: =IF(C13>=5,"SI","") | M13: =IF(C13>=4,"SI","") | N13: =IF(H13=7,"SI","") | O13: =C13/7
A14: 46212 | B14: Jue | C14: =COUNTIF(Calendario!C11:I11,"") | D14: =COUNTIF(Calendario!C11:I11,"TM") | E14: =COUNTIF(Calendario!C11:I11,"TT") | F14: =COUNTIF(Calendario!C11:I11,"TN") | G14: =COUNTIF(Calendario!C11:I11,"FV") | H14: =COUNTIF(Calendario!C11:I11,"FN") | I14: =D14+E14+F14 | J14: =IF(C14>=7,"SI","") | K14: =IF(C14>=6,"SI","") | L14: =IF(C14>=5,"SI","") | M14: =IF(C14>=4,"SI","") | N14: =IF(H14=7,"SI","") | O14: =C14/7
A15: 46213 | B15: Vie | C15: =COUNTIF(Calendario!C12:I12,"") | D15: =COUNTIF(Calendario!C12:I12,"TM") | E15: =COUNTIF(Calendario!C12:I12,"TT") | F15: =COUNTIF(Calendario!C12:I12,"TN") | G15: =COUNTIF(Calendario!C12:I12,"FV") | H15: =COUNTIF(Calendario!C12:I12,"FN") | I15: =D15+E15+F15 | J15: =IF(C15>=7,"SI","") | K15: =IF(C15>=6,"SI","") | L15: =IF(C15>=5,"SI","") | M15: =IF(C15>=4,"SI","") | N15: =IF(H15=7,"SI","") | O15: =C15/7
A16: 46214 | B16: Sab | C16: =COUNTIF(Calendario!C13:I13,"") | D16: =COUNTIF(Calendario!C13:I13,"TM") | E16: =COUNTIF(Calendario!C13:I13,"TT") | F16: =COUNTIF(Calendario!C13:I13,"TN") | G16: =COUNTIF(Calendario!C13:I13,"FV") | H16: =COUNTIF(Calendario!C13:I13,"FN") | I16: =D16+E16+F16 | J16: =IF(C16>=7,"SI","") | K16: =IF(C16>=6,"SI","") | L16: =IF(C16>=5,"SI","") | M16: =IF(C16>=4,"SI","") | N16: =IF(H16=7,"SI","") | O16: =C16/7
A17: 46215 | B17: Dom | C17: =COUNTIF(Calendario!C14:I14,"") | D17: =COUNTIF(Calendario!C14:I14,"TM") | E17: =COUNTIF(Calendario!C14:I14,"TT") | F17: =COUNTIF(Calendario!C14:I14,"TN") | G17: =COUNTIF(Calendario!C14:I14,"FV") | H17: =COUNTIF(Calendario!C14:I14,"FN") | I17: =D17+E17+F17 | J17: =IF(C17>=7,"SI","") | K17: =IF(C17>=6,"SI","") | L17: =IF(C17>=5,"SI","") | M17: =IF(C17>=4,"SI","") | N17: =IF(H17=7,"SI","") | O17: =C17/7
... A36: 46234 | B36: Vie | C36: =COUNTIF(Calendario!C33:I33,"") | D36: =COUNTIF(Calendario!C33:I33,"TM") | E36: =COUNTIF(Calendario!C33:I33,"TT") | F36: =COUNTIF(Calendario!C33:I33,"TN") | G36: =COUNTIF(Calendario!C33:I33,"FV") | H36: =COUNTIF(Calendario!C33:I33,"FN") | I36: =D36+E36+F36 | J36: =IF(C36>=7,"SI","") | K36: =IF(C36>=6,"SI","") | L36: =IF(C36>=5,"SI","") | M36: =IF(C36>=4,"SI","") | N36: =IF(H36=7,"SI","") | O36: =C36/7
A37: 46235 | B37: Sab | C37: =COUNTIF(Calendario!C35:I35,"") | D37: =COUNTIF(Calendario!C35:I35,"TM") | E37: =COUNTIF(Calendario!C35:I35,"TT") | F37: =COUNTIF(Calendario!C35:I35,"TN") | G37: =COUNTIF(Calendario!C35:I35,"FV") | H37: =COUNTIF(Calendario!C35:I35,"FN") | I37: =D37+E37+F37 | J37: =IF(C37>=7,"SI","") | K37: =IF(C37>=6,"SI","") | L37: =IF(C37>=5,"SI","") | M37: =IF(C37>=4,"SI","") | N37: =IF(H37=7,"SI","") | O37: =C37/7
A38: 46236 | B38: Dom | C38: =COUNTIF(Calendario!C36:I36,"") | D38: =COUNTIF(Calendario!C36:I36,"TM") | E38: =COUNTIF(Calendario!C36:I36,"TT") | F38: =COUNTIF(Calendario!C36:I36,"TN") | G38: =COUNTIF(Calendario!C36:I36,"FV") | H38: =COUNTIF(Calendario!C36:I36,"FN") | I38: =D38+E38+F38 | J38: =IF(C38>=7,"SI","") | K38: =IF(C38>=6,"SI","") | L38: =IF(C38>=5,"SI","") | M38: =IF(C38>=4,"SI","") | N38: =IF(H38=7,"SI","") | O38: =C38/7
A39: 46237 | B39: Lun | C39: =COUNTIF(Calendario!C37:I37,"") | D39: =COUNTIF(Calendario!C37:I37,"TM") | E39: =COUNTIF(Calendario!C37:I37,"TT") | F39: =COUNTIF(Calendario!C37:I37,"TN") | G39: =COUNTIF(Calendario!C37:I37,"FV") | H39: =COUNTIF(Calendario!C37:I37,"FN") | I39: =D39+E39+F39 | J39: =IF(C39>=7,"SI","") | K39: =IF(C39>=6,"SI","") | L39: =IF(C39>=5,"SI","") | M39: =IF(C39>=4,"SI","") | N39: =IF(H39=7,"SI","") | O39: =C39/7
A40: 46238 | B40: Mar | C40: =COUNTIF(Calendario!C38:I38,"") | D40: =COUNTIF(Calendario!C38:I38,"TM") | E40: =COUNTIF(Calendario!C38:I38,"TT") | F40: =COUNTIF(Calendario!C38:I38,"TN") | G40: =COUNTIF(Calendario!C38:I38,"FV") | H40: =COUNTIF(Calendario!C38:I38,"FN") | I40: =D40+E40+F40 | J40: =IF(C40>=7,"SI","") | K40: =IF(C40>=6,"SI","") | L40: =IF(C40>=5,"SI","") | M40: =IF(C40>=4,"SI","") | N40: =IF(H40=7,"SI","") | O40: =C40/7
A41: 46239 | B41: Mie | C41: =COUNTIF(Calendario!C39:I39,"") | D41: =COUNTIF(Calendario!C39:I39,"TM") | E41: =COUNTIF(Calendario!C39:I39,"TT") | F41: =COUNTIF(Calendario!C39:I39,"TN") | G41: =COUNTIF(Calendario!C39:I39,"FV") | H41: =COUNTIF(Calendario!C39:I39,"FN") | I41: =D41+E41+F41 | J41: =IF(C41>=7,"SI","") | K41: =IF(C41>=6,"SI","") | L41: =IF(C41>=5,"SI","") | M41: =IF(C41>=4,"SI","") | N41: =IF(H41=7,"SI","") | O41: =C41/7
A42: 46240 | B42: Jue | C42: =COUNTIF(Calendario!C40:I40,"") | D42: =COUNTIF(Calendario!C40:I40,"TM") | E42: =COUNTIF(Calendario!C40:I40,"TT") | F42: =COUNTIF(Calendario!C40:I40,"TN") | G42: =COUNTIF(Calendario!C40:I40,"FV") | H42: =COUNTIF(Calendario!C40:I40,"FN") | I42: =D42+E42+F42 | J42: =IF(C42>=7,"SI","") | K42: =IF(C42>=6,"SI","") | L42: =IF(C42>=5,"SI","") | M42: =IF(C42>=4,"SI","") | N42: =IF(H42=7,"SI","") | O42: =C42/7
A43: 46241 | B43: Vie | C43: =COUNTIF(Calendario!C41:I41,"") | D43: =COUNTIF(Calendario!C41:I41,"TM") | E43: =COUNTIF(Calendario!C41:I41,"TT") | F43: =COUNTIF(Calendario!C41:I41,"TN") | G43: =COUNTIF(Calendario!C41:I41,"FV") | H43: =COUNTIF(Calendario!C41:I41,"FN") | I43: =D43+E43+F43 | J43: =IF(C43>=7,"SI","") | K43: =IF(C43>=6,"SI","") | L43: =IF(C43>=5,"SI","") | M43: =IF(C43>=4,"SI","") | N43: =IF(H43=7,"SI","") | O43: =C43/7
A44: 46242 | B44: Sab | C44: =COUNTIF(Calendario!C42:I42,"") | D44: =COUNTIF(Calendario!C42:I42,"TM") | E44: =COUNTIF(Calendario!C42:I42,"TT") | F44: =COUNTIF(Calendario!C42:I42,"TN") | G44: =COUNTIF(Calendario!C42:I42,"FV") | H44: =COUNTIF(Calendario!C42:I42,"FN") | I44: =D44+E44+F44 | J44: =IF(C44>=7,"SI","") | K44: =IF(C44>=6,"SI","") | L44: =IF(C44>=5,"SI","") | M44: =IF(C44>=4,"SI","") | N44: =IF(H44=7,"SI","") | O44: =C44/7
A45: 46243 | B45: Dom | C45: =COUNTIF(Calendario!C43:I43,"") | D45: =COUNTIF(Calendario!C43:I43,"TM") | E45: =COUNTIF(Calendario!C43:I43,"TT") | F45: =COUNTIF(Calendario!C43:I43,"TN") | G45: =COUNTIF(Calendario!C43:I43,"FV") | H45: =COUNTIF(Calendario!C43:I43,"FN") | I45: =D45+E45+F45 | J45: =IF(C45>=7,"SI","") | K45: =IF(C45>=6,"SI","") | L45: =IF(C45>=5,"SI","") | M45: =IF(C45>=4,"SI","") | N45: =IF(H45=7,"SI","") | O45: =C45/7
A46: 46244 | B46: Lun | C46: =COUNTIF(Calendario!C44:I44,"") | D46: =COUNTIF(Calendario!C44:I44,"TM") | E46: =COUNTIF(Calendario!C44:I44,"TT") | F46: =COUNTIF(Calendario!C44:I44,"TN") | G46: =COUNTIF(Calendario!C44:I44,"FV") | H46: =COUNTIF(Calendario!C44:I44,"FN") | I46: =D46+E46+F46 | J46: =IF(C46>=7,"SI","") | K46: =IF(C46>=6,"SI","") | L46: =IF(C46>=5,"SI","") | M46: =IF(C46>=4,"SI","") | N46: =IF(H46=7,"SI","") | O46: =C46/7
A47: 46245 | B47: Mar | C47: =COUNTIF(Calendario!C45:I45,"") | D47: =COUNTIF(Calendario!C45:I45,"TM") | E47: =COUNTIF(Calendario!C45:I45,"TT") | F47: =COUNTIF(Calendario!C45:I45,"TN") | G47: =COUNTIF(Calendario!C45:I45,"FV") | H47: =COUNTIF(Calendario!C45:I45,"FN") | I47: =D47+E47+F47 | J47: =IF(C47>=7,"SI","") | K47: =IF(C47>=6,"SI","") | L47: =IF(C47>=5,"SI","") | M47: =IF(C47>=4,"SI","") | N47: =IF(H47=7,"SI","") | O47: =C47/7
A48: 46246 | B48: Mie | C48: =COUNTIF(Calendario!C46:I46,"") | D48: =COUNTIF(Calendario!C46:I46,"TM") | E48: =COUNTIF(Calendario!C46:I46,"TT") | F48: =COUNTIF(Calendario!C46:I46,"TN") | G48: =COUNTIF(Calendario!C46:I46,"FV") | H48: =COUNTIF(Calendario!C46:I46,"FN") | I48: =D48+E48+F48 | J48: =IF(C48>=7,"SI","") | K48: =IF(C48>=6,"SI","") | L48: =IF(C48>=5,"SI","") | M48: =IF(C48>=4,"SI","") | N48: =IF(H48=7,"SI","") | O48: =C48/7
... A67: 46265 | B67: Lun | C67: =COUNTIF(Calendario!C65:I65,"") | D67: =COUNTIF(Calendario!C65:I65,"TM") | E67: =COUNTIF(Calendario!C65:I65,"TT") | F67: =COUNTIF(Calendario!C65:I65,"TN") | G67: =COUNTIF(Calendario!C65:I65,"FV") | H67: =COUNTIF(Calendario!C65:I65,"FN") | I67: =D67+E67+F67 | J67: =IF(C67>=7,"SI","") | K67: =IF(C67>=6,"SI","") | L67: =IF(C67>=5,"SI","") | M67: =IF(C67>=4,"SI","") | N67: =IF(H67=7,"SI","") | O67: =C67/7
A68: TOTALES | C68: =SUM(C6:C67) | D68: =SUM(D6:D67) | E68: =SUM(E6:E67) | F68: =SUM(F6:F67) | G68: =SUM(G6:G67) | H68: =SUM(H6:H67) | I68: =SUM(I6:I67) | J68: =SUM(J6:J67) | ... N68: =SUM(N6:N67) | O68: =AVERAGE(O6:O67)

Sheet Julio
A1: JULIO 2026 — Quien puede cada dia
A2: 1 | B2: 46204 | C2: Mie | D2: =TEXTJOIN(", ";TRUE,IF(Calendario!C3="","RESI",""), IF(Calendario!D3="","OSCAR",""), IF(Calendario!E3="","CLARA",""), IF(Calendario!F3="","ANNA",""), IF(Calendario!G3="","PEPE",""), IF(Calendario!H3="","IVAN",""), IF(Calendario!I3="","YERAY","")) | E2: =TEXTJOIN(", ";TRUE,IF(Calendario!C3<>"","RESI("&Calendario!C3&")",""), IF(Calendario!D3<>"","OSCAR("&Calendario!D3&")",""), IF(Calendario!E3<>"","CLARA("&Calendario!E3&")",""), IF(Calendario!F3<>"","ANNA("&Calendario!F3&")",""), IF(Calendario!G3<>"","PEPE("&Calendario!G3&")",""), IF(Calendario!H3<>"","IVAN("&Calendario!H3&")",""), IF(Calendario!I3<>"","YERAY("&Calendario!I3&")",""))
A3: 2 | B3: 46205 | C3: Jue | D3: =TEXTJOIN(", ";TRUE,IF(Calendario!C4="","RESI",""), IF(Calendario!D4="","OSCAR",""), IF(Calendario!E4="","CLARA",""), IF(Calendario!F4="","ANNA",""), IF(Calendario!G4="","PEPE",""), IF(Calendario!H4="","IVAN",""), IF(Calendario!I4="","YERAY","")) | E3: =TEXTJOIN(", ";TRUE,IF(Calendario!C4<>"","RESI("&Calendario!C4&")",""), IF(Calendario!D4<>"","OSCAR("&Calendario!D4&")",""), IF(Calendario!E4<>"","CLARA("&Calendario!E4&")",""), IF(Calendario!F4<>"","ANNA("&Calendario!F4&")",""), IF(Calendario!G4<>"","PEPE("&Calendario!G4&")",""), IF(Calendario!H4<>"","IVAN("&Calendario!H4&")",""), IF(Calendario!I4<>"","YERAY("&Calendario!I4&")",""))
A4: 3 | B4: 46206 | C4: Vie | D4: =TEXTJOIN(", ";TRUE,IF(Calendario!C5="","RESI",""), IF(Calendario!D5="","OSCAR",""), IF(Calendario!E5="","CLARA",""), IF(Calendario!F5="","ANNA",""), IF(Calendario!G5="","PEPE",""), IF(Calendario!H5="","IVAN",""), IF(Calendario!I5="","YERAY","")) | E4: =TEXTJOIN(", ";TRUE,IF(Calendario!C5<>"","RESI("&Calendario!C5&")",""), IF(Calendario!D5<>"","OSCAR("&Calendario!D5&")",""), IF(Calendario!E5<>"","CLARA("&Calendario!E5&")",""), IF(Calendario!F5<>"","ANNA("&Calendario!F5&")",""), IF(Calendario!G5<>"","PEPE("&Calendario!G5&")",""), IF(Calendario!H5<>"","IVAN("&Calendario!H5&")",""), IF(Calendario!I5<>"","YERAY("&Calendario!I5&")",""))
A5: 4 | B5: 46207 | C5: Sab | D5: =TEXTJOIN(", ";TRUE,IF(Calendario!C6="","RESI",""), IF(Calendario!D6="","OSCAR",""), IF(Calendario!E6="","CLARA",""), IF(Calendario!F6="","ANNA",""), IF(Calendario!G6="","PEPE",""), IF(Calendario!H6="","IVAN",""), IF(Calendario!I6="","YERAY","")) | E5: =TEXTJOIN(", ";TRUE,IF(Calendario!C6<>"","RESI("&Calendario!C6&")",""), IF(Calendario!D6<>"","OSCAR("&Calendario!D6&")",""), IF(Calendario!E6<>"","CLARA("&Calendario!E6&")",""), IF(Calendario!F6<>"","ANNA("&Calendario!F6&")",""), IF(Calendario!G6<>"","PEPE("&Calendario!G6&")",""), IF(Calendario!H6<>"","IVAN("&Calendario!H6&")",""), IF(Calendario!I6<>"","YERAY("&Calendario!I6&")",""))
A6: 5 | B6: 46208 | C6: Dom | D6: =TEXTJOIN(", ";TRUE,IF(Calendario!C7="","RESI",""), IF(Calendario!D7="","OSCAR",""), IF(Calendario!E7="","CLARA",""), IF(Calendario!F7="","ANNA",""), IF(Calendario!G7="","PEPE",""), IF(Calendario!H7="","IVAN",""), IF(Calendario!I7="","YERAY","")) | E6: =TEXTJOIN(", ";TRUE,IF(Calendario!C7<>"","RESI("&Calendario!C7&")",""), IF(Calendario!D7<>"","OSCAR("&Calendario!D7&")",""), IF(Calendario!E7<>"","CLARA("&Calendario!E7&")",""), IF(Calendario!F7<>"","ANNA("&Calendario!F7&")",""), IF(Calendario!G7<>"","PEPE("&Calendario!G7&")",""), IF(Calendario!H7<>"","IVAN("&Calendario!H7&")",""), IF(Calendario!I7<>"","YERAY("&Calendario!I7&")",""))
A7: 6 | B7: 46209 | C7: Lun | D7: =TEXTJOIN(", ";TRUE,IF(Calendario!C8="","RESI",""), IF(Calendario!D8="","OSCAR",""), IF(Calendario!E8="","CLARA",""), IF(Calendario!F8="","ANNA",""), IF(Calendario!G8="","PEPE",""), IF(Calendario!H8="","IVAN",""), IF(Calendario!I8="","YERAY","")) | E7: =TEXTJOIN(", ";TRUE,IF(Calendario!C8<>"","RESI("&Calendario!C8&")",""), IF(Calendario!D8<>"","OSCAR("&Calendario!D8&")",""), IF(Calendario!E8<>"","CLARA("&Calendario!E8&")",""), IF(Calendario!F8<>"","ANNA("&Calendario!F8&")",""), IF(Calendario!G8<>"","PEPE("&Calendario!G8&")",""), IF(Calendario!H8<>"","IVAN("&Calendario!H8&")",""), IF(Calendario!I8<>"","YERAY("&Calendario!I8&")",""))
A8: 7 | B8: 46210 | C8: Mar | D8: =TEXTJOIN(", ";TRUE,IF(Calendario!C9="","RESI",""), IF(Calendario!D9="","OSCAR",""), IF(Calendario!E9="","CLARA",""), IF(Calendario!F9="","ANNA",""), IF(Calendario!G9="","PEPE",""), IF(Calendario!H9="","IVAN",""), IF(Calendario!I9="","YERAY","")) | E8: =TEXTJOIN(", ";TRUE,IF(Calendario!C9<>"","RESI("&Calendario!C9&")",""), IF(Calendario!D9<>"","OSCAR("&Calendario!D9&")",""), IF(Calendario!E9<>"","CLARA("&Calendario!E9&")",""), IF(Calendario!F9<>"","ANNA("&Calendario!F9&")",""), IF(Calendario!G9<>"","PEPE("&Calendario!G9&")",""), IF(Calendario!H9<>"","IVAN("&Calendario!H9&")",""), IF(Calendario!I9<>"","YERAY("&Calendario!I9&")",""))
A9: 8 | B9: 46211 | C9: Mie | D9: =TEXTJOIN(", ";TRUE,IF(Calendario!C10="","RESI",""), IF(Calendario!D10="","OSCAR",""), IF(Calendario!E10="","CLARA",""), IF(Calendario!F10="","ANNA",""), IF(Calendario!G10="","PEPE",""), IF(Calendario!H10="","IVAN",""), IF(Calendario!I10="","YERAY","")) | E9: =TEXTJOIN(", ";TRUE,IF(Calendario!C10<>"","RESI("&Calendario!C10&")",""), IF(Calendario!D10<>"","OSCAR("&Calendario!D10&")",""), IF(Calendario!E10<>"","CLARA("&Calendario!E10&")",""), IF(Calendario!F10<>"","ANNA("&Calendario!F10&")",""), IF(Calendario!G10<>"","PEPE("&Calendario!G10&")",""), IF(Calendario!H10<>"","IVAN("&Calendario!H10&")",""), IF(Calendario!I10<>"","YERAY("&Calendario!I10&")",""))
A10: 9 | B10: 46212 | C10: Jue | D10: =TEXTJOIN(", ";TRUE,IF(Calendario!C11="","RESI",""), IF(Calendario!D11="","OSCAR",""), IF(Calendario!E11="","CLARA",""), IF(Calendario!F11="","ANNA",""), IF(Calendario!G11="","PEPE",""), IF(Calendario!H11="","IVAN",""), IF(Calendario!I11="","YERAY","")) | E10: =TEXTJOIN(", ";TRUE,IF(Calendario!C11<>"","RESI("&Calendario!C11&")",""), IF(Calendario!D11<>"","OSCAR("&Calendario!D11&")",""), IF(Calendario!E11<>"","CLARA("&Calendario!E11&")",""), IF(Calendario!F11<>"","ANNA("&Calendario!F11&")",""), IF(Calendario!G11<>"","PEPE("&Calendario!G11&")",""), IF(Calendario!H11<>"","IVAN("&Calendario!H11&")",""), IF(Calendario!I11<>"","YERAY("&Calendario!I11&")",""))
A11: 10 | B11: 46213 | C11: Vie | D11: =TEXTJOIN(", ";TRUE,IF(Calendario!C12="","RESI",""), IF(Calendario!D12="","OSCAR",""), IF(Calendario!E12="","CLARA",""), IF(Calendario!F12="","ANNA",""), IF(Calendario!G12="","PEPE",""), IF(Calendario!H12="","IVAN",""), IF(Calendario!I12="","YERAY","")) | E11: =TEXTJOIN(", ";TRUE,IF(Calendario!C12<>"","RESI("&Calendario!C12&")",""), IF(Calendario!D12<>"","OSCAR("&Calendario!D12&")",""), IF(Calendario!E12<>"","CLARA("&Calendario!E12&")",""), IF(Calendario!F12<>"","ANNA("&Calendario!F12&")",""), IF(Calendario!G12<>"","PEPE("&Calendario!G12&")",""), IF(Calendario!H12<>"","IVAN("&Calendario!H12&")",""), IF(Calendario!I12<>"","YERAY("&Calendario!I12&")",""))
A12: 11 | B12: 46214 | C12: Sab | D12: =TEXTJOIN(", ";TRUE,IF(Calendario!C13="","RESI",""), IF(Calendario!D13="","OSCAR",""), IF(Calendario!E13="","CLARA",""), IF(Calendario!F13="","ANNA",""), IF(Calendario!G13="","PEPE",""), IF(Calendario!H13="","IVAN",""), IF(Calendario!I13="","YERAY","")) | E12: =TEXTJOIN(", ";TRUE,IF(Calendario!C13<>"","RESI("&Calendario!C13&")",""), IF(Calendario!D13<>"","OSCAR("&Calendario!D13&")",""), IF(Calendario!E13<>"","CLARA("&Calendario!E13&")",""), IF(Calendario!F13<>"","ANNA("&Calendario!F13&")",""), IF(Calendario!G13<>"","PEPE("&Calendario!G13&")",""), IF(Calendario!H13<>"","IVAN("&Calendario!H13&")",""), IF(Calendario!I13<>"","YERAY("&Calendario!I13&")",""))
A13: 12 | B13: 46215 | C13: Dom | D13: =TEXTJOIN(", ";TRUE,IF(Calendario!C14="","RESI",""), IF(Calendario!D14="","OSCAR",""), IF(Calendario!E14="","CLARA",""), IF(Calendario!F14="","ANNA",""), IF(Calendario!G14="","PEPE",""), IF(Calendario!H14="","IVAN",""), IF(Calendario!I14="","YERAY","")) | E13: =TEXTJOIN(", ";TRUE,IF(Calendario!C14<>"","RESI("&Calendario!C14&")",""), IF(Calendario!D14<>"","OSCAR("&Calendario!D14&")",""), IF(Calendario!E14<>"","CLARA("&Calendario!E14&")",""), IF(Calendario!F14<>"","ANNA("&Calendario!F14&")",""), IF(Calendario!G14<>"","PEPE("&Calendario!G14&")",""), IF(Calendario!H14<>"","IVAN("&Calendario!H14&")",""), IF(Calendario!I14<>"","YERAY("&Calendario!I14&")",""))
... A32: 31 | B32: 46234 | C32: Vie | D32: =TEXTJOIN(", ";TRUE,IF(Calendario!C33="","RESI",""), IF(Calendario!D33="","OSCAR",""), IF(Calendario!E33="","CLARA",""), IF(Calendario!F33="","ANNA",""), IF(Calendario!G33="","PEPE",""), IF(Calendario!H33="","IVAN",""), IF(Calendario!I33="","YERAY","")) | E32: =TEXTJOIN(", ";TRUE,IF(Calendario!C33<>"","RESI("&Calendario!C33&")",""), IF(Calendario!D33<>"","OSCAR("&Calendario!D33&")",""), IF(Calendario!E33<>"","CLARA("&Calendario!E33&")",""), IF(Calendario!F33<>"","ANNA("&Calendario!F33&")",""), IF(Calendario!G33<>"","PEPE("&Calendario!G33&")",""), IF(Calendario!H33<>"","IVAN("&Calendario!H33&")",""), IF(Calendario!I33<>"","YERAY("&Calendario!I33&")",""))

Sheet Agosto
A1: AGOSTO 2026 — Quien puede cada dia
A2: 1 | B2: 46235 | C2: Sab | D2: =TEXTJOIN(", ";TRUE,IF(Calendario!C35="","RESI",""), IF(Calendario!D35="","OSCAR",""), IF(Calendario!E35="","CLARA",""), IF(Calendario!F35="","ANNA",""), IF(Calendario!G35="","PEPE",""), IF(Calendario!H35="","IVAN",""), IF(Calendario!I35="","YERAY","")) | E2: =TEXTJOIN(", ";TRUE,IF(Calendario!C35<>"","RESI("&Calendario!C35&")",""), IF(Calendario!D35<>"","OSCAR("&Calendario!D35&")",""), IF(Calendario!E35<>"","CLARA("&Calendario!E35&")",""), IF(Calendario!F35<>"","ANNA("&Calendario!F35&")",""), IF(Calendario!G35<>"","PEPE("&Calendario!G35&")",""), IF(Calendario!H35<>"","IVAN("&Calendario!H35&")",""), IF(Calendario!I35<>"","YERAY("&Calendario!I35&")",""))
A3: 2 | B3: 46236 | C3: Dom | D3: =TEXTJOIN(", ";TRUE,IF(Calendario!C36="","RESI",""), IF(Calendario!D36="","OSCAR",""), IF(Calendario!E36="","CLARA",""), IF(Calendario!F36="","ANNA",""), IF(Calendario!G36="","PEPE",""), IF(Calendario!H36="","IVAN",""), IF(Calendario!I36="","YERAY","")) | E3: =TEXTJOIN(", ";TRUE,IF(Calendario!C36<>"","RESI("&Calendario!C36&")",""), IF(Calendario!D36<>"","OSCAR("&Calendario!D36&")",""), IF(Calendario!E36<>"","CLARA("&Calendario!E36&")",""), IF(Calendario!F36<>"","ANNA("&Calendario!F36&")",""), IF(Calendario!G36<>"","PEPE("&Calendario!G36&")",""), IF(Calendario!H36<>"","IVAN("&Calendario!H36&")",""), IF(Calendario!I36<>"","YERAY("&Calendario!I36&")",""))
A4: 3 | B4: 46237 | C4: Lun | D4: =TEXTJOIN(", ";TRUE,IF(Calendario!C37="","RESI",""), IF(Calendario!D37="","OSCAR",""), IF(Calendario!E37="","CLARA",""), IF(Calendario!F37="","ANNA",""), IF(Calendario!G37="","PEPE",""), IF(Calendario!H37="","IVAN",""), IF(Calendario!I37="","YERAY","")) | E4: =TEXTJOIN(", ";TRUE,IF(Calendario!C37<>"","RESI("&Calendario!C37&")",""), IF(Calendario!D37<>"","OSCAR("&Calendario!D37&")",""), IF(Calendario!E37<>"","CLARA("&Calendario!E37&")",""), IF(Calendario!F37<>"","ANNA("&Calendario!F37&")",""), IF(Calendario!G37<>"","PEPE("&Calendario!G37&")",""), IF(Calendario!H37<>"","IVAN("&Calendario!H37&")",""), IF(Calendario!I37<>"","YERAY("&Calendario!I37&")",""))
A5: 4 | B5: 46238 | C5: Mar | D5: =TEXTJOIN(", ";TRUE,IF(Calendario!C38="","RESI",""), IF(Calendario!D38="","OSCAR",""), IF(Calendario!E38="","CLARA",""), IF(Calendario!F38="","ANNA",""), IF(Calendario!G38="","PEPE",""), IF(Calendario!H38="","IVAN",""), IF(Calendario!I38="","YERAY","")) | E5: =TEXTJOIN(", ";TRUE,IF(Calendario!C38<>"","RESI("&Calendario!C38&")",""), IF(Calendario!D38<>"","OSCAR("&Calendario!D38&")",""), IF(Calendario!E38<>"","CLARA("&Calendario!E38&")",""), IF(Calendario!F38<>"","ANNA("&Calendario!F38&")",""), IF(Calendario!G38<>"","PEPE("&Calendario!G38&")",""), IF(Calendario!H38<>"","IVAN("&Calendario!H38&")",""), IF(Calendario!I38<>"","YERAY("&Calendario!I38&")",""))
A6: 5 | B6: 46239 | C6: Mie | D6: =TEXTJOIN(", ";TRUE,IF(Calendario!C39="","RESI",""), IF(Calendario!D39="","OSCAR",""), IF(Calendario!E39="","CLARA",""), IF(Calendario!F39="","ANNA",""), IF(Calendario!G39="","PEPE",""), IF(Calendario!H39="","IVAN",""), IF(Calendario!I39="","YERAY","")) | E6: =TEXTJOIN(", ";TRUE,IF(Calendario!C39<>"","RESI("&Calendario!C39&")",""), IF(Calendario!D39<>"","OSCAR("&Calendario!D39&")",""), IF(Calendario!E39<>"","CLARA("&Calendario!E39&")",""), IF(Calendario!F39<>"","ANNA("&Calendario!F39&")",""), IF(Calendario!G39<>"","PEPE("&Calendario!G39&")",""), IF(Calendario!H39<>"","IVAN("&Calendario!H39&")",""), IF(Calendario!I39<>"","YERAY("&Calendario!I39&")",""))
A7: 6 | B7: 46240 | C7: Jue | D7: =TEXTJOIN(", ";TRUE,IF(Calendario!C40="","RESI",""), IF(Calendario!D40="","OSCAR",""), IF(Calendario!E40="","CLARA",""), IF(Calendario!F40="","ANNA",""), IF(Calendario!G40="","PEPE",""), IF(Calendario!H40="","IVAN",""), IF(Calendario!I40="","YERAY","")) | E7: =TEXTJOIN(", ";TRUE,IF(Calendario!C40<>"","RESI("&Calendario!C40&")",""), IF(Calendario!D40<>"","OSCAR("&Calendario!D40&")",""), IF(Calendario!E40<>"","CLARA("&Calendario!E40&")",""), IF(Calendario!F40<>"","ANNA("&Calendario!F40&")",""), IF(Calendario!G40<>"","PEPE("&Calendario!G40&")",""), IF(Calendario!H40<>"","IVAN("&Calendario!H40&")",""), IF(Calendario!I40<>"","YERAY("&Calendario!I40&")",""))
A8: 7 | B8: 46241 | C8: Vie | D8: =TEXTJOIN(", ";TRUE,IF(Calendario!C41="","RESI",""), IF(Calendario!D41="","OSCAR",""), IF(Calendario!E41="","CLARA",""), IF(Calendario!F41="","ANNA",""), IF(Calendario!G41="","PEPE",""), IF(Calendario!H41="","IVAN",""), IF(Calendario!I41="","YERAY","")) | E8: =TEXTJOIN(", ";TRUE,IF(Calendario!C41<>"","RESI("&Calendario!C41&")",""), IF(Calendario!D41<>"","OSCAR("&Calendario!D41&")",""), IF(Calendario!E41<>"","CLARA("&Calendario!E41&")",""), IF(Calendario!F41<>"","ANNA("&Calendario!F41&")",""), IF(Calendario!G41<>"","PEPE("&Calendario!G41&")",""), IF(Calendario!H41<>"","IVAN("&Calendario!H41&")",""), IF(Calendario!I41<>"","YERAY("&Calendario!I41&")",""))
A9: 8 | B9: 46242 | C9: Sab | D9: =TEXTJOIN(", ";TRUE,IF(Calendario!C42="","RESI",""), IF(Calendario!D42="","OSCAR",""), IF(Calendario!E42="","CLARA",""), IF(Calendario!F42="","ANNA",""), IF(Calendario!G42="","PEPE",""), IF(Calendario!H42="","IVAN",""), IF(Calendario!I42="","YERAY","")) | E9: =TEXTJOIN(", ";TRUE,IF(Calendario!C42<>"","RESI("&Calendario!C42&")",""), IF(Calendario!D42<>"","OSCAR("&Calendario!D42&")",""), IF(Calendario!E42<>"","CLARA("&Calendario!E42&")",""), IF(Calendario!F42<>"","ANNA("&Calendario!F42&")",""), IF(Calendario!G42<>"","PEPE("&Calendario!G42&")",""), IF(Calendario!H42<>"","IVAN("&Calendario!H42&")",""), IF(Calendario!I42<>"","YERAY("&Calendario!I42&")",""))
A10: 9 | B10: 46243 | C10: Dom | D10: =TEXTJOIN(", ";TRUE,IF(Calendario!C43="","RESI",""), IF(Calendario!D43="","OSCAR",""), IF(Calendario!E43="","CLARA",""), IF(Calendario!F43="","ANNA",""), IF(Calendario!G43="","PEPE",""), IF(Calendario!H43="","IVAN",""), IF(Calendario!I43="","YERAY","")) | E10: =TEXTJOIN(", ";TRUE,IF(Calendario!C43<>"","RESI("&Calendario!C43&")",""), IF(Calendario!D43<>"","OSCAR("&Calendario!D43&")",""), IF(Calendario!E43<>"","CLARA("&Calendario!E43&")",""), IF(Calendario!F43<>"","ANNA("&Calendario!F43&")",""), IF(Calendario!G43<>"","PEPE("&Calendario!G43&")",""), IF(Calendario!H43<>"","IVAN("&Calendario!H43&")",""), IF(Calendario!I43<>"","YERAY("&Calendario!I43&")",""))
A11: 10 | B11: 46244 | C11: Lun | D11: =TEXTJOIN(", ";TRUE,IF(Calendario!C44="","RESI",""), IF(Calendario!D44="","OSCAR",""), IF(Calendario!E44="","CLARA",""), IF(Calendario!F44="","ANNA",""), IF(Calendario!G44="","PEPE",""), IF(Calendario!H44="","IVAN",""), IF(Calendario!I44="","YERAY","")) | E11: =TEXTJOIN(", ";TRUE,IF(Calendario!C44<>"","RESI("&Calendario!C44&")",""), IF(Calendario!D44<>"","OSCAR("&Calendario!D44&")",""), IF(Calendario!E44<>"","CLARA("&Calendario!E44&")",""), IF(Calendario!F44<>"","ANNA("&Calendario!F44&")",""), IF(Calendario!G44<>"","PEPE("&Calendario!G44&")",""), IF(Calendario!H44<>"","IVAN("&Calendario!H44&")",""), IF(Calendario!I44<>"","YERAY("&Calendario!I44&")",""))
A12: 11 | B12: 46245 | C12: Mar | D12: =TEXTJOIN(", ";TRUE,IF(Calendario!C45="","RESI",""), IF(Calendario!D45="","OSCAR",""), IF(Calendario!E45="","CLARA",""), IF(Calendario!F45="","ANNA",""), IF(Calendario!G45="","PEPE",""), IF(Calendario!H45="","IVAN",""), IF(Calendario!I45="","YERAY","")) | E12: =TEXTJOIN(", ";TRUE,IF(Calendario!C45<>"","RESI("&Calendario!C45&")",""), IF(Calendario!D45<>"","OSCAR("&Calendario!D45&")",""), IF(Calendario!E45<>"","CLARA("&Calendario!E45&")",""), IF(Calendario!F45<>"","ANNA("&Calendario!F45&")",""), IF(Calendario!G45<>"","PEPE("&Calendario!G45&")",""), IF(Calendario!H45<>"","IVAN("&Calendario!H45&")",""), IF(Calendario!I45<>"","YERAY("&Calendario!I45&")",""))
A13: 12 | B13: 46246 | C13: Mie | D13: =TEXTJOIN(", ";TRUE,IF(Calendario!C46="","RESI",""), IF(Calendario!D46="","OSCAR",""), IF(Calendario!E46="","CLARA",""), IF(Calendario!F46="","ANNA",""), IF(Calendario!G46="","PEPE",""), IF(Calendario!H46="","IVAN",""), IF(Calendario!I46="","YERAY","")) | E13: =TEXTJOIN(", ";TRUE,IF(Calendario!C46<>"","RESI("&Calendario!C46&")",""), IF(Calendario!D46<>"","OSCAR("&Calendario!D46&")",""), IF(Calendario!E46<>"","CLARA("&Calendario!E46&")",""), IF(Calendario!F46<>"","ANNA("&Calendario!F46&")",""), IF(Calendario!G46<>"","PEPE("&Calendario!G46&")",""), IF(Calendario!H46<>"","IVAN("&Calendario!H46&")",""), IF(Calendario!I46<>"","YERAY("&Calendario!I46&")",""))
... A32: 31 | B32: 46265 | C32: Lun | D32: =TEXTJOIN(", ";TRUE,IF(Calendario!C65="","RESI",""), IF(Calendario!D65="","OSCAR",""), IF(Calendario!E65="","CLARA",""), IF(Calendario!F65="","ANNA",""), IF(Calendario!G65="","PEPE",""), IF(Calendario!H65="","IVAN",""), IF(Calendario!I65="","YERAY","")) | E32: =TEXTJOIN(", ";TRUE,IF(Calendario!C65<>"","RESI("&Calendario!C65&")",""), IF(Calendario!D65<>"","OSCAR("&Calendario!D65&")",""), IF(Calendario!E65<>"","CLARA("&Calendario!E65&")",""), IF(Calendario!F65<>"","ANNA("&Calendario!F65&")",""), IF(Calendario!G65<>"","PEPE("&Calendario!G65&")",""), IF(Calendario!H65<>"","IVAN("&Calendario!H65&")",""), IF(Calendario!I65<>"","YERAY("&Calendario!I65&")",""))

Sheet Cuadricula
A1: JULIO 2026
A2: Lun | B2: Mar | C2: Mie | D2: Jue | E2: Vie | F2: Sab | G2: Dom
C3: =TEXTJOIN(CHAR(10);TRUE;TEXT(Calendario!A3,"DD"),IF(Calendario!C3="";"🟢 RESI";""),IF(Calendario!C3="CL";"🟤 RESI(CL)";""),IF(Calendario!C3="FV";"🟡 RESI(FV)";""),IF(Calendario!C3="TM";"🔵 RESI(TM)";""),IF(Calendario!C3="TN";"🟣 RESI(TN)";""),IF(Calendario!C3="TT";"🟠 RESI(TT)";""),IF(Calendario!D3="";"🟢 OSCAR";""),IF(Calendario!D3="CL";"🟤 OSCAR(CL)";""),IF(Calendario!D3="FV";"🟡 OSCAR(FV)";""),IF(Calendario!D3="TM";"🔵 OSCAR(TM)";""),IF(Calendario!D3="TN";"🟣 OSCAR(TN)";""),IF(Calendario!D3="TT";"🟠 OSCAR(TT)";""),IF(Calendario!E3="";"🟢 CLARA";""),IF(Calendario!E3="CL";"🟤 CLARA(CL)";""),IF(Calendario!E3="FV";"🟡 CLARA(FV)";""),IF(Calendario!E3="TM";"🔵 CLARA(TM)";""),IF(Calendario!E3="TN";"🟣 CLARA(TN)";""),IF(Calendario!E3="TT";"🟠 CLARA(TT)";""),IF(Calendario!F3="";"🟢 ANNA";""),IF(Calendario!F3="CL";"🟤 ANNA(CL)";""),IF(Calendario!F3="FV";"🟡 ANNA(FV)";""),IF(Calendario!F3="TM";"🔵 ANNA(TM)";""),IF(Calendario!F3="TN";"🟣 ANNA(TN)";""),IF(Calendario!F3="TT";"🟠 ANNA(TT)";""),IF(Calendario!G3="";"🟢 PEPE";""),IF(Calendario!G3="CL";"🟤 PEPE(CL)";""),IF(Calendario!G3="FV";"🟡 PEPE(FV)";""),IF(Calendario!G3="TM";"🔵 PEPE(TM)";""),IF(Calendario!G3="TN";"🟣 PEPE(TN)";""),IF(Calendario!G3="TT";"🟠 PEPE(TT)";""),IF(Calendario!H3="";"🟢 IVAN";""),IF(Calendario!H3="CL";"🟤 IVAN(CL)";""),IF(Calendario!H3="FV";"🟡 IVAN(FV)";""),IF(Calendario!H3="TM";"🔵 IVAN(TM)";""),IF(Calendario!H3="TN";"🟣 IVAN(TN)";""),IF(Calendario!H3="TT";"🟠 IVAN(TT)";""),IF(Calendario!I3="";"🟢 YERAY";""),IF(Calendario!I3="CL";"🟤 YERAY(CL)";""),IF(Calendario!I3="FV";"🟡 YERAY(FV)";""),IF(Calendario!I3="TM";"🔵 YERAY(TM)";""),IF(Calendario!I3="TN";"🟣 YERAY(TN)";""),IF(Calendario!I3="TT";"🟠 YERAY(TT)";"")) | D3: =TEXTJOIN(CHAR(10);TRUE;TEXT(Calendario!A4,"DD"),IF(Calendario!C4="";"🟢 RESI";""),IF(Calendario!C4="CL";"🟤 RESI(CL)";""),IF(Calendario!C4="FV";"🟡 RESI(FV)";""),IF(Calendario!C4="TM";"🔵 RESI(TM)";""),IF(Calendario!C4="TN";"🟣 RESI(TN)";""),IF(Calendario!C4="TT";"🟠 RESI(TT)";""),IF(Calendario!D4="";"🟢 OSCAR";""),IF(Calendario!D4="CL";"🟤 OSCAR(CL)";""),IF(Calendario!D4="FV";"🟡 OSCAR(FV)";""),IF(Calendario!D4="TM";"🔵 OSCAR(TM)";""),IF(Calendario!D4="TN";"🟣 OSCAR(TN)";""),IF(Calendario!D4="TT";"🟠 OSCAR(TT)";""),IF(Calendario!E4="";"🟢 CLARA";""),IF(Calendario!E4="CL";"🟤 CLARA(CL)";""),IF(Calendario!E4="FV";"🟡 CLARA(FV)";""),IF(Calendario!E4="TM";"🔵 CLARA(TM)";""),IF(Calendario!E4="TN";"🟣 CLARA(TN)";""),IF(Calendario!E4="TT";"🟠 CLARA(TT)";""),IF(Calendario!F4="";"🟢 ANNA";""),IF(Calendario!F4="CL";"🟤 ANNA(CL)";""),IF(Calendario!F4="FV";"🟡 ANNA(FV)";""),IF(Calendario!F4="TM";"🔵 ANNA(TM)";""),IF(Calendario!F4="TN";"🟣 ANNA(TN)";""),IF(Calendario!F4="TT";"🟠 ANNA(TT)";""),IF(Calendario!G4="";"🟢 PEPE";""),IF(Calendario!G4="CL";"🟤 PEPE(CL)";""),IF(Calendario!G4="FV";"🟡 PEPE(FV)";""),IF(Calendario!G4="TM";"🔵 PEPE(TM)";""),IF(Calendario!G4="TN";"🟣 PEPE(TN)";""),IF(Calendario!G4="TT";"🟠 PEPE(TT)";""),IF(Calendario!H4="";"🟢 IVAN";""),IF(Calendario!H4="CL";"🟤 IVAN(CL)";""),IF(Calendario!H4="FV";"🟡 IVAN(FV)";""),IF(Calendario!H4="TM";"🔵 IVAN(TM)";""),IF(Calendario!H4="TN";"🟣 IVAN(TN)";""),IF(Calendario!H4="TT";"🟠 IVAN(TT)";""),IF(Calendario!I4="";"🟢 YERAY";""),IF(Calendario!I4="CL";"🟤 YERAY(CL)";""),IF(Calendario!I4="FV";"🟡 YERAY(FV)";""),IF(Calendario!I4="TM";"🔵 YERAY(TM)";""),IF(Calendario!I4="TN";"🟣 YERAY(TN)";""),IF(Calendario!I4="TT";"🟠 YERAY(TT)";"")) | E3: =TEXTJOIN(CHAR(10);TRUE;TEXT(Calendario!A5,"DD"),IF(Calendario!C5="";"🟢 RESI";""),IF(Calendario!C5="CL";"🟤 RESI(CL)";""),IF(Calendario!C5="FV";"🟡 RESI(FV)";""),IF(Calendario!C5="TM";"🔵 RESI(TM)";""),IF(Calendario!C5="TN";"🟣 RESI(TN)";""),IF(Calendario!C5="TT";"🟠 RESI(TT)";""),IF(Calendario!D5="";"🟢 OSCAR";""),IF(Calendario!D5="CL";"🟤 OSCAR(CL)";""),IF(Calendario!D5="FV";"🟡 OSCAR(FV)";""),IF(Calendario!D5="TM";"🔵 OSCAR(TM)";""),IF(Calendario!D5="TN";"🟣 OSCAR(TN)";""),IF(Calendario!D5="TT";"🟠 OSCAR(TT)";""),IF(Calendario!E5="";"🟢 CLARA";""),IF(Calendario!E5="CL";"🟤 CLARA(CL)";""),IF(Calendario!E5="FV";"🟡 CLARA(FV)";""),IF(Calendario!E5="TM";"🔵 CLARA(TM)";""),IF(Calendario!E5="TN";"🟣 CLARA(TN)";""),IF(Calendario!E5="TT";"🟠 CLARA(TT)";""),IF(Calendario!F5="";"🟢 ANNA";""),IF(Calendario!F5="CL";"🟤 ANNA(CL)";""),IF(Calendario!F5="FV";"🟡 ANNA(FV)";""),IF(Calendario!F5="TM";"🔵 ANNA(TM)";""),IF(Calendario!F5="TN";"🟣 ANNA(TN)";""),IF(Calendario!F5="TT";"🟠 ANNA(TT)";""),IF(Calendario!G5="";"🟢 PEPE";""),IF(Calendario!G5="CL";"🟤 PEPE(CL)";""),IF(Calendario!G5="FV";"🟡 PEPE(FV)";""),IF(Calendario!G5="TM";"🔵 PEPE(TM)";""),IF(Calendario!G5="TN";"🟣 PEPE(TN)";""),IF(Calendario!G5="TT";"🟠 PEPE(TT)";""),IF(Calendario!H5="";"🟢 IVAN";""),IF(Calendario!H5="CL";"🟤 IVAN(CL)";""),IF(Calendario!H5="FV";"🟡 IVAN(FV)";""),IF(Calendario!H5="TM";"🔵 IVAN(TM)";""),IF(Calendario!H5="TN";"🟣 IVAN(TN)";""),IF(Calendario!H5="TT";"🟠 IVAN(TT)";""),IF(Calendario!I5="";"🟢 YERAY";""),IF(Calendario!I5="CL";"🟤 YERAY(CL)";""),IF(Calendario!I5="FV";"🟡 YERAY(FV)";""),IF(Calendario!I5="TM";"🔵 YERAY(TM)";""),IF(Calendario!I5="TN";"🟣 YERAY(TN)";""),IF(Calendario!I5="TT";"🟠 YERAY(TT)";"")) | F3: =TEXTJOIN(CHAR(10);TRUE;TEXT(Calendario!A6,"DD"),IF(Calendario!C6="";"🟢 RESI";""),IF(Calendario!C6="CL";"🟤 RESI(CL)";""),IF(Calendario!C6="FV";"🟡 RESI(FV)";""),IF(Calendario!C6="TM";"🔵 RESI(TM)";""),IF(Calendario!C6="TN";"🟣 RESI(TN)";""),IF(Calendario!C6="TT";"🟠 RESI(TT)";""),IF(Calendario!D6="";"🟢 OSCAR";""),IF(Calendario!D6="CL";"🟤 OSCAR(CL)";""),IF(Calendario!D6="FV";"🟡 OSCAR(FV)";""),IF(Calendario!D6="TM";"🔵 OSCAR(TM)";""),IF(Calendario!D6="TN";"🟣 OSCAR(TN)";""),IF(Calendario!D6="TT";"🟠 OSCAR(TT)";""),IF(Calendario!E6="";"🟢 CLARA";""),IF(Calendario!E6="CL";"🟤 CLARA(CL)";""),IF(Calendario!E6="FV";"🟡 CLARA(FV)";""),IF(Calendario!E6="TM";"🔵 CLARA(TM)";""),IF(Calendario!E6="TN";"🟣 CLARA(TN)";""),IF(Calendario!E6="TT";"🟠 CLARA(TT)";""),IF(Calendario!F6="";"🟢 ANNA";""),IF(Calendario!F6="CL";"🟤 ANNA(CL)";""),IF(Calendario!F6="FV";"🟡 ANNA(FV)";""),IF(Calendario!F6="TM";"🔵 ANNA(TM)";""),IF(Calendario!F6="TN";"🟣 ANNA(TN)";""),IF(Calendario!F6="TT";"🟠 ANNA(TT)";""),IF(Calendario!G6="";"🟢 PEPE";""),IF(Calendario!G6="CL";"🟤 PEPE(CL)";""),IF(Calendario!G6="FV";"🟡 PEPE(FV)";""),IF(Calendario!G6="TM";"🔵 PEPE(TM)";""),IF(Calendario!G6="TN";"🟣 PEPE(TN)";""),IF(Calendario!G6="TT";"🟠 PEPE(TT)";""),IF(Calendario!H6="";"🟢 IVAN";""),IF(Calendario!H6="CL";"🟤 IVAN(CL)";""),IF(Calendario!H6="FV";"🟡 IVAN(FV)";""),IF(Calendario!H6="TM";"🔵 IVAN(TM)";""),IF(Calendario!H6="TN";"🟣 IVAN(TN)";""),IF(Calendario!H6="TT";"🟠 IVAN(TT)";""),IF(Calendario!I6="";"🟢 YERAY";""),IF(Calendario!I6="CL";"🟤 YERAY(CL)";""),IF(Calendario!I6="FV";"🟡 YERAY(FV)";""),IF(Calendario!I6="TM";"🔵 YERAY(TM)";""),IF(Calendario!I6="TN";"🟣 YERAY(TN)";""),IF(Calendario!I6="TT";"🟠 YERAY(TT)";"")) | G3: =TEXTJOIN(CHAR(10);TRUE;TEXT(Calendario!A7,"DD"),IF(Calendario!C7="";"🟢 RESI";""),IF(Calendario!C7="CL";"🟤 RESI(CL)";""),IF(Calendario!C7="FV";"🟡 RESI(FV)";""),IF(Calendario!C7="TM";"🔵 RESI(TM)";""),IF(Calendario!C7="TN";"🟣 RESI(TN)";""),IF(Calendario!C7="TT";"🟠 RESI(TT)";""),IF(Calendario!D7="";"🟢 OSCAR";""),IF(Calendario!D7="CL";"🟤 OSCAR(CL)";""),IF(Calendario!D7="FV";"🟡 OSCAR(FV)";""),IF(Calendario!D7="TM";"🔵 OSCAR(TM)";""),IF(Calendario!D7="TN";"🟣 OSCAR(TN)";""),IF(Calendario!D7="TT";"🟠 OSCAR(TT)";""),IF(Calendario!E7="";"🟢 CLARA";""),IF(Calendario!E7="CL";"🟤 CLARA(CL)";""),IF(Calendario!E7="FV";"🟡 CLARA(FV)";""),IF(Calendario!E7="TM";"🔵 CLARA(TM)";""),IF(Calendario!E7="TN";"🟣 CLARA(TN)";""),IF(Calendario!E7="TT";"🟠 CLARA(TT)";""),IF(Calendario!F7="";"🟢 ANNA";""),IF(Calendario!F7="CL";"🟤 ANNA(CL)";""),IF(Calendario!F7="FV";"🟡 ANNA(FV)";""),IF(Calendario!F7="TM";"🔵 ANNA(TM)";""),IF(Calendario!F7="TN";"🟣 ANNA(TN)";""),IF(Calendario!F7="TT";"🟠 ANNA(TT)";""),IF(Calendario!G7="";"🟢 PEPE";""),IF(Calendario!G7="CL";"🟤 PEPE(CL)";""),IF(Calendario!G7="FV";"🟡 PEPE(FV)";""),IF(Calendario!G7="TM";"🔵 PEPE(TM)";""),IF(Calendario!G7="TN";"🟣 PEPE(TN)";""),IF(Calendario!G7="TT";"🟠 PEPE(TT)";""),IF(Calendario!H7="";"🟢 IVAN";""),IF(Calendario!H7="CL";"🟤 IVAN(CL)";""),IF(Calendario!H7="FV";"🟡 IVAN(FV)";""),IF(Calendario!H7="TM";"🔵 IVAN(TM)";""),IF(Calendario!H7="TN";"🟣 IVAN(TN)";""),IF(Calendario!H7="TT";"🟠 IVAN(TT)";""),IF(Calendario!I7="";"🟢 YERAY";""),IF(Calendario!I7="CL";"🟤 YERAY(CL)";""),IF(Calendario!I7="FV";"🟡 YERAY(FV)";""),IF(Calendario!I7="TM";"🔵 YERAY(TM)";""),IF(Calendario!I7="TN";"🟣 YERAY(TN)";""),IF(Calendario!I7="TT";"🟠 YERAY(TT)";""))
A4: =TEXTJOIN(CHAR(10);TRUE;TEXT(Calendario!A8,"DD"),IF(Calendario!C8="";"🟢 RESI";""),IF(Calendario!C8="CL";"🟤 RESI(CL)";""),IF(Calendario!C8="FV";"🟡 RESI(FV)";""),IF(Calendario!C8="TM";"🔵 RESI(TM)";""),IF(Calendario!C8="TN";"🟣 RESI(TN)";""),IF(Calendario!C8="TT";"🟠 RESI(TT)";""),IF(Calendario!D8="";"🟢 OSCAR";""),IF(Calendario!D8="CL";"🟤 OSCAR(CL)";""),IF(Calendario!D8="FV";"🟡 OSCAR(FV)";""),IF(Calendario!D8="TM";"🔵 OSCAR(TM)";""),IF(Calendario!D8="TN";"🟣 OSCAR(TN)";""),IF(Calendario!D8="TT";"🟠 OSCAR(TT)";""),IF(Calendario!E8="";"🟢 CLARA";""),IF(Calendario!E8="CL";"🟤 CLARA(CL)";""),IF(Calendario!E8="FV";"🟡 CLARA(FV)";""),IF(Calendario!E8="TM";"🔵 CLARA(TM)";""),IF(Calendario!E8="TN";"🟣 CLARA(TN)";""),IF(Calendario!E8="TT";"🟠 CLARA(TT)";""),IF(Calendario!F8="";"🟢 ANNA";""),IF(Calendario!F8="CL";"🟤 ANNA(CL)";""),IF(Calendario!F8="FV";"🟡 ANNA(FV)";""),IF(Calendario!F8="TM";"🔵 ANNA(TM)";""),IF(Calendario!F8="TN";"🟣 ANNA(TN)";""),IF(Calendario!F8="TT";"🟠 ANNA(TT)";""),IF(Calendario!G8="";"🟢 PEPE";""),IF(Calendario!G8="CL";"🟤 PEPE(CL)";""),IF(Calendario!G8="FV";"🟡 PEPE(FV)";""),IF(Calendario!G8="TM";"🔵 PEPE(TM)";""),IF(Calendario!G8="TN";"🟣 PEPE(TN)";""),IF(Calendario!G8="TT";"🟠 PEPE(TT)";""),IF(Calendario!H8="";"🟢 IVAN";""),IF(Calendario!H8="CL";"🟤 IVAN(CL)";""),IF(Calendario!H8="FV";"🟡 IVAN(FV)";""),IF(Calendario!H8="TM";"🔵 IVAN(TM)";""),IF(Calendario!H8="TN";"🟣 IVAN(TN)";""),IF(Calendario!H8="TT";"🟠 IVAN(TT)";""),IF(Calendario!I8="";"🟢 YERAY";""),IF(Calendario!I8="CL";"🟤 YERAY(CL)";""),IF(Calendario!I8="FV";"🟡 YERAY(FV)";""),IF(Calendario!I8="TM";"🔵 YERAY(TM)";""),IF(Calendario!I8="TN";"🟣 YERAY(TN)";""),IF(Calendario!I8="TT";"🟠 YERAY(TT)";"")) | B4: =TEXTJOIN(CHAR(10);TRUE;TEXT(Calendario!A9,"DD"),IF(Calendario!C9="";"🟢 RESI";""),IF(Calendario!C9="CL";"🟤 RESI(CL)";""),IF(Calendario!C9="FV";"🟡 RESI(FV)";""),IF(Calendario!C9="TM";"🔵 RESI(TM)";""),IF(Calendario!C9="TN";"🟣 RESI(TN)";""),IF(Calendario!C9="TT";"🟠 RESI(TT)";""),IF(Calendario!D9="";"🟢 OSCAR";""),IF(Calendario!D9="CL";"🟤 OSCAR(CL)";""),IF(Calendario!D9="FV";"🟡 OSCAR(FV)";""),IF(Calendario!D9="TM";"🔵 OSCAR(TM)";""),IF(Calendario!D9="TN";"🟣 OSCAR(TN)";""),IF(Calendario!D9="TT";"🟠 OSCAR(TT)";""),IF(Calendario!E9="";"🟢 CLARA";""),IF(Calendario!E9="CL";"🟤 CLARA(CL)";""),IF(Calendario!E9="FV";"🟡 CLARA(FV)";""),IF(Calendario!E9="TM";"🔵 CLARA(TM)";""),IF(Calendario!E9="TN";"🟣 CLARA(TN)";""),IF(Calendario!E9="TT";"🟠 CLARA(TT)";""),IF(Calendario!F9="";"🟢 ANNA";""),IF(Calendario!F9="CL";"🟤 ANNA(CL)";""),IF(Calendario!F9="FV";"🟡 ANNA(FV)";""),IF(Calendario!F9="TM";"🔵 ANNA(TM)";""),IF(Calendario!F9="TN";"🟣 ANNA(TN)";""),IF(Calendario!F9="TT";"🟠 ANNA(TT)";""),IF(Calendario!G9="";"🟢 PEPE";""),IF(Calendario!G9="CL";"🟤 PEPE(CL)";""),IF(Calendario!G9="FV";"🟡 PEPE(FV)";""),IF(Calendario!G9="TM";"🔵 PEPE(TM)";""),IF(Calendario!G9="TN";"🟣 PEPE(TN)";""),IF(Calendario!G9="TT";"🟠 PEPE(TT)";""),IF(Calendario!H9="";"🟢 IVAN";""),IF(Calendario!H9="CL";"🟤 IVAN(CL)";""),IF(Calendario!H9="FV";"🟡 IVAN(FV)";""),IF(Calendario!H9="TM";"🔵 IVAN(TM)";""),IF(Calendario!H9="TN";"🟣 IVAN(TN)";""),IF(Calendario!H9="TT";"🟠 IVAN(TT)";""),IF(Calendario!I9="";"🟢 YERAY";""),IF(Calendario!I9="CL";"🟤 YERAY(CL)";""),IF(Calendario!I9="FV";"🟡 YERAY(FV)";""),IF(Calendario!I9="TM";"🔵 YERAY(TM)";""),IF(Calendario!I9="TN";"🟣 YERAY(TN)";""),IF(Calendario!I9="TT";"🟠 YERAY(TT)";"")) | C4: =TEXTJOIN(CHAR(10);TRUE;TEXT(Calendario!A10,"DD"),IF(Calendario!C10="";"🟢 RESI";""),IF(Calendario!C10="CL";"🟤 RESI(CL)";""),IF(Calendario!C10="FV";"🟡 RESI(FV)";""),IF(Calendario!C10="TM";"🔵 RESI(TM)";""),IF(Calendario!C10="TN";"🟣 RESI(TN)";""),IF(Calendario!C10="TT";"🟠 RESI(TT)";""),IF(Calendario!D10="";"🟢 OSCAR";""),IF(Calendario!D10="CL";"🟤 OSCAR(CL)";""),IF(Calendario!D10="FV";"🟡 OSCAR(FV)";""),IF(Calendario!D10="TM";"🔵 OSCAR(TM)";""),IF(Calendario!D10="TN";"🟣 OSCAR(TN)";""),IF(Calendario!D10="TT";"🟠 OSCAR(TT)";""),IF(Calendario!E10="";"🟢 CLARA";""),IF(Calendario!E10="CL";"🟤 CLARA(CL)";""),IF(Calendario!E10="FV";"🟡 CLARA(FV)";""),IF(Calendario!E10="TM";"🔵 CLARA(TM)";""),IF(Calendario!E10="TN";"🟣 CLARA(TN)";""),IF(Calendario!E10="TT";"🟠 CLARA(TT)";""),IF(Calendario!F10="";"🟢 ANNA";""),IF(Calendario!F10="CL";"🟤 ANNA(CL)";""),IF(Calendario!F10="FV";"🟡 ANNA(FV)";""),IF(Calendario!F10="TM";"🔵 ANNA(TM)";""),IF(Calendario!F10="TN";"🟣 ANNA(TN)";""),IF(Calendario!F10="TT";"🟠 ANNA(TT)";""),IF(Calendario!G10="";"🟢 PEPE";""),IF(Calendario!G10="CL";"🟤 PEPE(CL)";""),IF(Calendario!G10="FV";"🟡 PEPE(FV)";""),IF(Calendario!G10="TM";"🔵 PEPE(TM)";""),IF(Calendario!G10="TN";"🟣 PEPE(TN)";""),IF(Calendario!G10="TT";"🟠 PEPE(TT)";""),IF(Calendario!H10="";"🟢 IVAN";""),IF(Calendario!H10="CL";"🟤 IVAN(CL)";""),IF(Calendario!H10="FV";"🟡 IVAN(FV)";""),IF(Calendario!H10="TM";"🔵 IVAN(TM)";""),IF(Calendario!H10="TN";"🟣 IVAN(TN)";""),IF(Calendario!H10="TT";"🟠 IVAN(TT)";""),IF(Calendario!I10="";"🟢 YERAY";""),IF(Calendario!I10="CL";"🟤 YERAY(CL)";""),IF(Calendario!I10="FV";"🟡 YERAY(FV)";""),IF(Calendario!I10="TM";"🔵 YERAY(TM)";""),IF(Calendario!I10="TN";"🟣 YERAY(TN)";""),IF(Calendario!I10="TT";"🟠 YERAY(TT)";"")) | D4: =TEXTJOIN(CHAR(10);TRUE;TEXT(Calendario!A11,"DD"),IF(Calendario!C11="";"🟢 RESI";""),IF(Calendario!C11="CL";"🟤 RESI(CL)";""),IF(Calendario!C11="FV";"🟡 RESI(FV)";""),IF(Calendario!C11="TM";"🔵 RESI(TM)";""),IF(Calendario!C11="TN";"🟣 RESI(TN)";""),IF(Calendario!C11="TT";"🟠 RESI(TT)";""),IF(Calendario!D11="";"🟢 OSCAR";""),IF(Calendario!D11="CL";"🟤 OSCAR(CL)";""),IF(Calendario!D11="FV";"🟡 OSCAR(FV)";""),IF(Calendario!D11="TM";"🔵 OSCAR(TM)";""),IF(Calendario!D11="TN";"🟣 OSCAR(TN)";""),IF(Calendario!D11="TT";"🟠 OSCAR(TT)";""),IF(Calendario!E11="";"🟢 CLARA";""),IF(Calendario!E11="CL";"🟤 CLARA(CL)";""),IF(Calendario!E11="FV";"🟡 CLARA(FV)";""),IF(Calendario!E11="TM";"🔵 CLARA(TM)";""),IF(Calendario!E11="TN";"🟣 CLARA(TN)";""),IF(Calendario!E11="TT";"🟠 CLARA(TT)";""),IF(Calendario!F11="";"🟢 ANNA";""),IF(Calendario!F11="CL";"🟤 ANNA(CL)";""),IF(Calendario!F11="FV";"🟡 ANNA(FV)";""),IF(Calendario!F11="TM";"🔵 ANNA(TM)";""),IF(Calendario!F11="TN";"🟣 ANNA(TN)";""),IF(Calendario!F11="TT";"🟠 ANNA(TT)";""),IF(Calendario!G11="";"🟢 PEPE";""),IF(Calendario!G11="CL";"🟤 PEPE(CL)";""),IF(Calendario!G11="FV";"🟡 PEPE(FV)";""),IF(Calendario!G11="TM";"🔵 PEPE(TM)";""),IF(Calendario!G11="TN";"🟣 PEPE(TN)";""),IF(Calendario!G11="TT";"🟠 PEPE(TT)";""),IF(Calendario!H11="";"🟢 IVAN";""),IF(Calendario!H11="CL";"🟤 IVAN(CL)";""),IF(Calendario!H11="FV";"🟡 IVAN(FV)";""),IF(Calendario!H11="TM";"🔵 IVAN(TM)";""),IF(Calendario!H11="TN";"🟣 IVAN(TN)";""),IF(Calendario!H11="TT";"🟠 IVAN(TT)";""),IF(Calendario!I11="";"🟢 YERAY";""),IF(Calendario!I11="CL";"🟤 YERAY(CL)";""),IF(Calendario!I11="FV";"🟡 YERAY(FV)";""),IF(Calendario!I11="TM";"🔵 YERAY(TM)";""),IF(Calendario!I11="TN";"🟣 YERAY(TN)";""),IF(Calendario!I11="TT";"🟠 YERAY(TT)";"")) | E4: =TEXTJOIN(CHAR(10);TRUE;TEXT(Calendario!A12,"DD"),IF(Calendario!C12="";"🟢 RESI";""),IF(Calendario!C12="CL";"🟤 RESI(CL)";""),IF(Calendario!C12="FV";"🟡 RESI(FV)";""),IF(Calendario!C12="TM";"🔵 RESI(TM)";""),IF(Calendario!C12="TN";"🟣 RESI(TN)";""),IF(Calendario!C12="TT";"🟠 RESI(TT)";""),IF(Calendario!D12="";"🟢 OSCAR";""),IF(Calendario!D12="CL";"🟤 OSCAR(CL)";""),IF(Calendario!D12="FV";"🟡 OSCAR(FV)";""),IF(Calendario!D12="TM";"🔵 OSCAR(TM)";""),IF(Calendario!D12="TN";"🟣 OSCAR(TN)";""),IF(Calendario!D12="TT";"🟠 OSCAR(TT)";""),IF(Calendario!E12="";"🟢 CLARA";""),IF(Calendario!E12="CL";"🟤 CLARA(CL)";""),IF(Calendario!E12="FV";"🟡 CLARA(FV)";""),IF(Calendario!E12="TM";"🔵 CLARA(TM)";""),IF(Calendario!E12="TN";"🟣 CLARA(TN)";""),IF(Calendario!E12="TT";"🟠 CLARA(TT)";""),IF(Calendario!F12="";"🟢 ANNA";""),IF(Calendario!F12="CL";"🟤 ANNA(CL)";""),IF(Calendario!F12="FV";"🟡 ANNA(FV)";""),IF(Calendario!F12="TM";"🔵 ANNA(TM)";""),IF(Calendario!F12="TN";"🟣 ANNA(TN)";""),IF(Calendario!F12="TT";"🟠 ANNA(TT)";""),IF(Calendario!G12="";"🟢 PEPE";""),IF(Calendario!G12="CL";"🟤 PEPE(CL)";""),IF(Calendario!G12="FV";"🟡 PEPE(FV)";""),IF(Calendario!G12="TM";"🔵 PEPE(TM)";""),IF(Calendario!G12="TN";"🟣 PEPE(TN)";""),IF(Calendario!G12="TT";"🟠 PEPE(TT)";""),IF(Calendario!H12="";"🟢 IVAN";""),IF(Calendario!H12="CL";"🟤 IVAN(CL)";""),IF(Calendario!H12="FV";"🟡 IVAN(FV)";""),IF(Calendario!H12="TM";"🔵 IVAN(TM)";""),IF(Calendario!H12="TN";"🟣 IVAN(TN)";""),IF(Calendario!H12="TT";"🟠 IVAN(TT)";""),IF(Calendario!I12="";"🟢 YERAY";""),IF(Calendario!I12="CL";"🟤 YERAY(CL)";""),IF(Calendario!I12="FV";"🟡 YERAY(FV)";""),IF(Calendario!I12="TM";"🔵 YERAY(TM)";""),IF(Calendario!I12="TN";"🟣 YERAY(TN)";""),IF(Calendario!I12="TT";"🟠 YERAY(TT)";"")) | F4: =TEXTJOIN(CHAR(10);TRUE;TEXT(Calendario!A13,"DD"),IF(Calendario!C13="";"🟢 RESI";""),IF(Calendario!C13="CL";"🟤 RESI(CL)";""),IF(Calendario!C13="FV";"🟡 RESI(FV)";""),IF(Calendario!C13="TM";"🔵 RESI(TM)";""),IF(Calendario!C13="TN";"🟣 RESI(TN)";""),IF(Calendario!C13="TT";"🟠 RESI(TT)";""),IF(Calendario!D13="";"🟢 OSCAR";""),IF(Calendario!D13="CL";"🟤 OSCAR(CL)";""),IF(Calendario!D13="FV";"🟡 OSCAR(FV)";""),IF(Calendario!D13="TM";"🔵 OSCAR(TM)";""),IF(Calendario!D13="TN";"🟣 OSCAR(TN)";""),IF(Calendario!D13="TT";"🟠 OSCAR(TT)";""),IF(Calendario!E13="";"🟢 CLARA";""),IF(Calendario!E13="CL";"🟤 CLARA(CL)";""),IF(Calendario!E13="FV";"🟡 CLARA(FV)";""),IF(Calendario!E13="TM";"🔵 CLARA(TM)";""),IF(Calendario!E13="TN";"🟣 CLARA(TN)";""),IF(Calendario!E13="TT";"🟠 CLARA(TT)";""),IF(Calendario!F13="";"🟢 ANNA";""),IF(Calendario!F13="CL";"🟤 ANNA(CL)";""),IF(Calendario!F13="FV";"🟡 ANNA(FV)";""),IF(Calendario!F13="TM";"🔵 ANNA(TM)";""),IF(Calendario!F13="TN";"🟣 ANNA(TN)";""),IF(Calendario!F13="TT";"🟠 ANNA(TT)";""),IF(Calendario!G13="";"🟢 PEPE";""),IF(Calendario!G13="CL";"🟤 PEPE(CL)";""),IF(Calendario!G13="FV";"🟡 PEPE(FV)";""),IF(Calendario!G13="TM";"🔵 PEPE(TM)";""),IF(Calendario!G13="TN";"🟣 PEPE(TN)";""),IF(Calendario!G13="TT";"🟠 PEPE(TT)";""),IF(Calendario!H13="";"🟢 IVAN";""),IF(Calendario!H13="CL";"🟤 IVAN(CL)";""),IF(Calendario!H13="FV";"🟡 IVAN(FV)";""),IF(Calendario!H13="TM";"🔵 IVAN(TM)";""),IF(Calendario!H13="TN";"🟣 IVAN(TN)";""),IF(Calendario!H13="TT";"🟠 IVAN(TT)";""),IF(Calendario!I13="";"🟢 YERAY";""),IF(Calendario!I13="CL";"🟤 YERAY(CL)";""),IF(Calendario!I13="FV";"🟡 YERAY(FV)";""),IF(Calendario!I13="TM";"🔵 YERAY(TM)";""),IF(Calendario!I13="TN";"🟣 YERAY(TN)";""),IF(Calendario!I13="TT";"🟠 YERAY(TT)";"")) | G4: =TEXTJOIN(CHAR(10);TRUE;TEXT(Calendario!A14,"DD"),IF(Calendario!C14="";"🟢 RESI";""),IF(Calendario!C14="CL";"🟤 RESI(CL)";""),IF(Calendario!C14="FV";"🟡 RESI(FV)";""),IF(Calendario!C14="TM";"🔵 RESI(TM)";""),IF(Calendario!C14="TN";"🟣 RESI(TN)";""),IF(Calendario!C14="TT";"🟠 RESI(TT)";""),IF(Calendario!D14="";"🟢 OSCAR";""),IF(Calendario!D14="CL";"🟤 OSCAR(CL)";""),IF(Calendario!D14="FV";"🟡 OSCAR(FV)";""),IF(Calendario!D14="TM";"🔵 OSCAR(TM)";""),IF(Calendario!D14="TN";"🟣 OSCAR(TN)";""),IF(Calendario!D14="TT";"🟠 OSCAR(TT)";""),IF(Calendario!E14="";"🟢 CLARA";""),IF(Calendario!E14="CL";"🟤 CLARA(CL)";""),IF(Calendario!E14="FV";"🟡 CLARA(FV)";""),IF(Calendario!E14="TM";"🔵 CLARA(TM)";""),IF(Calendario!E14="TN";"🟣 CLARA(TN)";""),IF(Calendario!E14="TT";"🟠 CLARA(TT)";""),IF(Calendario!F14="";"🟢 ANNA";""),IF(Calendario!F14="CL";"🟤 ANNA(CL)";""),IF(Calendario!F14="FV";"🟡 ANNA(FV)";""),IF(Calendario!F14="TM";"🔵 ANNA(TM)";""),IF(Calendario!F14="TN";"🟣 ANNA(TN)";""),IF(Calendario!F14="TT";"🟠 ANNA(TT)";""),IF(Calendario!G14="";"🟢 PEPE";""),IF(Calendario!G14="CL";"🟤 PEPE(CL)";""),IF(Calendario!G14="FV";"🟡 PEPE(FV)";""),IF(Calendario!G14="TM";"🔵 PEPE(TM)";""),IF(Calendario!G14="TN";"🟣 PEPE(TN)";""),IF(Calendario!G14="TT";"🟠 PEPE(TT)";""),IF(Calendario!H14="";"🟢 IVAN";""),IF(Calendario!H14="CL";"🟤 IVAN(CL)";""),IF(Calendario!H14="FV";"🟡 IVAN(FV)";""),IF(Calendario!H14="TM";"🔵 IVAN(TM)";""),IF(Calendario!H14="TN";"🟣 IVAN(TN)";""),IF(Calendario!H14="TT";"🟠 IVAN(TT)";""),IF(Calendario!I14="";"🟢 YERAY";""),IF(Calendario!I14="CL";"🟤 YERAY(CL)";""),IF(Calendario!I14="FV";"🟡 YERAY(FV)";""),IF(Calendario!I14="TM";"🔵 YERAY(TM)";""),IF(Calendario!I14="TN";"🟣 YERAY(TN)";""),IF(Calendario!I14="TT";"🟠 YERAY(TT)";""))
A5: =TEXTJOIN(CHAR(10);TRUE;TEXT(Calendario!A15,"DD"),IF(Calendario!C15="";"🟢 RESI";""),IF(Calendario!C15="CL";"🟤 RESI(CL)";""),IF(Calendario!C15="FV";"🟡 RESI(FV)";""),IF(Calendario!C15="TM";"🔵 RESI(TM)";""),IF(Calendario!C15="TN";"🟣 RESI(TN)";""),IF(Calendario!C15="TT";"🟠 RESI(TT)";""),IF(Calendario!D15="";"🟢 OSCAR";""),IF(Calendario!D15="CL";"🟤 OSCAR(CL)";""),IF(Calendario!D15="FV";"🟡 OSCAR(FV)";""),IF(Calendario!D15="TM";"🔵 OSCAR(TM)";""),IF(Calendario!D15="TN";"🟣 OSCAR(TN)";""),IF(Calendario!D15="TT";"🟠 OSCAR(TT)";""),IF(Calendario!E15="";"🟢 CLARA";""),IF(Calendario!E15="CL";"🟤 CLARA(CL)";""),IF(Calendario!E15="FV";"🟡 CLARA(FV)";""),IF(Calendario!E15="TM";"🔵 CLARA(TM)";""),IF(Calendario!E15="TN";"🟣 CLARA(TN)";""),IF(Calendario!E15="TT";"🟠 CLARA(TT)";""),IF(Calendario!F15="";"🟢 ANNA";""),IF(Calendario!F15="CL";"🟤 ANNA(CL)";""),IF(Calendario!F15="FV";"🟡 ANNA(FV)";""),IF(Calendario!F15="TM";"🔵 ANNA(TM)";""),IF(Calendario!F15="TN";"🟣 ANNA(TN)";""),IF(Calendario!F15="TT";"🟠 ANNA(TT)";""),IF(Calendario!G15="";"🟢 PEPE";""),IF(Calendario!G15="CL";"🟤 PEPE(CL)";""),IF(Calendario!G15="FV";"🟡 PEPE(FV)";""),IF(Calendario!G15="TM";"🔵 PEPE(TM)";""),IF(Calendario!G15="TN";"🟣 PEPE(TN)";""),IF(Calendario!G15="TT";"🟠 PEPE(TT)";""),IF(Calendario!H15="";"🟢 IVAN";""),IF(Calendario!H15="CL";"🟤 IVAN(CL)";""),IF(Calendario!H15="FV";"🟡 IVAN(FV)";""),IF(Calendario!H15="TM";"🔵 IVAN(TM)";""),IF(Calendario!H15="TN";"🟣 IVAN(TN)";""),IF(Calendario!H15="TT";"🟠 IVAN(TT)";""),IF(Calendario!I15="";"🟢 YERAY";""),IF(Calendario!I15="CL";"🟤 YERAY(CL)";""),IF(Calendario!I15="FV";"🟡 YERAY(FV)";""),IF(Calendario!I15="TM";"🔵 YERAY(TM)";""),IF(Calendario!I15="TN";"🟣 YERAY(TN)";""),IF(Calendario!I15="TT";"🟠 YERAY(TT)";"")) | B5: =TEXTJOIN(CHAR(10);TRUE;TEXT(Calendario!A16,"DD"),IF(Calendario!C16="";"🟢 RESI";""),IF(Calendario!C16="CL";"🟤 RESI(CL)";""),IF(Calendario!C16="FV";"🟡 RESI(FV)";""),IF(Calendario!C16="TM";"🔵 RESI(TM)";""),IF(Calendario!C16="TN";"🟣 RESI(TN)";""),IF(Calendario!C16="TT";"🟠 RESI(TT)";""),IF(Calendario!D16="";"🟢 OSCAR";""),IF(Calendario!D16="CL";"🟤 OSCAR(CL)";""),IF(Calendario!D16="FV";"🟡 OSCAR(FV)";""),IF(Calendario!D16="TM";"🔵 OSCAR(TM)";""),IF(Calendario!D16="TN";"🟣 OSCAR(TN)";""),IF(Calendario!D16="TT";"🟠 OSCAR(TT)";""),IF(Calendario!E16="";"🟢 CLARA";""),IF(Calendario!E16="CL";"🟤 CLARA(CL)";""),IF(Calendario!E16="FV";"🟡 CLARA(FV)";""),IF(Calendario!E16="TM";"🔵 CLARA(TM)";""),IF(Calendario!E16="TN";"🟣 CLARA(TN)";""),IF(Calendario!E16="TT";"🟠 CLARA(TT)";""),IF(Calendario!F16="";"🟢 ANNA";""),IF(Calendario!F16="CL";"🟤 ANNA(CL)";""),IF(Calendario!F16="FV";"🟡 ANNA(FV)";""),IF(Calendario!F16="TM";"🔵 ANNA(TM)";""),IF(Calendario!F16="TN";"🟣 ANNA(TN)";""),IF(Calendario!F16="TT";"🟠 ANNA(TT)";""),IF(Calendario!G16="";"🟢 PEPE";""),IF(Calendario!G16="CL";"🟤 PEPE(CL)";""),IF(Calendario!G16="FV";"🟡 PEPE(FV)";""),IF(Calendario!G16="TM";"🔵 PEPE(TM)";""),IF(Calendario!G16="TN";"🟣 PEPE(TN)";""),IF(Calendario!G16="TT";"🟠 PEPE(TT)";""),IF(Calendario!H16="";"🟢 IVAN";""),IF(Calendario!H16="CL";"🟤 IVAN(CL)";""),IF(Calendario!H16="FV";"🟡 IVAN(FV)";""),IF(Calendario!H16="TM";"🔵 IVAN(TM)";""),IF(Calendario!H16="TN";"🟣 IVAN(TN)";""),IF(Calendario!H16="TT";"🟠 IVAN(TT)";""),IF(Calendario!I16="";"🟢 YERAY";""),IF(Calendario!I16="CL";"🟤 YERAY(CL)";""),IF(Calendario!I16="FV";"🟡 YERAY(FV)";""),IF(Calendario!I16="TM";"🔵 YERAY(TM)";""),IF(Calendario!I16="TN";"🟣 YERAY(TN)";""),IF(Calendario!I16="TT";"🟠 YERAY(TT)";"")) | C5: =TEXTJOIN(CHAR(10);TRUE;TEXT(Calendario!A17,"DD"),IF(Calendario!C17="";"🟢 RESI";""),IF(Calendario!C17="CL";"🟤 RESI(CL)";""),IF(Calendario!C17="FV";"🟡 RESI(FV)";""),IF(Calendario!C17="TM";"🔵 RESI(TM)";""),IF(Calendario!C17="TN";"🟣 RESI(TN)";""),IF(Calendario!C17="TT";"🟠 RESI(TT)";""),IF(Calendario!D17="";"🟢 OSCAR";""),IF(Calendario!D17="CL";"🟤 OSCAR(CL)";""),IF(Calendario!D17="FV";"🟡 OSCAR(FV)";""),IF(Calendario!D17="TM";"🔵 OSCAR(TM)";""),IF(Calendario!D17="TN";"🟣 OSCAR(TN)";""),IF(Calendario!D17="TT";"🟠 OSCAR(TT)";""),IF(Calendario!E17="";"🟢 CLARA";""),IF(Calendario!E17="CL";"🟤 CLARA(CL)";""),IF(Calendario!E17="FV";"🟡 CLARA(FV)";""),IF(Calendario!E17="TM";"🔵 CLARA(TM)";""),IF(Calendario!E17="TN";"🟣 CLARA(TN)";""),IF(Calendario!E17="TT";"🟠 CLARA(TT)";""),IF(Calendario!F17="";"🟢 ANNA";""),IF(Calendario!F17="CL";"🟤 ANNA(CL)";""),IF(Calendario!F17="FV";"🟡 ANNA(FV)";""),IF(Calendario!F17="TM";"🔵 ANNA(TM)";""),IF(Calendario!F17="TN";"🟣 ANNA(TN)";""),IF(Calendario!F17="TT";"🟠 ANNA(TT)";""),IF(Calendario!G17="";"🟢 PEPE";""),IF(Calendario!G17="CL";"🟤 PEPE(CL)";""),IF(Calendario!G17="FV";"🟡 PEPE(FV)";""),IF(Calendario!G17="TM";"🔵 PEPE(TM)";""),IF(Calendario!G17="TN";"🟣 PEPE(TN)";""),IF(Calendario!G17="TT";"🟠 PEPE(TT)";""),IF(Calendario!H17="";"🟢 IVAN";""),IF(Calendario!H17="CL";"🟤 IVAN(CL)";""),IF(Calendario!H17="FV";"🟡 IVAN(FV)";""),IF(Calendario!H17="TM";"🔵 IVAN(TM)";""),IF(Calendario!H17="TN";"🟣 IVAN(TN)";""),IF(Calendario!H17="TT";"🟠 IVAN(TT)";""),IF(Calendario!I17="";"🟢 YERAY";""),IF(Calendario!I17="CL";"🟤 YERAY(CL)";""),IF(Calendario!I17="FV";"🟡 YERAY(FV)";""),IF(Calendario!I17="TM";"🔵 YERAY(TM)";""),IF(Calendario!I17="TN";"🟣 YERAY(TN)";""),IF(Calendario!I17="TT";"🟠 YERAY(TT)";"")) | D5: =TEXTJOIN(CHAR(10);TRUE;TEXT(Calendario!A18,"DD"),IF(Calendario!C18="";"🟢 RESI";""),IF(Calendario!C18="CL";"🟤 RESI(CL)";""),IF(Calendario!C18="FV";"🟡 RESI(FV)";""),IF(Calendario!C18="TM";"🔵 RESI(TM)";""),IF(Calendario!C18="TN";"🟣 RESI(TN)";""),IF(Calendario!C18="TT";"🟠 RESI(TT)";""),IF(Calendario!D18="";"🟢 OSCAR";""),IF(Calendario!D18="CL";"🟤 OSCAR(CL)";""),IF(Calendario!D18="FV";"🟡 OSCAR(FV)";""),IF(Calendario!D18="TM";"🔵 OSCAR(TM)";""),IF(Calendario!D18="TN";"🟣 OSCAR(TN)";""),IF(Calendario!D18="TT";"🟠 OSCAR(TT)";""),IF(Calendario!E18="";"🟢 CLARA";""),IF(Calendario!E18="CL";"🟤 CLARA(CL)";""),IF(Calendario!E18="FV";"🟡 CLARA(FV)";""),IF(Calendario!E18="TM";"🔵 CLARA(TM)";""),IF(Calendario!E18="TN";"🟣 CLARA(TN)";""),IF(Calendario!E18="TT";"🟠 CLARA(TT)";""),IF(Calendario!F18="";"🟢 ANNA";""),IF(Calendario!F18="CL";"🟤 ANNA(CL)";""),IF(Calendario!F18="FV";"🟡 ANNA(FV)";""),IF(Calendario!F18="TM";"🔵 ANNA(TM)";""),IF(Calendario!F18="TN";"🟣 ANNA(TN)";""),IF(Calendario!F18="TT";"🟠 ANNA(TT)";""),IF(Calendario!G18="";"🟢 PEPE";""),IF(Calendario!G18="CL";"🟤 PEPE(CL)";""),IF(Calendario!G18="FV";"🟡 PEPE(FV)";""),IF(Calendario!G18="TM";"🔵 PEPE(TM)";""),IF(Calendario!G18="TN";"🟣 PEPE(TN)";""),IF(Calendario!G18="TT";"🟠 PEPE(TT)";""),IF(Calendario!H18="";"🟢 IVAN";""),IF(Calendario!H18="CL";"🟤 IVAN(CL)";""),IF(Calendario!H18="FV";"🟡 IVAN(FV)";""),IF(Calendario!H18="TM";"🔵 IVAN(TM)";""),IF(Calendario!H18="TN";"🟣 IVAN(TN)";""),IF(Calendario!H18="TT";"🟠 IVAN(TT)";""),IF(Calendario!I18="";"🟢 YERAY";""),IF(Calendario!I18="CL";"🟤 YERAY(CL)";""),IF(Calendario!I18="FV";"🟡 YERAY(FV)";""),IF(Calendario!I18="TM";"🔵 YERAY(TM)";""),IF(Calendario!I18="TN";"🟣 YERAY(TN)";""),IF(Calendario!I18="TT";"🟠 YERAY(TT)";"")) | E5: =TEXTJOIN(CHAR(10);TRUE;TEXT(Calendario!A19,"DD"),IF(Calendario!C19="";"🟢 RESI";""),IF(Calendario!C19="CL";"🟤 RESI(CL)";""),IF(Calendario!C19="FV";"🟡 RESI(FV)";""),IF(Calendario!C19="TM";"🔵 RESI(TM)";""),IF(Calendario!C19="TN";"🟣 RESI(TN)";""),IF(Calendario!C19="TT";"🟠 RESI(TT)";""),IF(Calendario!D19="";"🟢 OSCAR";""),IF(Calendario!D19="CL";"🟤 OSCAR(CL)";""),IF(Calendario!D19="FV";"🟡 OSCAR(FV)";""),IF(Calendario!D19="TM";"🔵 OSCAR(TM)";""),IF(Calendario!D19="TN";"🟣 OSCAR(TN)";""),IF(Calendario!D19="TT";"🟠 OSCAR(TT)";""),IF(Calendario!E19="";"🟢 CLARA";""),IF(Calendario!E19="CL";"🟤 CLARA(CL)";""),IF(Calendario!E19="FV";"🟡 CLARA(FV)";""),IF(Calendario!E19="TM";"🔵 CLARA(TM)";""),IF(Calendario!E19="TN";"🟣 CLARA(TN)";""),IF(Calendario!E19="TT";"🟠 CLARA(TT)";""),IF(Calendario!F19="";"🟢 ANNA";""),IF(Calendario!F19="CL";"🟤 ANNA(CL)";""),IF(Calendario!F19="FV";"🟡 ANNA(FV)";""),IF(Calendario!F19="TM";"🔵 ANNA(TM)";""),IF(Calendario!F19="TN";"🟣 ANNA(TN)";""),IF(Calendario!F19="TT";"🟠 ANNA(TT)";""),IF(Calendario!G19="";"🟢 PEPE";""),IF(Calendario!G19="CL";"🟤 PEPE(CL)";""),IF(Calendario!G19="FV";"🟡 PEPE(FV)";""),IF(Calendario!G19="TM";"🔵 PEPE(TM)";""),IF(Calendario!G19="TN";"🟣 PEPE(TN)";""),IF(Calendario!G19="TT";"🟠 PEPE(TT)";""),IF(Calendario!H19="";"🟢 IVAN";""),IF(Calendario!H19="CL";"🟤 IVAN(CL)";""),IF(Calendario!H19="FV";"🟡 IVAN(FV)";""),IF(Calendario!H19="TM";"🔵 IVAN(TM)";""),IF(Calendario!H19="TN";"🟣 IVAN(TN)";""),IF(Calendario!H19="TT";"🟠 IVAN(TT)";""),IF(Calendario!I19="";"🟢 YERAY";""),IF(Calendario!I19="CL";"🟤 YERAY(CL)";""),IF(Calendario!I19="FV";"🟡 YERAY(FV)";""),IF(Calendario!I19="TM";"🔵 YERAY(TM)";""),IF(Calendario!I19="TN";"🟣 YERAY(TN)";""),IF(Calendario!I19="TT";"🟠 YERAY(TT)";"")) | F5: =TEXTJOIN(CHAR(10);TRUE;TEXT(Calendario!A20,"DD"),IF(Calendario!C20="";"🟢 RESI";""),IF(Calendario!C20="CL";"🟤 RESI(CL)";""),IF(Calendario!C20="FV";"🟡 RESI(FV)";""),IF(Calendario!C20="TM";"🔵 RESI(TM)";""),IF(Calendario!C20="TN";"🟣 RESI(TN)";""),IF(Calendario!C20="TT";"🟠 RESI(TT)";""),IF(Calendario!D20="";"🟢 OSCAR";""),IF(Calendario!D20="CL";"🟤 OSCAR(CL)";""),IF(Calendario!D20="FV";"🟡 OSCAR(FV)";""),IF(Calendario!D20="TM";"🔵 OSCAR(TM)";""),IF(Calendario!D20="TN";"🟣 OSCAR(TN)";""),IF(Calendario!D20="TT";"🟠 OSCAR(TT)";""),IF(Calendario!E20="";"🟢 CLARA";""),IF(Calendario!E20="CL";"🟤 CLARA(CL)";""),IF(Calendario!E20="FV";"🟡 CLARA(FV)";""),IF(Calendario!E20="TM";"🔵 CLARA(TM)";""),IF(Calendario!E20="TN";"🟣 CLARA(TN)";""),IF(Calendario!E20="TT";"🟠 CLARA(TT)";""),IF(Calendario!F20="";"🟢 ANNA";""),IF(Calendario!F20="CL";"🟤 ANNA(CL)";""),IF(Calendario!F20="FV";"🟡 ANNA(FV)";""),IF(Calendario!F20="TM";"🔵 ANNA(TM)";""),IF(Calendario!F20="TN";"🟣 ANNA(TN)";""),IF(Calendario!F20="TT";"🟠 ANNA(TT)";""),IF(Calendario!G20="";"🟢 PEPE";""),IF(Calendario!G20="CL";"🟤 PEPE(CL)";""),IF(Calendario!G20="FV";"🟡 PEPE(FV)";""),IF(Calendario!G20="TM";"🔵 PEPE(TM)";""),IF(Calendario!G20="TN";"🟣 PEPE(TN)";""),IF(Calendario!G20="TT";"🟠 PEPE(TT)";""),IF(Calendario!H20="";"🟢 IVAN";""),IF(Calendario!H20="CL";"🟤 IVAN(CL)";""),IF(Calendario!H20="FV";"🟡 IVAN(FV)";""),IF(Calendario!H20="TM";"🔵 IVAN(TM)";""),IF(Calendario!H20="TN";"🟣 IVAN(TN)";""),IF(Calendario!H20="TT";"🟠 IVAN(TT)";""),IF(Calendario!I20="";"🟢 YERAY";""),IF(Calendario!I20="CL";"🟤 YERAY(CL)";""),IF(Calendario!I20="FV";"🟡 YERAY(FV)";""),IF(Calendario!I20="TM";"🔵 YERAY(TM)";""),IF(Calendario!I20="TN";"🟣 YERAY(TN)";""),IF(Calendario!I20="TT";"🟠 YERAY(TT)";"")) | G5: =TEXTJOIN(CHAR(10);TRUE;TEXT(Calendario!A21,"DD"),IF(Calendario!C21="";"🟢 RESI";""),IF(Calendario!C21="CL";"🟤 RESI(CL)";""),IF(Calendario!C21="FV";"🟡 RESI(FV)";""),IF(Calendario!C21="TM";"🔵 RESI(TM)";""),IF(Calendario!C21="TN";"🟣 RESI(TN)";""),IF(Calendario!C21="TT";"🟠 RESI(TT)";""),IF(Calendario!D21="";"🟢 OSCAR";""),IF(Calendario!D21="CL";"🟤 OSCAR(CL)";""),IF(Calendario!D21="FV";"🟡 OSCAR(FV)";""),IF(Calendario!D21="TM";"🔵 OSCAR(TM)";""),IF(Calendario!D21="TN";"🟣 OSCAR(TN)";""),IF(Calendario!D21="TT";"🟠 OSCAR(TT)";""),IF(Calendario!E21="";"🟢 CLARA";""),IF(Calendario!E21="CL";"🟤 CLARA(CL)";""),IF(Calendario!E21="FV";"🟡 CLARA(FV)";""),IF(Calendario!E21="TM";"🔵 CLARA(TM)";""),IF(Calendario!E21="TN";"🟣 CLARA(TN)";""),IF(Calendario!E21="TT";"🟠 CLARA(TT)";""),IF(Calendario!F21="";"🟢 ANNA";""),IF(Calendario!F21="CL";"🟤 ANNA(CL)";""),IF(Calendario!F21="FV";"🟡 ANNA(FV)";""),IF(Calendario!F21="TM";"🔵 ANNA(TM)";""),IF(Calendario!F21="TN";"🟣 ANNA(TN)";""),IF(Calendario!F21="TT";"🟠 ANNA(TT)";""),IF(Calendario!G21="";"🟢 PEPE";""),IF(Calendario!G21="CL";"🟤 PEPE(CL)";""),IF(Calendario!G21="FV";"🟡 PEPE(FV)";""),IF(Calendario!G21="TM";"🔵 PEPE(TM)";""),IF(Calendario!G21="TN";"🟣 PEPE(TN)";""),IF(Calendario!G21="TT";"🟠 PEPE(TT)";""),IF(Calendario!H21="";"🟢 IVAN";""),IF(Calendario!H21="CL";"🟤 IVAN(CL)";""),IF(Calendario!H21="FV";"🟡 IVAN(FV)";""),IF(Calendario!H21="TM";"🔵 IVAN(TM)";""),IF(Calendario!H21="TN";"🟣 IVAN(TN)";""),IF(Calendario!H21="TT";"🟠 IVAN(TT)";""),IF(Calendario!I21="";"🟢 YERAY";""),IF(Calendario!I21="CL";"🟤 YERAY(CL)";""),IF(Calendario!I21="FV";"🟡 YERAY(FV)";""),IF(Calendario!I21="TM";"🔵 YERAY(TM)";""),IF(Calendario!I21="TN";"🟣 YERAY(TN)";""),IF(Calendario!I21="TT";"🟠 YERAY(TT)";""))
A6: =TEXTJOIN(CHAR(10);TRUE;TEXT(Calendario!A22,"DD"),IF(Calendario!C22="";"🟢 RESI";""),IF(Calendario!C22="CL";"🟤 RESI(CL)";""),IF(Calendario!C22="FV";"🟡 RESI(FV)";""),IF(Calendario!C22="TM";"🔵 RESI(TM)";""),IF(Calendario!C22="TN";"🟣 RESI(TN)";""),IF(Calendario!C22="TT";"🟠 RESI(TT)";""),IF(Calendario!D22="";"🟢 OSCAR";""),IF(Calendario!D22="CL";"🟤 OSCAR(CL)";""),IF(Calendario!D22="FV";"🟡 OSCAR(FV)";""),IF(Calendario!D22="TM";"🔵 OSCAR(TM)";""),IF(Calendario!D22="TN";"🟣 OSCAR(TN)";""),IF(Calendario!D22="TT";"🟠 OSCAR(TT)";""),IF(Calendario!E22="";"🟢 CLARA";""),IF(Calendario!E22="CL";"🟤 CLARA(CL)";""),IF(Calendario!E22="FV";"🟡 CLARA(FV)";""),IF(Calendario!E22="TM";"🔵 CLARA(TM)";""),IF(Calendario!E22="TN";"🟣 CLARA(TN)";""),IF(Calendario!E22="TT";"🟠 CLARA(TT)";""),IF(Calendario!F22="";"🟢 ANNA";""),IF(Calendario!F22="CL";"🟤 ANNA(CL)";""),IF(Calendario!F22="FV";"🟡 ANNA(FV)";""),IF(Calendario!F22="TM";"🔵 ANNA(TM)";""),IF(Calendario!F22="TN";"🟣 ANNA(TN)";""),IF(Calendario!F22="TT";"🟠 ANNA(TT)";""),IF(Calendario!G22="";"🟢 PEPE";""),IF(Calendario!G22="CL";"🟤 PEPE(CL)";""),IF(Calendario!G22="FV";"🟡 PEPE(FV)";""),IF(Calendario!G22="TM";"🔵 PEPE(TM)";""),IF(Calendario!G22="TN";"🟣 PEPE(TN)";""),IF(Calendario!G22="TT";"🟠 PEPE(TT)";""),IF(Calendario!H22="";"🟢 IVAN";""),IF(Calendario!H22="CL";"🟤 IVAN(CL)";""),IF(Calendario!H22="FV";"🟡 IVAN(FV)";""),IF(Calendario!H22="TM";"🔵 IVAN(TM)";""),IF(Calendario!H22="TN";"🟣 IVAN(TN)";""),IF(Calendario!H22="TT";"🟠 IVAN(TT)";""),IF(Calendario!I22="";"🟢 YERAY";""),IF(Calendario!I22="CL";"🟤 YERAY(CL)";""),IF(Calendario!I22="FV";"🟡 YERAY(FV)";""),IF(Calendario!I22="TM";"🔵 YERAY(TM)";""),IF(Calendario!I22="TN";"🟣 YERAY(TN)";""),IF(Calendario!I22="TT";"🟠 YERAY(TT)";"")) | B6: =TEXTJOIN(CHAR(10);TRUE;TEXT(Calendario!A23,"DD"),IF(Calendario!C23="";"🟢 RESI";""),IF(Calendario!C23="CL";"🟤 RESI(CL)";""),IF(Calendario!C23="FV";"🟡 RESI(FV)";""),IF(Calendario!C23="TM";"🔵 RESI(TM)";""),IF(Calendario!C23="TN";"🟣 RESI(TN)";""),IF(Calendario!C23="TT";"🟠 RESI(TT)";""),IF(Calendario!D23="";"🟢 OSCAR";""),IF(Calendario!D23="CL";"🟤 OSCAR(CL)";""),IF(Calendario!D23="FV";"🟡 OSCAR(FV)";""),IF(Calendario!D23="TM";"🔵 OSCAR(TM)";""),IF(Calendario!D23="TN";"🟣 OSCAR(TN)";""),IF(Calendario!D23="TT";"🟠 OSCAR(TT)";""),IF(Calendario!E23="";"🟢 CLARA";""),IF(Calendario!E23="CL";"🟤 CLARA(CL)";""),IF(Calendario!E23="FV";"🟡 CLARA(FV)";""),IF(Calendario!E23="TM";"🔵 CLARA(TM)";""),IF(Calendario!E23="TN";"🟣 CLARA(TN)";""),IF(Calendario!E23="TT";"🟠 CLARA(TT)";""),IF(Calendario!F23="";"🟢 ANNA";""),IF(Calendario!F23="CL";"🟤 ANNA(CL)";""),IF(Calendario!F23="FV";"🟡 ANNA(FV)";""),IF(Calendario!F23="TM";"🔵 ANNA(TM)";""),IF(Calendario!F23="TN";"🟣 ANNA(TN)";""),IF(Calendario!F23="TT";"🟠 ANNA(TT)";""),IF(Calendario!G23="";"🟢 PEPE";""),IF(Calendario!G23="CL";"🟤 PEPE(CL)";""),IF(Calendario!G23="FV";"🟡 PEPE(FV)";""),IF(Calendario!G23="TM";"🔵 PEPE(TM)";""),IF(Calendario!G23="TN";"🟣 PEPE(TN)";""),IF(Calendario!G23="TT";"🟠 PEPE(TT)";""),IF(Calendario!H23="";"🟢 IVAN";""),IF(Calendario!H23="CL";"🟤 IVAN(CL)";""),IF(Calendario!H23="FV";"🟡 IVAN(FV)";""),IF(Calendario!H23="TM";"🔵 IVAN(TM)";""),IF(Calendario!H23="TN";"🟣 IVAN(TN)";""),IF(Calendario!H23="TT";"🟠 IVAN(TT)";""),IF(Calendario!I23="";"🟢 YERAY";""),IF(Calendario!I23="CL";"🟤 YERAY(CL)";""),IF(Calendario!I23="FV";"🟡 YERAY(FV)";""),IF(Calendario!I23="TM";"🔵 YERAY(TM)";""),IF(Calendario!I23="TN";"🟣 YERAY(TN)";""),IF(Calendario!I23="TT";"🟠 YERAY(TT)";"")) | C6: =TEXTJOIN(CHAR(10);TRUE;TEXT(Calendario!A24,"DD"),IF(Calendario!C24="";"🟢 RESI";""),IF(Calendario!C24="CL";"🟤 RESI(CL)";""),IF(Calendario!C24="FV";"🟡 RESI(FV)";""),IF(Calendario!C24="TM";"🔵 RESI(TM)";""),IF(Calendario!C24="TN";"🟣 RESI(TN)";""),IF(Calendario!C24="TT";"🟠 RESI(TT)";""),IF(Calendario!D24="";"🟢 OSCAR";""),IF(Calendario!D24="CL";"🟤 OSCAR(CL)";""),IF(Calendario!D24="FV";"🟡 OSCAR(FV)";""),IF(Calendario!D24="TM";"🔵 OSCAR(TM)";""),IF(Calendario!D24="TN";"🟣 OSCAR(TN)";""),IF(Calendario!D24="TT";"🟠 OSCAR(TT)";""),IF(Calendario!E24="";"🟢 CLARA";""),IF(Calendario!E24="CL";"🟤 CLARA(CL)";""),IF(Calendario!E24="FV";"🟡 CLARA(FV)";""),IF(Calendario!E24="TM";"🔵 CLARA(TM)";""),IF(Calendario!E24="TN";"🟣 CLARA(TN)";""),IF(Calendario!E24="TT";"🟠 CLARA(TT)";""),IF(Calendario!F24="";"🟢 ANNA";""),IF(Calendario!F24="CL";"🟤 ANNA(CL)";""),IF(Calendario!F24="FV";"🟡 ANNA(FV)";""),IF(Calendario!F24="TM";"🔵 ANNA(TM)";""),IF(Calendario!F24="TN";"🟣 ANNA(TN)";""),IF(Calendario!F24="TT";"🟠 ANNA(TT)";""),IF(Calendario!G24="";"🟢 PEPE";""),IF(Calendario!G24="CL";"🟤 PEPE(CL)";""),IF(Calendario!G24="FV";"🟡 PEPE(FV)";""),IF(Calendario!G24="TM";"🔵 PEPE(TM)";""),IF(Calendario!G24="TN";"🟣 PEPE(TN)";""),IF(Calendario!G24="TT";"🟠 PEPE(TT)";""),IF(Calendario!H24="";"🟢 IVAN";""),IF(Calendario!H24="CL";"🟤 IVAN(CL)";""),IF(Calendario!H24="FV";"🟡 IVAN(FV)";""),IF(Calendario!H24="TM";"🔵 IVAN(TM)";""),IF(Calendario!H24="TN";"🟣 IVAN(TN)";""),IF(Calendario!H24="TT";"🟠 IVAN(TT)";""),IF(Calendario!I24="";"🟢 YERAY";""),IF(Calendario!I24="CL";"🟤 YERAY(CL)";""),IF(Calendario!I24="FV";"🟡 YERAY(FV)";""),IF(Calendario!I24="TM";"🔵 YERAY(TM)";""),IF(Calendario!I24="TN";"🟣 YERAY(TN)";""),IF(Calendario!I24="TT";"🟠 YERAY(TT)";"")) | D6: =TEXTJOIN(CHAR(10);TRUE;TEXT(Calendario!A25,"DD"),IF(Calendario!C25="";"🟢 RESI";""),IF(Calendario!C25="CL";"🟤 RESI(CL)";""),IF(Calendario!C25="FV";"🟡 RESI(FV)";""),IF(Calendario!C25="TM";"🔵 RESI(TM)";""),IF(Calendario!C25="TN";"🟣 RESI(TN)";""),IF(Calendario!C25="TT";"🟠 RESI(TT)";""),IF(Calendario!D25="";"🟢 OSCAR";""),IF(Calendario!D25="CL";"🟤 OSCAR(CL)";""),IF(Calendario!D25="FV";"🟡 OSCAR(FV)";""),IF(Calendario!D25="TM";"🔵 OSCAR(TM)";""),IF(Calendario!D25="TN";"🟣 OSCAR(TN)";""),IF(Calendario!D25="TT";"🟠 OSCAR(TT)";""),IF(Calendario!E25="";"🟢 CLARA";""),IF(Calendario!E25="CL";"🟤 CLARA(CL)";""),IF(Calendario!E25="FV";"🟡 CLARA(FV)";""),IF(Calendario!E25="TM";"🔵 CLARA(TM)";""),IF(Calendario!E25="TN";"🟣 CLARA(TN)";""),IF(Calendario!E25="TT";"🟠 CLARA(TT)";""),IF(Calendario!F25="";"🟢 ANNA";""),IF(Calendario!F25="CL";"🟤 ANNA(CL)";""),IF(Calendario!F25="FV";"🟡 ANNA(FV)";""),IF(Calendario!F25="TM";"🔵 ANNA(TM)";""),IF(Calendario!F25="TN";"🟣 ANNA(TN)";""),IF(Calendario!F25="TT";"🟠 ANNA(TT)";""),IF(Calendario!G25="";"🟢 PEPE";""),IF(Calendario!G25="CL";"🟤 PEPE(CL)";""),IF(Calendario!G25="FV";"🟡 PEPE(FV)";""),IF(Calendario!G25="TM";"🔵 PEPE(TM)";""),IF(Calendario!G25="TN";"🟣 PEPE(TN)";""),IF(Calendario!G25="TT";"🟠 PEPE(TT)";""),IF(Calendario!H25="";"🟢 IVAN";""),IF(Calendario!H25="CL";"🟤 IVAN(CL)";""),IF(Calendario!H25="FV";"🟡 IVAN(FV)";""),IF(Calendario!H25="TM";"🔵 IVAN(TM)";""),IF(Calendario!H25="TN";"🟣 IVAN(TN)";""),IF(Calendario!H25="TT";"🟠 IVAN(TT)";""),IF(Calendario!I25="";"🟢 YERAY";""),IF(Calendario!I25="CL";"🟤 YERAY(CL)";""),IF(Calendario!I25="FV";"🟡 YERAY(FV)";""),IF(Calendario!I25="TM";"🔵 YERAY(TM)";""),IF(Calendario!I25="TN";"🟣 YERAY(TN)";""),IF(Calendario!I25="TT";"🟠 YERAY(TT)";"")) | E6: =TEXTJOIN(CHAR(10);TRUE;TEXT(Calendario!A26,"DD"),IF(Calendario!C26="";"🟢 RESI";""),IF(Calendario!C26="CL";"🟤 RESI(CL)";""),IF(Calendario!C26="FV";"🟡 RESI(FV)";""),IF(Calendario!C26="TM";"🔵 RESI(TM)";""),IF(Calendario!C26="TN";"🟣 RESI(TN)";""),IF(Calendario!C26="TT";"🟠 RESI(TT)";""),IF(Calendario!D26="";"🟢 OSCAR";""),IF(Calendario!D26="CL";"🟤 OSCAR(CL)";""),IF(Calendario!D26="FV";"🟡 OSCAR(FV)";""),IF(Calendario!D26="TM";"🔵 OSCAR(TM)";""),IF(Calendario!D26="TN";"🟣 OSCAR(TN)";""),IF(Calendario!D26="TT";"🟠 OSCAR(TT)";""),IF(Calendario!E26="";"🟢 CLARA";""),IF(Calendario!E26="CL";"🟤 CLARA(CL)";""),IF(Calendario!E26="FV";"🟡 CLARA(FV)";""),IF(Calendario!E26="TM";"🔵 CLARA(TM)";""),IF(Calendario!E26="TN";"🟣 CLARA(TN)";""),IF(Calendario!E26="TT";"🟠 CLARA(TT)";""),IF(Calendario!F26="";"🟢 ANNA";""),IF(Calendario!F26="CL";"🟤 ANNA(CL)";""),IF(Calendario!F26="FV";"🟡 ANNA(FV)";""),IF(Calendario!F26="TM";"🔵 ANNA(TM)";""),IF(Calendario!F26="TN";"🟣 ANNA(TN)";""),IF(Calendario!F26="TT";"🟠 ANNA(TT)";""),IF(Calendario!G26="";"🟢 PEPE";""),IF(Calendario!G26="CL";"🟤 PEPE(CL)";""),IF(Calendario!G26="FV";"🟡 PEPE(FV)";""),IF(Calendario!G26="TM";"🔵 PEPE(TM)";""),IF(Calendario!G26="TN";"🟣 PEPE(TN)";""),IF(Calendario!G26="TT";"🟠 PEPE(TT)";""),IF(Calendario!H26="";"🟢 IVAN";""),IF(Calendario!H26="CL";"🟤 IVAN(CL)";""),IF(Calendario!H26="FV";"🟡 IVAN(FV)";""),IF(Calendario!H26="TM";"🔵 IVAN(TM)";""),IF(Calendario!H26="TN";"🟣 IVAN(TN)";""),IF(Calendario!H26="TT";"🟠 IVAN(TT)";""),IF(Calendario!I26="";"🟢 YERAY";""),IF(Calendario!I26="CL";"🟤 YERAY(CL)";""),IF(Calendario!I26="FV";"🟡 YERAY(FV)";""),IF(Calendario!I26="TM";"🔵 YERAY(TM)";""),IF(Calendario!I26="TN";"🟣 YERAY(TN)";""),IF(Calendario!I26="TT";"🟠 YERAY(TT)";"")) | F6: =TEXTJOIN(CHAR(10);TRUE;TEXT(Calendario!A27,"DD"),IF(Calendario!C27="";"🟢 RESI";""),IF(Calendario!C27="CL";"🟤 RESI(CL)";""),IF(Calendario!C27="FV";"🟡 RESI(FV)";""),IF(Calendario!C27="TM";"🔵 RESI(TM)";""),IF(Calendario!C27="TN";"🟣 RESI(TN)";""),IF(Calendario!C27="TT";"🟠 RESI(TT)";""),IF(Calendario!D27="";"🟢 OSCAR";""),IF(Calendario!D27="CL";"🟤 OSCAR(CL)";""),IF(Calendario!D27="FV";"🟡 OSCAR(FV)";""),IF(Calendario!D27="TM";"🔵 OSCAR(TM)";""),IF(Calendario!D27="TN";"🟣 OSCAR(TN)";""),IF(Calendario!D27="TT";"🟠 OSCAR(TT)";""),IF(Calendario!E27="";"🟢 CLARA";""),IF(Calendario!E27="CL";"🟤 CLARA(CL)";""),IF(Calendario!E27="FV";"🟡 CLARA(FV)";""),IF(Calendario!E27="TM";"🔵 CLARA(TM)";""),IF(Calendario!E27="TN";"🟣 CLARA(TN)";""),IF(Calendario!E27="TT";"🟠 CLARA(TT)";""),IF(Calendario!F27="";"🟢 ANNA";""),IF(Calendario!F27="CL";"🟤 ANNA(CL)";""),IF(Calendario!F27="FV";"🟡 ANNA(FV)";""),IF(Calendario!F27="TM";"🔵 ANNA(TM)";""),IF(Calendario!F27="TN";"🟣 ANNA(TN)";""),IF(Calendario!F27="TT";"🟠 ANNA(TT)";""),IF(Calendario!G27="";"🟢 PEPE";""),IF(Calendario!G27="CL";"🟤 PEPE(CL)";""),IF(Calendario!G27="FV";"🟡 PEPE(FV)";""),IF(Calendario!G27="TM";"🔵 PEPE(TM)";""),IF(Calendario!G27="TN";"🟣 PEPE(TN)";""),IF(Calendario!G27="TT";"🟠 PEPE(TT)";""),IF(Calendario!H27="";"🟢 IVAN";""),IF(Calendario!H27="CL";"🟤 IVAN(CL)";""),IF(Calendario!H27="FV";"🟡 IVAN(FV)";""),IF(Calendario!H27="TM";"🔵 IVAN(TM)";""),IF(Calendario!H27="TN";"🟣 IVAN(TN)";""),IF(Calendario!H27="TT";"🟠 IVAN(TT)";""),IF(Calendario!I27="";"🟢 YERAY";""),IF(Calendario!I27="CL";"🟤 YERAY(CL)";""),IF(Calendario!I27="FV";"🟡 YERAY(FV)";""),IF(Calendario!I27="TM";"🔵 YERAY(TM)";""),IF(Calendario!I27="TN";"🟣 YERAY(TN)";""),IF(Calendario!I27="TT";"🟠 YERAY(TT)";"")) | G6: =TEXTJOIN(CHAR(10);TRUE;TEXT(Calendario!A28,"DD"),IF(Calendario!C28="";"🟢 RESI";""),IF(Calendario!C28="CL";"🟤 RESI(CL)";""),IF(Calendario!C28="FV";"🟡 RESI(FV)";""),IF(Calendario!C28="TM";"🔵 RESI(TM)";""),IF(Calendario!C28="TN";"🟣 RESI(TN)";""),IF(Calendario!C28="TT";"🟠 RESI(TT)";""),IF(Calendario!D28="";"🟢 OSCAR";""),IF(Calendario!D28="CL";"🟤 OSCAR(CL)";""),IF(Calendario!D28="FV";"🟡 OSCAR(FV)";""),IF(Calendario!D28="TM";"🔵 OSCAR(TM)";""),IF(Calendario!D28="TN";"🟣 OSCAR(TN)";""),IF(Calendario!D28="TT";"🟠 OSCAR(TT)";""),IF(Calendario!E28="";"🟢 CLARA";""),IF(Calendario!E28="CL";"🟤 CLARA(CL)";""),IF(Calendario!E28="FV";"🟡 CLARA(FV)";""),IF(Calendario!E28="TM";"🔵 CLARA(TM)";""),IF(Calendario!E28="TN";"🟣 CLARA(TN)";""),IF(Calendario!E28="TT";"🟠 CLARA(TT)";""),IF(Calendario!F28="";"🟢 ANNA";""),IF(Calendario!F28="CL";"🟤 ANNA(CL)";""),IF(Calendario!F28="FV";"🟡 ANNA(FV)";""),IF(Calendario!F28="TM";"🔵 ANNA(TM)";""),IF(Calendario!F28="TN";"🟣 ANNA(TN)";""),IF(Calendario!F28="TT";"🟠 ANNA(TT)";""),IF(Calendario!G28="";"🟢 PEPE";""),IF(Calendario!G28="CL";"🟤 PEPE(CL)";""),IF(Calendario!G28="FV";"🟡 PEPE(FV)";""),IF(Calendario!G28="TM";"🔵 PEPE(TM)";""),IF(Calendario!G28="TN";"🟣 PEPE(TN)";""),IF(Calendario!G28="TT";"🟠 PEPE(TT)";""),IF(Calendario!H28="";"🟢 IVAN";""),IF(Calendario!H28="CL";"🟤 IVAN(CL)";""),IF(Calendario!H28="FV";"🟡 IVAN(FV)";""),IF(Calendario!H28="TM";"🔵 IVAN(TM)";""),IF(Calendario!H28="TN";"🟣 IVAN(TN)";""),IF(Calendario!H28="TT";"🟠 IVAN(TT)";""),IF(Calendario!I28="";"🟢 YERAY";""),IF(Calendario!I28="CL";"🟤 YERAY(CL)";""),IF(Calendario!I28="FV";"🟡 YERAY(FV)";""),IF(Calendario!I28="TM";"🔵 YERAY(TM)";""),IF(Calendario!I28="TN";"🟣 YERAY(TN)";""),IF(Calendario!I28="TT";"🟠 YERAY(TT)";""))
A7: =TEXTJOIN(CHAR(10);TRUE;TEXT(Calendario!A29,"DD"),IF(Calendario!C29="";"🟢 RESI";""),IF(Calendario!C29="CL";"🟤 RESI(CL)";""),IF(Calendario!C29="FV";"🟡 RESI(FV)";""),IF(Calendario!C29="TM";"🔵 RESI(TM)";""),IF(Calendario!C29="TN";"🟣 RESI(TN)";""),IF(Calendario!C29="TT";"🟠 RESI(TT)";""),IF(Calendario!D29="";"🟢 OSCAR";""),IF(Calendario!D29="CL";"🟤 OSCAR(CL)";""),IF(Calendario!D29="FV";"🟡 OSCAR(FV)";""),IF(Calendario!D29="TM";"🔵 OSCAR(TM)";""),IF(Calendario!D29="TN";"🟣 OSCAR(TN)";""),IF(Calendario!D29="TT";"🟠 OSCAR(TT)";""),IF(Calendario!E29="";"🟢 CLARA";""),IF(Calendario!E29="CL";"🟤 CLARA(CL)";""),IF(Calendario!E29="FV";"🟡 CLARA(FV)";""),IF(Calendario!E29="TM";"🔵 CLARA(TM)";""),IF(Calendario!E29="TN";"🟣 CLARA(TN)";""),IF(Calendario!E29="TT";"🟠 CLARA(TT)";""),IF(Calendario!F29="";"🟢 ANNA";""),IF(Calendario!F29="CL";"🟤 ANNA(CL)";""),IF(Calendario!F29="FV";"🟡 ANNA(FV)";""),IF(Calendario!F29="TM";"🔵 ANNA(TM)";""),IF(Calendario!F29="TN";"🟣 ANNA(TN)";""),IF(Calendario!F29="TT";"🟠 ANNA(TT)";""),IF(Calendario!G29="";"🟢 PEPE";""),IF(Calendario!G29="CL";"🟤 PEPE(CL)";""),IF(Calendario!G29="FV";"🟡 PEPE(FV)";""),IF(Calendario!G29="TM";"🔵 PEPE(TM)";""),IF(Calendario!G29="TN";"🟣 PEPE(TN)";""),IF(Calendario!G29="TT";"🟠 PEPE(TT)";""),IF(Calendario!H29="";"🟢 IVAN";""),IF(Calendario!H29="CL";"🟤 IVAN(CL)";""),IF(Calendario!H29="FV";"🟡 IVAN(FV)";""),IF(Calendario!H29="TM";"🔵 IVAN(TM)";""),IF(Calendario!H29="TN";"🟣 IVAN(TN)";""),IF(Calendario!H29="TT";"🟠 IVAN(TT)";""),IF(Calendario!I29="";"🟢 YERAY";""),IF(Calendario!I29="CL";"🟤 YERAY(CL)";""),IF(Calendario!I29="FV";"🟡 YERAY(FV)";""),IF(Calendario!I29="TM";"🔵 YERAY(TM)";""),IF(Calendario!I29="TN";"🟣 YERAY(TN)";""),IF(Calendario!I29="TT";"🟠 YERAY(TT)";"")) | B7: =TEXTJOIN(CHAR(10);TRUE;TEXT(Calendario!A30,"DD"),IF(Calendario!C30="";"🟢 RESI";""),IF(Calendario!C30="CL";"🟤 RESI(CL)";""),IF(Calendario!C30="FV";"🟡 RESI(FV)";""),IF(Calendario!C30="TM";"🔵 RESI(TM)";""),IF(Calendario!C30="TN";"🟣 RESI(TN)";""),IF(Calendario!C30="TT";"🟠 RESI(TT)";""),IF(Calendario!D30="";"🟢 OSCAR";""),IF(Calendario!D30="CL";"🟤 OSCAR(CL)";""),IF(Calendario!D30="FV";"🟡 OSCAR(FV)";""),IF(Calendario!D30="TM";"🔵 OSCAR(TM)";""),IF(Calendario!D30="TN";"🟣 OSCAR(TN)";""),IF(Calendario!D30="TT";"🟠 OSCAR(TT)";""),IF(Calendario!E30="";"🟢 CLARA";""),IF(Calendario!E30="CL";"🟤 CLARA(CL)";""),IF(Calendario!E30="FV";"🟡 CLARA(FV)";""),IF(Calendario!E30="TM";"🔵 CLARA(TM)";""),IF(Calendario!E30="TN";"🟣 CLARA(TN)";""),IF(Calendario!E30="TT";"🟠 CLARA(TT)";""),IF(Calendario!F30="";"🟢 ANNA";""),IF(Calendario!F30="CL";"🟤 ANNA(CL)";""),IF(Calendario!F30="FV";"🟡 ANNA(FV)";""),IF(Calendario!F30="TM";"🔵 ANNA(TM)";""),IF(Calendario!F30="TN";"🟣 ANNA(TN)";""),IF(Calendario!F30="TT";"🟠 ANNA(TT)";""),IF(Calendario!G30="";"🟢 PEPE";""),IF(Calendario!G30="CL";"🟤 PEPE(CL)";""),IF(Calendario!G30="FV";"🟡 PEPE(FV)";""),IF(Calendario!G30="TM";"🔵 PEPE(TM)";""),IF(Calendario!G30="TN";"🟣 PEPE(TN)";""),IF(Calendario!G30="TT";"🟠 PEPE(TT)";""),IF(Calendario!H30="";"🟢 IVAN";""),IF(Calendario!H30="CL";"🟤 IVAN(CL)";""),IF(Calendario!H30="FV";"🟡 IVAN(FV)";""),IF(Calendario!H30="TM";"🔵 IVAN(TM)";""),IF(Calendario!H30="TN";"🟣 IVAN(TN)";""),IF(Calendario!H30="TT";"🟠 IVAN(TT)";""),IF(Calendario!I30="";"🟢 YERAY";""),IF(Calendario!I30="CL";"🟤 YERAY(CL)";""),IF(Calendario!I30="FV";"🟡 YERAY(FV)";""),IF(Calendario!I30="TM";"🔵 YERAY(TM)";""),IF(Calendario!I30="TN";"🟣 YERAY(TN)";""),IF(Calendario!I30="TT";"🟠 YERAY(TT)";"")) | C7: =TEXTJOIN(CHAR(10);TRUE;TEXT(Calendario!A31,"DD"),IF(Calendario!C31="";"🟢 RESI";""),IF(Calendario!C31="CL";"🟤 RESI(CL)";""),IF(Calendario!C31="FV";"🟡 RESI(FV)";""),IF(Calendario!C31="TM";"🔵 RESI(TM)";""),IF(Calendario!C31="TN";"🟣 RESI(TN)";""),IF(Calendario!C31="TT";"🟠 RESI(TT)";""),IF(Calendario!D31="";"🟢 OSCAR";""),IF(Calendario!D31="CL";"🟤 OSCAR(CL)";""),IF(Calendario!D31="FV";"🟡 OSCAR(FV)";""),IF(Calendario!D31="TM";"🔵 OSCAR(TM)";""),IF(Calendario!D31="TN";"🟣 OSCAR(TN)";""),IF(Calendario!D31="TT";"🟠 OSCAR(TT)";""),IF(Calendario!E31="";"🟢 CLARA";""),IF(Calendario!E31="CL";"🟤 CLARA(CL)";""),IF(Calendario!E31="FV";"🟡 CLARA(FV)";""),IF(Calendario!E31="TM";"🔵 CLARA(TM)";""),IF(Calendario!E31="TN";"🟣 CLARA(TN)";""),IF(Calendario!E31="TT";"🟠 CLARA(TT)";""),IF(Calendario!F31="";"🟢 ANNA";""),IF(Calendario!F31="CL";"🟤 ANNA(CL)";""),IF(Calendario!F31="FV";"🟡 ANNA(FV)";""),IF(Calendario!F31="TM";"🔵 ANNA(TM)";""),IF(Calendario!F31="TN";"🟣 ANNA(TN)";""),IF(Calendario!F31="TT";"🟠 ANNA(TT)";""),IF(Calendario!G31="";"🟢 PEPE";""),IF(Calendario!G31="CL";"🟤 PEPE(CL)";""),IF(Calendario!G31="FV";"🟡 PEPE(FV)";""),IF(Calendario!G31="TM";"🔵 PEPE(TM)";""),IF(Calendario!G31="TN";"🟣 PEPE(TN)";""),IF(Calendario!G31="TT";"🟠 PEPE(TT)";""),IF(Calendario!H31="";"🟢 IVAN";""),IF(Calendario!H31="CL";"🟤 IVAN(CL)";""),IF(Calendario!H31="FV";"🟡 IVAN(FV)";""),IF(Calendario!H31="TM";"🔵 IVAN(TM)";""),IF(Calendario!H31="TN";"🟣 IVAN(TN)";""),IF(Calendario!H31="TT";"🟠 IVAN(TT)";""),IF(Calendario!I31="";"🟢 YERAY";""),IF(Calendario!I31="CL";"🟤 YERAY(CL)";""),IF(Calendario!I31="FV";"🟡 YERAY(FV)";""),IF(Calendario!I31="TM";"🔵 YERAY(TM)";""),IF(Calendario!I31="TN";"🟣 YERAY(TN)";""),IF(Calendario!I31="TT";"🟠 YERAY(TT)";"")) | D7: =TEXTJOIN(CHAR(10);TRUE;TEXT(Calendario!A32,"DD"),IF(Calendario!C32="";"🟢 RESI";""),IF(Calendario!C32="CL";"🟤 RESI(CL)";""),IF(Calendario!C32="FV";"🟡 RESI(FV)";""),IF(Calendario!C32="TM";"🔵 RESI(TM)";""),IF(Calendario!C32="TN";"🟣 RESI(TN)";""),IF(Calendario!C32="TT";"🟠 RESI(TT)";""),IF(Calendario!D32="";"🟢 OSCAR";""),IF(Calendario!D32="CL";"🟤 OSCAR(CL)";""),IF(Calendario!D32="FV";"🟡 OSCAR(FV)";""),IF(Calendario!D32="TM";"🔵 OSCAR(TM)";""),IF(Calendario!D32="TN";"🟣 OSCAR(TN)";""),IF(Calendario!D32="TT";"🟠 OSCAR(TT)";""),IF(Calendario!E32="";"🟢 CLARA";""),IF(Calendario!E32="CL";"🟤 CLARA(CL)";""),IF(Calendario!E32="FV";"🟡 CLARA(FV)";""),IF(Calendario!E32="TM";"🔵 CLARA(TM)";""),IF(Calendario!E32="TN";"🟣 CLARA(TN)";""),IF(Calendario!E32="TT";"🟠 CLARA(TT)";""),IF(Calendario!F32="";"🟢 ANNA";""),IF(Calendario!F32="CL";"🟤 ANNA(CL)";""),IF(Calendario!F32="FV";"🟡 ANNA(FV)";""),IF(Calendario!F32="TM";"🔵 ANNA(TM)";""),IF(Calendario!F32="TN";"🟣 ANNA(TN)";""),IF(Calendario!F32="TT";"🟠 ANNA(TT)";""),IF(Calendario!G32="";"🟢 PEPE";""),IF(Calendario!G32="CL";"🟤 PEPE(CL)";""),IF(Calendario!G32="FV";"🟡 PEPE(FV)";""),IF(Calendario!G32="TM";"🔵 PEPE(TM)";""),IF(Calendario!G32="TN";"🟣 PEPE(TN)";""),IF(Calendario!G32="TT";"🟠 PEPE(TT)";""),IF(Calendario!H32="";"🟢 IVAN";""),IF(Calendario!H32="CL";"🟤 IVAN(CL)";""),IF(Calendario!H32="FV";"🟡 IVAN(FV)";""),IF(Calendario!H32="TM";"🔵 IVAN(TM)";""),IF(Calendario!H32="TN";"🟣 IVAN(TN)";""),IF(Calendario!H32="TT";"🟠 IVAN(TT)";""),IF(Calendario!I32="";"🟢 YERAY";""),IF(Calendario!I32="CL";"🟤 YERAY(CL)";""),IF(Calendario!I32="FV";"🟡 YERAY(FV)";""),IF(Calendario!I32="TM";"🔵 YERAY(TM)";""),IF(Calendario!I32="TN";"🟣 YERAY(TN)";""),IF(Calendario!I32="TT";"🟠 YERAY(TT)";"")) | E7: =TEXTJOIN(CHAR(10);TRUE;TEXT(Calendario!A33,"DD"),IF(Calendario!C33="";"🟢 RESI";""),IF(Calendario!C33="CL";"🟤 RESI(CL)";""),IF(Calendario!C33="FV";"🟡 RESI(FV)";""),IF(Calendario!C33="TM";"🔵 RESI(TM)";""),IF(Calendario!C33="TN";"🟣 RESI(TN)";""),IF(Calendario!C33="TT";"🟠 RESI(TT)";""),IF(Calendario!D33="";"🟢 OSCAR";""),IF(Calendario!D33="CL";"🟤 OSCAR(CL)";""),IF(Calendario!D33="FV";"🟡 OSCAR(FV)";""),IF(Calendario!D33="TM";"🔵 OSCAR(TM)";""),IF(Calendario!D33="TN";"🟣 OSCAR(TN)";""),IF(Calendario!D33="TT";"🟠 OSCAR(TT)";""),IF(Calendario!E33="";"🟢 CLARA";""),IF(Calendario!E33="CL";"🟤 CLARA(CL)";""),IF(Calendario!E33="FV";"🟡 CLARA(FV)";""),IF(Calendario!E33="TM";"🔵 CLARA(TM)";""),IF(Calendario!E33="TN";"🟣 CLARA(TN)";""),IF(Calendario!E33="TT";"🟠 CLARA(TT)";""),IF(Calendario!F33="";"🟢 ANNA";""),IF(Calendario!F33="CL";"🟤 ANNA(CL)";""),IF(Calendario!F33="FV";"🟡 ANNA(FV)";""),IF(Calendario!F33="TM";"🔵 ANNA(TM)";""),IF(Calendario!F33="TN";"🟣 ANNA(TN)";""),IF(Calendario!F33="TT";"🟠 ANNA(TT)";""),IF(Calendario!G33="";"🟢 PEPE";""),IF(Calendario!G33="CL";"🟤 PEPE(CL)";""),IF(Calendario!G33="FV";"🟡 PEPE(FV)";""),IF(Calendario!G33="TM";"🔵 PEPE(TM)";""),IF(Calendario!G33="TN";"🟣 PEPE(TN)";""),IF(Calendario!G33="TT";"🟠 PEPE(TT)";""),IF(Calendario!H33="";"🟢 IVAN";""),IF(Calendario!H33="CL";"🟤 IVAN(CL)";""),IF(Calendario!H33="FV";"🟡 IVAN(FV)";""),IF(Calendario!H33="TM";"🔵 IVAN(TM)";""),IF(Calendario!H33="TN";"🟣 IVAN(TN)";""),IF(Calendario!H33="TT";"🟠 IVAN(TT)";""),IF(Calendario!I33="";"🟢 YERAY";""),IF(Calendario!I33="CL";"🟤 YERAY(CL)";""),IF(Calendario!I33="FV";"🟡 YERAY(FV)";""),IF(Calendario!I33="TM";"🔵 YERAY(TM)";""),IF(Calendario!I33="TN";"🟣 YERAY(TN)";""),IF(Calendario!I33="TT";"🟠 YERAY(TT)";""))
A10: AGOSTO 2026
A11: Lun | B11: Mar | C11: Mie | D11: Jue | E11: Vie | F11: Sab | G11: Dom
F12: =TEXTJOIN(CHAR(10);TRUE;TEXT(Calendario!A35,"DD"),IF(Calendario!C35="";"🟢 RESI";""),IF(Calendario!C35="CL";"🟤 RESI(CL)";""),IF(Calendario!C35="FV";"🟡 RESI(FV)";""),IF(Calendario!C35="TM";"🔵 RESI(TM)";""),IF(Calendario!C35="TN";"🟣 RESI(TN)";""),IF(Calendario!C35="TT";"🟠 RESI(TT)";""),IF(Calendario!D35="";"🟢 OSCAR";""),IF(Calendario!D35="CL";"🟤 OSCAR(CL)";""),IF(Calendario!D35="FV";"🟡 OSCAR(FV)";""),IF(Calendario!D35="TM";"🔵 OSCAR(TM)";""),IF(Calendario!D35="TN";"🟣 OSCAR(TN)";""),IF(Calendario!D35="TT";"🟠 OSCAR(TT)";""),IF(Calendario!E35="";"🟢 CLARA";""),IF(Calendario!E35="CL";"🟤 CLARA(CL)";""),IF(Calendario!E35="FV";"🟡 CLARA(FV)";""),IF(Calendario!E35="TM";"🔵 CLARA(TM)";""),IF(Calendario!E35="TN";"🟣 CLARA(TN)";""),IF(Calendario!E35="TT";"🟠 CLARA(TT)";""),IF(Calendario!F35="";"🟢 ANNA";""),IF(Calendario!F35="CL";"🟤 ANNA(CL)";""),IF(Calendario!F35="FV";"🟡 ANNA(FV)";""),IF(Calendario!F35="TM";"🔵 ANNA(TM)";""),IF(Calendario!F35="TN";"🟣 ANNA(TN)";""),IF(Calendario!F35="TT";"🟠 ANNA(TT)";""),IF(Calendario!G35="";"🟢 PEPE";""),IF(Calendario!G35="CL";"🟤 PEPE(CL)";""),IF(Calendario!G35="FV";"🟡 PEPE(FV)";""),IF(Calendario!G35="TM";"🔵 PEPE(TM)";""),IF(Calendario!G35="TN";"🟣 PEPE(TN)";""),IF(Calendario!G35="TT";"🟠 PEPE(TT)";""),IF(Calendario!H35="";"🟢 IVAN";""),IF(Calendario!H35="CL";"🟤 IVAN(CL)";""),IF(Calendario!H35="FV";"🟡 IVAN(FV)";""),IF(Calendario!H35="TM";"🔵 IVAN(TM)";""),IF(Calendario!H35="TN";"🟣 IVAN(TN)";""),IF(Calendario!H35="TT";"🟠 IVAN(TT)";""),IF(Calendario!I35="";"🟢 YERAY";""),IF(Calendario!I35="CL";"🟤 YERAY(CL)";""),IF(Calendario!I35="FV";"🟡 YERAY(FV)";""),IF(Calendario!I35="TM";"🔵 YERAY(TM)";""),IF(Calendario!I35="TN";"🟣 YERAY(TN)";""),IF(Calendario!I35="TT";"🟠 YERAY(TT)";"")) | G12: =TEXTJOIN(CHAR(10);TRUE;TEXT(Calendario!A36,"DD"),IF(Calendario!C36="";"🟢 RESI";""),IF(Calendario!C36="CL";"🟤 RESI(CL)";""),IF(Calendario!C36="FV";"🟡 RESI(FV)";""),IF(Calendario!C36="TM";"🔵 RESI(TM)";""),IF(Calendario!C36="TN";"🟣 RESI(TN)";""),IF(Calendario!C36="TT";"🟠 RESI(TT)";""),IF(Calendario!D36="";"🟢 OSCAR";""),IF(Calendario!D36="CL";"🟤 OSCAR(CL)";""),IF(Calendario!D36="FV";"🟡 OSCAR(FV)";""),IF(Calendario!D36="TM";"🔵 OSCAR(TM)";""),IF(Calendario!D36="TN";"🟣 OSCAR(TN)";""),IF(Calendario!D36="TT";"🟠 OSCAR(TT)";""),IF(Calendario!E36="";"🟢 CLARA";""),IF(Calendario!E36="CL";"🟤 CLARA(CL)";""),IF(Calendario!E36="FV";"🟡 CLARA(FV)";""),IF(Calendario!E36="TM";"🔵 CLARA(TM)";""),IF(Calendario!E36="TN";"🟣 CLARA(TN)";""),IF(Calendario!E36="TT";"🟠 CLARA(TT)";""),IF(Calendario!F36="";"🟢 ANNA";""),IF(Calendario!F36="CL";"🟤 ANNA(CL)";""),IF(Calendario!F36="FV";"🟡 ANNA(FV)";""),IF(Calendario!F36="TM";"🔵 ANNA(TM)";""),IF(Calendario!F36="TN";"🟣 ANNA(TN)";""),IF(Calendario!F36="TT";"🟠 ANNA(TT)";""),IF(Calendario!G36="";"🟢 PEPE";""),IF(Calendario!G36="CL";"🟤 PEPE(CL)";""),IF(Calendario!G36="FV";"🟡 PEPE(FV)";""),IF(Calendario!G36="TM";"🔵 PEPE(TM)";""),IF(Calendario!G36="TN";"🟣 PEPE(TN)";""),IF(Calendario!G36="TT";"🟠 PEPE(TT)";""),IF(Calendario!H36="";"🟢 IVAN";""),IF(Calendario!H36="CL";"🟤 IVAN(CL)";""),IF(Calendario!H36="FV";"🟡 IVAN(FV)";""),IF(Calendario!H36="TM";"🔵 IVAN(TM)";""),IF(Calendario!H36="TN";"🟣 IVAN(TN)";""),IF(Calendario!H36="TT";"🟠 IVAN(TT)";""),IF(Calendario!I36="";"🟢 YERAY";""),IF(Calendario!I36="CL";"🟤 YERAY(CL)";""),IF(Calendario!I36="FV";"🟡 YERAY(FV)";""),IF(Calendario!I36="TM";"🔵 YERAY(TM)";""),IF(Calendario!I36="TN";"🟣 YERAY(TN)";""),IF(Calendario!I36="TT";"🟠 YERAY(TT)";""))
A13: =TEXTJOIN(CHAR(10);TRUE;TEXT(Calendario!A37,"DD"),IF(Calendario!C37="";"🟢 RESI";""),IF(Calendario!C37="CL";"🟤 RESI(CL)";""),IF(Calendario!C37="FV";"🟡 RESI(FV)";""),IF(Calendario!C37="TM";"🔵 RESI(TM)";""),IF(Calendario!C37="TN";"🟣 RESI(TN)";""),IF(Calendario!C37="TT";"🟠 RESI(TT)";""),IF(Calendario!D37="";"🟢 OSCAR";""),IF(Calendario!D37="CL";"🟤 OSCAR(CL)";""),IF(Calendario!D37="FV";"🟡 OSCAR(FV)";""),IF(Calendario!D37="TM";"🔵 OSCAR(TM)";""),IF(Calendario!D37="TN";"🟣 OSCAR(TN)";""),IF(Calendario!D37="TT";"🟠 OSCAR(TT)";""),IF(Calendario!E37="";"🟢 CLARA";""),IF(Calendario!E37="CL";"🟤 CLARA(CL)";""),IF(Calendario!E37="FV";"🟡 CLARA(FV)";""),IF(Calendario!E37="TM";"🔵 CLARA(TM)";""),IF(Calendario!E37="TN";"🟣 CLARA(TN)";""),IF(Calendario!E37="TT";"🟠 CLARA(TT)";""),IF(Calendario!F37="";"🟢 ANNA";""),IF(Calendario!F37="CL";"🟤 ANNA(CL)";""),IF(Calendario!F37="FV";"🟡 ANNA(FV)";""),IF(Calendario!F37="TM";"🔵 ANNA(TM)";""),IF(Calendario!F37="TN";"🟣 ANNA(TN)";""),IF(Calendario!F37="TT";"🟠 ANNA(TT)";""),IF(Calendario!G37="";"🟢 PEPE";""),IF(Calendario!G37="CL";"🟤 PEPE(CL)";""),IF(Calendario!G37="FV";"🟡 PEPE(FV)";""),IF(Calendario!G37="TM";"🔵 PEPE(TM)";""),IF(Calendario!G37="TN";"🟣 PEPE(TN)";""),IF(Calendario!G37="TT";"🟠 PEPE(TT)";""),IF(Calendario!H37="";"🟢 IVAN";""),IF(Calendario!H37="CL";"🟤 IVAN(CL)";""),IF(Calendario!H37="FV";"🟡 IVAN(FV)";""),IF(Calendario!H37="TM";"🔵 IVAN(TM)";""),IF(Calendario!H37="TN";"🟣 IVAN(TN)";""),IF(Calendario!H37="TT";"🟠 IVAN(TT)";""),IF(Calendario!I37="";"🟢 YERAY";""),IF(Calendario!I37="CL";"🟤 YERAY(CL)";""),IF(Calendario!I37="FV";"🟡 YERAY(FV)";""),IF(Calendario!I37="TM";"🔵 YERAY(TM)";""),IF(Calendario!I37="TN";"🟣 YERAY(TN)";""),IF(Calendario!I37="TT";"🟠 YERAY(TT)";"")) | B13: =TEXTJOIN(CHAR(10);TRUE;TEXT(Calendario!A38,"DD"),IF(Calendario!C38="";"🟢 RESI";""),IF(Calendario!C38="CL";"🟤 RESI(CL)";""),IF(Calendario!C38="FV";"🟡 RESI(FV)";""),IF(Calendario!C38="TM";"🔵 RESI(TM)";""),IF(Calendario!C38="TN";"🟣 RESI(TN)";""),IF(Calendario!C38="TT";"🟠 RESI(TT)";""),IF(Calendario!D38="";"🟢 OSCAR";""),IF(Calendario!D38="CL";"🟤 OSCAR(CL)";""),IF(Calendario!D38="FV";"🟡 OSCAR(FV)";""),IF(Calendario!D38="TM";"🔵 OSCAR(TM)";""),IF(Calendario!D38="TN";"🟣 OSCAR(TN)";""),IF(Calendario!D38="TT";"🟠 OSCAR(TT)";""),IF(Calendario!E38="";"🟢 CLARA";""),IF(Calendario!E38="CL";"🟤 CLARA(CL)";""),IF(Calendario!E38="FV";"🟡 CLARA(FV)";""),IF(Calendario!E38="TM";"🔵 CLARA(TM)";""),IF(Calendario!E38="TN";"🟣 CLARA(TN)";""),IF(Calendario!E38="TT";"🟠 CLARA(TT)";""),IF(Calendario!F38="";"🟢 ANNA";""),IF(Calendario!F38="CL";"🟤 ANNA(CL)";""),IF(Calendario!F38="FV";"🟡 ANNA(FV)";""),IF(Calendario!F38="TM";"🔵 ANNA(TM)";""),IF(Calendario!F38="TN";"🟣 ANNA(TN)";""),IF(Calendario!F38="TT";"🟠 ANNA(TT)";""),IF(Calendario!G38="";"🟢 PEPE";""),IF(Calendario!G38="CL";"🟤 PEPE(CL)";""),IF(Calendario!G38="FV";"🟡 PEPE(FV)";""),IF(Calendario!G38="TM";"🔵 PEPE(TM)";""),IF(Calendario!G38="TN";"🟣 PEPE(TN)";""),IF(Calendario!G38="TT";"🟠 PEPE(TT)";""),IF(Calendario!H38="";"🟢 IVAN";""),IF(Calendario!H38="CL";"🟤 IVAN(CL)";""),IF(Calendario!H38="FV";"🟡 IVAN(FV)";""),IF(Calendario!H38="TM";"🔵 IVAN(TM)";""),IF(Calendario!H38="TN";"🟣 IVAN(TN)";""),IF(Calendario!H38="TT";"🟠 IVAN(TT)";""),IF(Calendario!I38="";"🟢 YERAY";""),IF(Calendario!I38="CL";"🟤 YERAY(CL)";""),IF(Calendario!I38="FV";"🟡 YERAY(FV)";""),IF(Calendario!I38="TM";"🔵 YERAY(TM)";""),IF(Calendario!I38="TN";"🟣 YERAY(TN)";""),IF(Calendario!I38="TT";"🟠 YERAY(TT)";"")) | C13: =TEXTJOIN(CHAR(10);TRUE;TEXT(Calendario!A39,"DD"),IF(Calendario!C39="";"🟢 RESI";""),IF(Calendario!C39="CL";"🟤 RESI(CL)";""),IF(Calendario!C39="FV";"🟡 RESI(FV)";""),IF(Calendario!C39="TM";"🔵 RESI(TM)";""),IF(Calendario!C39="TN";"🟣 RESI(TN)";""),IF(Calendario!C39="TT";"🟠 RESI(TT)";""),IF(Calendario!D39="";"🟢 OSCAR";""),IF(Calendario!D39="CL";"🟤 OSCAR(CL)";""),IF(Calendario!D39="FV";"🟡 OSCAR(FV)";""),IF(Calendario!D39="TM";"🔵 OSCAR(TM)";""),IF(Calendario!D39="TN";"🟣 OSCAR(TN)";""),IF(Calendario!D39="TT";"🟠 OSCAR(TT)";""),IF(Calendario!E39="";"🟢 CLARA";""),IF(Calendario!E39="CL";"🟤 CLARA(CL)";""),IF(Calendario!E39="FV";"🟡 CLARA(FV)";""),IF(Calendario!E39="TM";"🔵 CLARA(TM)";""),IF(Calendario!E39="TN";"🟣 CLARA(TN)";""),IF(Calendario!E39="TT";"🟠 CLARA(TT)";""),IF(Calendario!F39="";"🟢 ANNA";""),IF(Calendario!F39="CL";"🟤 ANNA(CL)";""),IF(Calendario!F39="FV";"🟡 ANNA(FV)";""),IF(Calendario!F39="TM";"🔵 ANNA(TM)";""),IF(Calendario!F39="TN";"🟣 ANNA(TN)";""),IF(Calendario!F39="TT";"🟠 ANNA(TT)";""),IF(Calendario!G39="";"🟢 PEPE";""),IF(Calendario!G39="CL";"🟤 PEPE(CL)";""),IF(Calendario!G39="FV";"🟡 PEPE(FV)";""),IF(Calendario!G39="TM";"🔵 PEPE(TM)";""),IF(Calendario!G39="TN";"🟣 PEPE(TN)";""),IF(Calendario!G39="TT";"🟠 PEPE(TT)";""),IF(Calendario!H39="";"🟢 IVAN";""),IF(Calendario!H39="CL";"🟤 IVAN(CL)";""),IF(Calendario!H39="FV";"🟡 IVAN(FV)";""),IF(Calendario!H39="TM";"🔵 IVAN(TM)";""),IF(Calendario!H39="TN";"🟣 IVAN(TN)";""),IF(Calendario!H39="TT";"🟠 IVAN(TT)";""),IF(Calendario!I39="";"🟢 YERAY";""),IF(Calendario!I39="CL";"🟤 YERAY(CL)";""),IF(Calendario!I39="FV";"🟡 YERAY(FV)";""),IF(Calendario!I39="TM";"🔵 YERAY(TM)";""),IF(Calendario!I39="TN";"🟣 YERAY(TN)";""),IF(Calendario!I39="TT";"🟠 YERAY(TT)";"")) | D13: =TEXTJOIN(CHAR(10);TRUE;TEXT(Calendario!A40,"DD"),IF(Calendario!C40="";"🟢 RESI";""),IF(Calendario!C40="CL";"🟤 RESI(CL)";""),IF(Calendario!C40="FV";"🟡 RESI(FV)";""),IF(Calendario!C40="TM";"🔵 RESI(TM)";""),IF(Calendario!C40="TN";"🟣 RESI(TN)";""),IF(Calendario!C40="TT";"🟠 RESI(TT)";""),IF(Calendario!D40="";"🟢 OSCAR";""),IF(Calendario!D40="CL";"🟤 OSCAR(CL)";""),IF(Calendario!D40="FV";"🟡 OSCAR(FV)";""),IF(Calendario!D40="TM";"🔵 OSCAR(TM)";""),IF(Calendario!D40="TN";"🟣 OSCAR(TN)";""),IF(Calendario!D40="TT";"🟠 OSCAR(TT)";""),IF(Calendario!E40="";"🟢 CLARA";""),IF(Calendario!E40="CL";"🟤 CLARA(CL)";""),IF(Calendario!E40="FV";"🟡 CLARA(FV)";""),IF(Calendario!E40="TM";"🔵 CLARA(TM)";""),IF(Calendario!E40="TN";"🟣 CLARA(TN)";""),IF(Calendario!E40="TT";"🟠 CLARA(TT)";""),IF(Calendario!F40="";"🟢 ANNA";""),IF(Calendario!F40="CL";"🟤 ANNA(CL)";""),IF(Calendario!F40="FV";"🟡 ANNA(FV)";""),IF(Calendario!F40="TM";"🔵 ANNA(TM)";""),IF(Calendario!F40="TN";"🟣 ANNA(TN)";""),IF(Calendario!F40="TT";"🟠 ANNA(TT)";""),IF(Calendario!G40="";"🟢 PEPE";""),IF(Calendario!G40="CL";"🟤 PEPE(CL)";""),IF(Calendario!G40="FV";"🟡 PEPE(FV)";""),IF(Calendario!G40="TM";"🔵 PEPE(TM)";""),IF(Calendario!G40="TN";"🟣 PEPE(TN)";""),IF(Calendario!G40="TT";"🟠 PEPE(TT)";""),IF(Calendario!H40="";"🟢 IVAN";""),IF(Calendario!H40="CL";"🟤 IVAN(CL)";""),IF(Calendario!H40="FV";"🟡 IVAN(FV)";""),IF(Calendario!H40="TM";"🔵 IVAN(TM)";""),IF(Calendario!H40="TN";"🟣 IVAN(TN)";""),IF(Calendario!H40="TT";"🟠 IVAN(TT)";""),IF(Calendario!I40="";"🟢 YERAY";""),IF(Calendario!I40="CL";"🟤 YERAY(CL)";""),IF(Calendario!I40="FV";"🟡 YERAY(FV)";""),IF(Calendario!I40="TM";"🔵 YERAY(TM)";""),IF(Calendario!I40="TN";"🟣 YERAY(TN)";""),IF(Calendario!I40="TT";"🟠 YERAY(TT)";"")) | E13: =TEXTJOIN(CHAR(10);TRUE;TEXT(Calendario!A41,"DD"),IF(Calendario!C41="";"🟢 RESI";""),IF(Calendario!C41="CL";"🟤 RESI(CL)";""),IF(Calendario!C41="FV";"🟡 RESI(FV)";""),IF(Calendario!C41="TM";"🔵 RESI(TM)";""),IF(Calendario!C41="TN";"🟣 RESI(TN)";""),IF(Calendario!C41="TT";"🟠 RESI(TT)";""),IF(Calendario!D41="";"🟢 OSCAR";""),IF(Calendario!D41="CL";"🟤 OSCAR(CL)";""),IF(Calendario!D41="FV";"🟡 OSCAR(FV)";""),IF(Calendario!D41="TM";"🔵 OSCAR(TM)";""),IF(Calendario!D41="TN";"🟣 OSCAR(TN)";""),IF(Calendario!D41="TT";"🟠 OSCAR(TT)";""),IF(Calendario!E41="";"🟢 CLARA";""),IF(Calendario!E41="CL";"🟤 CLARA(CL)";""),IF(Calendario!E41="FV";"🟡 CLARA(FV)";""),IF(Calendario!E41="TM";"🔵 CLARA(TM)";""),IF(Calendario!E41="TN";"🟣 CLARA(TN)";""),IF(Calendario!E41="TT";"🟠 CLARA(TT)";""),IF(Calendario!F41="";"🟢 ANNA";""),IF(Calendario!F41="CL";"🟤 ANNA(CL)";""),IF(Calendario!F41="FV";"🟡 ANNA(FV)";""),IF(Calendario!F41="TM";"🔵 ANNA(TM)";""),IF(Calendario!F41="TN";"🟣 ANNA(TN)";""),IF(Calendario!F41="TT";"🟠 ANNA(TT)";""),IF(Calendario!G41="";"🟢 PEPE";""),IF(Calendario!G41="CL";"🟤 PEPE(CL)";""),IF(Calendario!G41="FV";"🟡 PEPE(FV)";""),IF(Calendario!G41="TM";"🔵 PEPE(TM)";""),IF(Calendario!G41="TN";"🟣 PEPE(TN)";""),IF(Calendario!G41="TT";"🟠 PEPE(TT)";""),IF(Calendario!H41="";"🟢 IVAN";""),IF(Calendario!H41="CL";"🟤 IVAN(CL)";""),IF(Calendario!H41="FV";"🟡 IVAN(FV)";""),IF(Calendario!H41="TM";"🔵 IVAN(TM)";""),IF(Calendario!H41="TN";"🟣 IVAN(TN)";""),IF(Calendario!H41="TT";"🟠 IVAN(TT)";""),IF(Calendario!I41="";"🟢 YERAY";""),IF(Calendario!I41="CL";"🟤 YERAY(CL)";""),IF(Calendario!I41="FV";"🟡 YERAY(FV)";""),IF(Calendario!I41="TM";"🔵 YERAY(TM)";""),IF(Calendario!I41="TN";"🟣 YERAY(TN)";""),IF(Calendario!I41="TT";"🟠 YERAY(TT)";"")) | F13: =TEXTJOIN(CHAR(10);TRUE;TEXT(Calendario!A42,"DD"),IF(Calendario!C42="";"🟢 RESI";""),IF(Calendario!C42="CL";"🟤 RESI(CL)";""),IF(Calendario!C42="FV";"🟡 RESI(FV)";""),IF(Calendario!C42="TM";"🔵 RESI(TM)";""),IF(Calendario!C42="TN";"🟣 RESI(TN)";""),IF(Calendario!C42="TT";"🟠 RESI(TT)";""),IF(Calendario!D42="";"🟢 OSCAR";""),IF(Calendario!D42="CL";"🟤 OSCAR(CL)";""),IF(Calendario!D42="FV";"🟡 OSCAR(FV)";""),IF(Calendario!D42="TM";"🔵 OSCAR(TM)";""),IF(Calendario!D42="TN";"🟣 OSCAR(TN)";""),IF(Calendario!D42="TT";"🟠 OSCAR(TT)";""),IF(Calendario!E42="";"🟢 CLARA";""),IF(Calendario!E42="CL";"🟤 CLARA(CL)";""),IF(Calendario!E42="FV";"🟡 CLARA(FV)";""),IF(Calendario!E42="TM";"🔵 CLARA(TM)";""),IF(Calendario!E42="TN";"🟣 CLARA(TN)";""),IF(Calendario!E42="TT";"🟠 CLARA(TT)";""),IF(Calendario!F42="";"🟢 ANNA";""),IF(Calendario!F42="CL";"🟤 ANNA(CL)";""),IF(Calendario!F42="FV";"🟡 ANNA(FV)";""),IF(Calendario!F42="TM";"🔵 ANNA(TM)";""),IF(Calendario!F42="TN";"🟣 ANNA(TN)";""),IF(Calendario!F42="TT";"🟠 ANNA(TT)";""),IF(Calendario!G42="";"🟢 PEPE";""),IF(Calendario!G42="CL";"🟤 PEPE(CL)";""),IF(Calendario!G42="FV";"🟡 PEPE(FV)";""),IF(Calendario!G42="TM";"🔵 PEPE(TM)";""),IF(Calendario!G42="TN";"🟣 PEPE(TN)";""),IF(Calendario!G42="TT";"🟠 PEPE(TT)";""),IF(Calendario!H42="";"🟢 IVAN";""),IF(Calendario!H42="CL";"🟤 IVAN(CL)";""),IF(Calendario!H42="FV";"🟡 IVAN(FV)";""),IF(Calendario!H42="TM";"🔵 IVAN(TM)";""),IF(Calendario!H42="TN";"🟣 IVAN(TN)";""),IF(Calendario!H42="TT";"🟠 IVAN(TT)";""),IF(Calendario!I42="";"🟢 YERAY";""),IF(Calendario!I42="CL";"🟤 YERAY(CL)";""),IF(Calendario!I42="FV";"🟡 YERAY(FV)";""),IF(Calendario!I42="TM";"🔵 YERAY(TM)";""),IF(Calendario!I42="TN";"🟣 YERAY(TN)";""),IF(Calendario!I42="TT";"🟠 YERAY(TT)";"")) | G13: =TEXTJOIN(CHAR(10);TRUE;TEXT(Calendario!A43,"DD"),IF(Calendario!C43="";"🟢 RESI";""),IF(Calendario!C43="CL";"🟤 RESI(CL)";""),IF(Calendario!C43="FV";"🟡 RESI(FV)";""),IF(Calendario!C43="TM";"🔵 RESI(TM)";""),IF(Calendario!C43="TN";"🟣 RESI(TN)";""),IF(Calendario!C43="TT";"🟠 RESI(TT)";""),IF(Calendario!D43="";"🟢 OSCAR";""),IF(Calendario!D43="CL";"🟤 OSCAR(CL)";""),IF(Calendario!D43="FV";"🟡 OSCAR(FV)";""),IF(Calendario!D43="TM";"🔵 OSCAR(TM)";""),IF(Calendario!D43="TN";"🟣 OSCAR(TN)";""),IF(Calendario!D43="TT";"🟠 OSCAR(TT)";""),IF(Calendario!E43="";"🟢 CLARA";""),IF(Calendario!E43="CL";"🟤 CLARA(CL)";""),IF(Calendario!E43="FV";"🟡 CLARA(FV)";""),IF(Calendario!E43="TM";"🔵 CLARA(TM)";""),IF(Calendario!E43="TN";"🟣 CLARA(TN)";""),IF(Calendario!E43="TT";"🟠 CLARA(TT)";""),IF(Calendario!F43="";"🟢 ANNA";""),IF(Calendario!F43="CL";"🟤 ANNA(CL)";""),IF(Calendario!F43="FV";"🟡 ANNA(FV)";""),IF(Calendario!F43="TM";"🔵 ANNA(TM)";""),IF(Calendario!F43="TN";"🟣 ANNA(TN)";""),IF(Calendario!F43="TT";"🟠 ANNA(TT)";""),IF(Calendario!G43="";"🟢 PEPE";""),IF(Calendario!G43="CL";"🟤 PEPE(CL)";""),IF(Calendario!G43="FV";"🟡 PEPE(FV)";""),IF(Calendario!G43="TM";"🔵 PEPE(TM)";""),IF(Calendario!G43="TN";"🟣 PEPE(TN)";""),IF(Calendario!G43="TT";"🟠 PEPE(TT)";""),IF(Calendario!H43="";"🟢 IVAN";""),IF(Calendario!H43="CL";"🟤 IVAN(CL)";""),IF(Calendario!H43="FV";"🟡 IVAN(FV)";""),IF(Calendario!H43="TM";"🔵 IVAN(TM)";""),IF(Calendario!H43="TN";"🟣 IVAN(TN)";""),IF(Calendario!H43="TT";"🟠 IVAN(TT)";""),IF(Calendario!I43="";"🟢 YERAY";""),IF(Calendario!I43="CL";"🟤 YERAY(CL)";""),IF(Calendario!I43="FV";"🟡 YERAY(FV)";""),IF(Calendario!I43="TM";"🔵 YERAY(TM)";""),IF(Calendario!I43="TN";"🟣 YERAY(TN)";""),IF(Calendario!I43="TT";"🟠 YERAY(TT)";""))
A14: =TEXTJOIN(CHAR(10);TRUE;TEXT(Calendario!A44,"DD"),IF(Calendario!C44="";"🟢 RESI";""),IF(Calendario!C44="CL";"🟤 RESI(CL)";""),IF(Calendario!C44="FV";"🟡 RESI(FV)";""),IF(Calendario!C44="TM";"🔵 RESI(TM)";""),IF(Calendario!C44="TN";"🟣 RESI(TN)";""),IF(Calendario!C44="TT";"🟠 RESI(TT)";""),IF(Calendario!D44="";"🟢 OSCAR";""),IF(Calendario!D44="CL";"🟤 OSCAR(CL)";""),IF(Calendario!D44="FV";"🟡 OSCAR(FV)";""),IF(Calendario!D44="TM";"🔵 OSCAR(TM)";""),IF(Calendario!D44="TN";"🟣 OSCAR(TN)";""),IF(Calendario!D44="TT";"🟠 OSCAR(TT)";""),IF(Calendario!E44="";"🟢 CLARA";""),IF(Calendario!E44="CL";"🟤 CLARA(CL)";""),IF(Calendario!E44="FV";"🟡 CLARA(FV)";""),IF(Calendario!E44="TM";"🔵 CLARA(TM)";""),IF(Calendario!E44="TN";"🟣 CLARA(TN)";""),IF(Calendario!E44="TT";"🟠 CLARA(TT)";""),IF(Calendario!F44="";"🟢 ANNA";""),IF(Calendario!F44="CL";"🟤 ANNA(CL)";""),IF(Calendario!F44="FV";"🟡 ANNA(FV)";""),IF(Calendario!F44="TM";"🔵 ANNA(TM)";""),IF(Calendario!F44="TN";"🟣 ANNA(TN)";""),IF(Calendario!F44="TT";"🟠 ANNA(TT)";""),IF(Calendario!G44="";"🟢 PEPE";""),IF(Calendario!G44="CL";"🟤 PEPE(CL)";""),IF(Calendario!G44="FV";"🟡 PEPE(FV)";""),IF(Calendario!G44="TM";"🔵 PEPE(TM)";""),IF(Calendario!G44="TN";"🟣 PEPE(TN)";""),IF(Calendario!G44="TT";"🟠 PEPE(TT)";""),IF(Calendario!H44="";"🟢 IVAN";""),IF(Calendario!H44="CL";"🟤 IVAN(CL)";""),IF(Calendario!H44="FV";"🟡 IVAN(FV)";""),IF(Calendario!H44="TM";"🔵 IVAN(TM)";""),IF(Calendario!H44="TN";"🟣 IVAN(TN)";""),IF(Calendario!H44="TT";"🟠 IVAN(TT)";""),IF(Calendario!I44="";"🟢 YERAY";""),IF(Calendario!I44="CL";"🟤 YERAY(CL)";""),IF(Calendario!I44="FV";"🟡 YERAY(FV)";""),IF(Calendario!I44="TM";"🔵 YERAY(TM)";""),IF(Calendario!I44="TN";"🟣 YERAY(TN)";""),IF(Calendario!I44="TT";"🟠 YERAY(TT)";"")) | B14: =TEXTJOIN(CHAR(10);TRUE;TEXT(Calendario!A45,"DD"),IF(Calendario!C45="";"🟢 RESI";""),IF(Calendario!C45="CL";"🟤 RESI(CL)";""),IF(Calendario!C45="FV";"🟡 RESI(FV)";""),IF(Calendario!C45="TM";"🔵 RESI(TM)";""),IF(Calendario!C45="TN";"🟣 RESI(TN)";""),IF(Calendario!C45="TT";"🟠 RESI(TT)";""),IF(Calendario!D45="";"🟢 OSCAR";""),IF(Calendario!D45="CL";"🟤 OSCAR(CL)";""),IF(Calendario!D45="FV";"🟡 OSCAR(FV)";""),IF(Calendario!D45="TM";"🔵 OSCAR(TM)";""),IF(Calendario!D45="TN";"🟣 OSCAR(TN)";""),IF(Calendario!D45="TT";"🟠 OSCAR(TT)";""),IF(Calendario!E45="";"🟢 CLARA";""),IF(Calendario!E45="CL";"🟤 CLARA(CL)";""),IF(Calendario!E45="FV";"🟡 CLARA(FV)";""),IF(Calendario!E45="TM";"🔵 CLARA(TM)";""),IF(Calendario!E45="TN";"🟣 CLARA(TN)";""),IF(Calendario!E45="TT";"🟠 CLARA(TT)";""),IF(Calendario!F45="";"🟢 ANNA";""),IF(Calendario!F45="CL";"🟤 ANNA(CL)";""),IF(Calendario!F45="FV";"🟡 ANNA(FV)";""),IF(Calendario!F45="TM";"🔵 ANNA(TM)";""),IF(Calendario!F45="TN";"🟣 ANNA(TN)";""),IF(Calendario!F45="TT";"🟠 ANNA(TT)";""),IF(Calendario!G45="";"🟢 PEPE";""),IF(Calendario!G45="CL";"🟤 PEPE(CL)";""),IF(Calendario!G45="FV";"🟡 PEPE(FV)";""),IF(Calendario!G45="TM";"🔵 PEPE(TM)";""),IF(Calendario!G45="TN";"🟣 PEPE(TN)";""),IF(Calendario!G45="TT";"🟠 PEPE(TT)";""),IF(Calendario!H45="";"🟢 IVAN";""),IF(Calendario!H45="CL";"🟤 IVAN(CL)";""),IF(Calendario!H45="FV";"🟡 IVAN(FV)";""),IF(Calendario!H45="TM";"🔵 IVAN(TM)";""),IF(Calendario!H45="TN";"🟣 IVAN(TN)";""),IF(Calendario!H45="TT";"🟠 IVAN(TT)";""),IF(Calendario!I45="";"🟢 YERAY";""),IF(Calendario!I45="CL";"🟤 YERAY(CL)";""),IF(Calendario!I45="FV";"🟡 YERAY(FV)";""),IF(Calendario!I45="TM";"🔵 YERAY(TM)";""),IF(Calendario!I45="TN";"🟣 YERAY(TN)";""),IF(Calendario!I45="TT";"🟠 YERAY(TT)";"")) | C14: =TEXTJOIN(CHAR(10);TRUE;TEXT(Calendario!A46,"DD"),IF(Calendario!C46="";"🟢 RESI";""),IF(Calendario!C46="CL";"🟤 RESI(CL)";""),IF(Calendario!C46="FV";"🟡 RESI(FV)";""),IF(Calendario!C46="TM";"🔵 RESI(TM)";""),IF(Calendario!C46="TN";"🟣 RESI(TN)";""),IF(Calendario!C46="TT";"🟠 RESI(TT)";""),IF(Calendario!D46="";"🟢 OSCAR";""),IF(Calendario!D46="CL";"🟤 OSCAR(CL)";""),IF(Calendario!D46="FV";"🟡 OSCAR(FV)";""),IF(Calendario!D46="TM";"🔵 OSCAR(TM)";""),IF(Calendario!D46="TN";"🟣 OSCAR(TN)";""),IF(Calendario!D46="TT";"🟠 OSCAR(TT)";""),IF(Calendario!E46="";"🟢 CLARA";""),IF(Calendario!E46="CL";"🟤 CLARA(CL)";""),IF(Calendario!E46="FV";"🟡 CLARA(FV)";""),IF(Calendario!E46="TM";"🔵 CLARA(TM)";""),IF(Calendario!E46="TN";"🟣 CLARA(TN)";""),IF(Calendario!E46="TT";"🟠 CLARA(TT)";""),IF(Calendario!F46="";"🟢 ANNA";""),IF(Calendario!F46="CL";"🟤 ANNA(CL)";""),IF(Calendario!F46="FV";"🟡 ANNA(FV)";""),IF(Calendario!F46="TM";"🔵 ANNA(TM)";""),IF(Calendario!F46="TN";"🟣 ANNA(TN)";""),IF(Calendario!F46="TT";"🟠 ANNA(TT)";""),IF(Calendario!G46="";"🟢 PEPE";""),IF(Calendario!G46="CL";"🟤 PEPE(CL)";""),IF(Calendario!G46="FV";"🟡 PEPE(FV)";""),IF(Calendario!G46="TM";"🔵 PEPE(TM)";""),IF(Calendario!G46="TN";"🟣 PEPE(TN)";""),IF(Calendario!G46="TT";"🟠 PEPE(TT)";""),IF(Calendario!H46="";"🟢 IVAN";""),IF(Calendario!H46="CL";"🟤 IVAN(CL)";""),IF(Calendario!H46="FV";"🟡 IVAN(FV)";""),IF(Calendario!H46="TM";"🔵 IVAN(TM)";""),IF(Calendario!H46="TN";"🟣 IVAN(TN)";""),IF(Calendario!H46="TT";"🟠 IVAN(TT)";""),IF(Calendario!I46="";"🟢 YERAY";""),IF(Calendario!I46="CL";"🟤 YERAY(CL)";""),IF(Calendario!I46="FV";"🟡 YERAY(FV)";""),IF(Calendario!I46="TM";"🔵 YERAY(TM)";""),IF(Calendario!I46="TN";"🟣 YERAY(TN)";""),IF(Calendario!I46="TT";"🟠 YERAY(TT)";"")) | D14: =TEXTJOIN(CHAR(10);TRUE;TEXT(Calendario!A47,"DD"),IF(Calendario!C47="";"🟢 RESI";""),IF(Calendario!C47="CL";"🟤 RESI(CL)";""),IF(Calendario!C47="FV";"🟡 RESI(FV)";""),IF(Calendario!C47="TM";"🔵 RESI(TM)";""),IF(Calendario!C47="TN";"🟣 RESI(TN)";""),IF(Calendario!C47="TT";"🟠 RESI(TT)";""),IF(Calendario!D47="";"🟢 OSCAR";""),IF(Calendario!D47="CL";"🟤 OSCAR(CL)";""),IF(Calendario!D47="FV";"🟡 OSCAR(FV)";""),IF(Calendario!D47="TM";"🔵 OSCAR(TM)";""),IF(Calendario!D47="TN";"🟣 OSCAR(TN)";""),IF(Calendario!D47="TT";"🟠 OSCAR(TT)";""),IF(Calendario!E47="";"🟢 CLARA";""),IF(Calendario!E47="CL";"🟤 CLARA(CL)";""),IF(Calendario!E47="FV";"🟡 CLARA(FV)";""),IF(Calendario!E47="TM";"🔵 CLARA(TM)";""),IF(Calendario!E47="TN";"🟣 CLARA(TN)";""),IF(Calendario!E47="TT";"🟠 CLARA(TT)";""),IF(Calendario!F47="";"🟢 ANNA";""),IF(Calendario!F47="CL";"🟤 ANNA(CL)";""),IF(Calendario!F47="FV";"🟡 ANNA(FV)";""),IF(Calendario!F47="TM";"🔵 ANNA(TM)";""),IF(Calendario!F47="TN";"🟣 ANNA(TN)";""),IF(Calendario!F47="TT";"🟠 ANNA(TT)";""),IF(Calendario!G47="";"🟢 PEPE";""),IF(Calendario!G47="CL";"🟤 PEPE(CL)";""),IF(Calendario!G47="FV";"🟡 PEPE(FV)";""),IF(Calendario!G47="TM";"🔵 PEPE(TM)";""),IF(Calendario!G47="TN";"🟣 PEPE(TN)";""),IF(Calendario!G47="TT";"🟠 PEPE(TT)";""),IF(Calendario!H47="";"🟢 IVAN";""),IF(Calendario!H47="CL";"🟤 IVAN(CL)";""),IF(Calendario!H47="FV";"🟡 IVAN(FV)";""),IF(Calendario!H47="TM";"🔵 IVAN(TM)";""),IF(Calendario!H47="TN";"🟣 IVAN(TN)";""),IF(Calendario!H47="TT";"🟠 IVAN(TT)";""),IF(Calendario!I47="";"🟢 YERAY";""),IF(Calendario!I47="CL";"🟤 YERAY(CL)";""),IF(Calendario!I47="FV";"🟡 YERAY(FV)";""),IF(Calendario!I47="TM";"🔵 YERAY(TM)";""),IF(Calendario!I47="TN";"🟣 YERAY(TN)";""),IF(Calendario!I47="TT";"🟠 YERAY(TT)";"")) | E14: =TEXTJOIN(CHAR(10);TRUE;TEXT(Calendario!A48,"DD"),IF(Calendario!C48="";"🟢 RESI";""),IF(Calendario!C48="CL";"🟤 RESI(CL)";""),IF(Calendario!C48="FV";"🟡 RESI(FV)";""),IF(Calendario!C48="TM";"🔵 RESI(TM)";""),IF(Calendario!C48="TN";"🟣 RESI(TN)";""),IF(Calendario!C48="TT";"🟠 RESI(TT)";""),IF(Calendario!D48="";"🟢 OSCAR";""),IF(Calendario!D48="CL";"🟤 OSCAR(CL)";""),IF(Calendario!D48="FV";"🟡 OSCAR(FV)";""),IF(Calendario!D48="TM";"🔵 OSCAR(TM)";""),IF(Calendario!D48="TN";"🟣 OSCAR(TN)";""),IF(Calendario!D48="TT";"🟠 OSCAR(TT)";""),IF(Calendario!E48="";"🟢 CLARA";""),IF(Calendario!E48="CL";"🟤 CLARA(CL)";""),IF(Calendario!E48="FV";"🟡 CLARA(FV)";""),IF(Calendario!E48="TM";"🔵 CLARA(TM)";""),IF(Calendario!E48="TN";"🟣 CLARA(TN)";""),IF(Calendario!E48="TT";"🟠 CLARA(TT)";""),IF(Calendario!F48="";"🟢 ANNA";""),IF(Calendario!F48="CL";"🟤 ANNA(CL)";""),IF(Calendario!F48="FV";"🟡 ANNA(FV)";""),IF(Calendario!F48="TM";"🔵 ANNA(TM)";""),IF(Calendario!F48="TN";"🟣 ANNA(TN)";""),IF(Calendario!F48="TT";"🟠 ANNA(TT)";""),IF(Calendario!G48="";"🟢 PEPE";""),IF(Calendario!G48="CL";"🟤 PEPE(CL)";""),IF(Calendario!G48="FV";"🟡 PEPE(FV)";""),IF(Calendario!G48="TM";"🔵 PEPE(TM)";""),IF(Calendario!G48="TN";"🟣 PEPE(TN)";""),IF(Calendario!G48="TT";"🟠 PEPE(TT)";""),IF(Calendario!H48="";"🟢 IVAN";""),IF(Calendario!H48="CL";"🟤 IVAN(CL)";""),IF(Calendario!H48="FV";"🟡 IVAN(FV)";""),IF(Calendario!H48="TM";"🔵 IVAN(TM)";""),IF(Calendario!H48="TN";"🟣 IVAN(TN)";""),IF(Calendario!H48="TT";"🟠 IVAN(TT)";""),IF(Calendario!I48="";"🟢 YERAY";""),IF(Calendario!I48="CL";"🟤 YERAY(CL)";""),IF(Calendario!I48="FV";"🟡 YERAY(FV)";""),IF(Calendario!I48="TM";"🔵 YERAY(TM)";""),IF(Calendario!I48="TN";"🟣 YERAY(TN)";""),IF(Calendario!I48="TT";"🟠 YERAY(TT)";"")) | F14: =TEXTJOIN(CHAR(10);TRUE;TEXT(Calendario!A49,"DD"),IF(Calendario!C49="";"🟢 RESI";""),IF(Calendario!C49="CL";"🟤 RESI(CL)";""),IF(Calendario!C49="FV";"🟡 RESI(FV)";""),IF(Calendario!C49="TM";"🔵 RESI(TM)";""),IF(Calendario!C49="TN";"🟣 RESI(TN)";""),IF(Calendario!C49="TT";"🟠 RESI(TT)";""),IF(Calendario!D49="";"🟢 OSCAR";""),IF(Calendario!D49="CL";"🟤 OSCAR(CL)";""),IF(Calendario!D49="FV";"🟡 OSCAR(FV)";""),IF(Calendario!D49="TM";"🔵 OSCAR(TM)";""),IF(Calendario!D49="TN";"🟣 OSCAR(TN)";""),IF(Calendario!D49="TT";"🟠 OSCAR(TT)";""),IF(Calendario!E49="";"🟢 CLARA";""),IF(Calendario!E49="CL";"🟤 CLARA(CL)";""),IF(Calendario!E49="FV";"🟡 CLARA(FV)";""),IF(Calendario!E49="TM";"🔵 CLARA(TM)";""),IF(Calendario!E49="TN";"🟣 CLARA(TN)";""),IF(Calendario!E49="TT";"🟠 CLARA(TT)";""),IF(Calendario!F49="";"🟢 ANNA";""),IF(Calendario!F49="CL";"🟤 ANNA(CL)";""),IF(Calendario!F49="FV";"🟡 ANNA(FV)";""),IF(Calendario!F49="TM";"🔵 ANNA(TM)";""),IF(Calendario!F49="TN";"🟣 ANNA(TN)";""),IF(Calendario!F49="TT";"🟠 ANNA(TT)";""),IF(Calendario!G49="";"🟢 PEPE";""),IF(Calendario!G49="CL";"🟤 PEPE(CL)";""),IF(Calendario!G49="FV";"🟡 PEPE(FV)";""),IF(Calendario!G49="TM";"🔵 PEPE(TM)";""),IF(Calendario!G49="TN";"🟣 PEPE(TN)";""),IF(Calendario!G49="TT";"🟠 PEPE(TT)";""),IF(Calendario!H49="";"🟢 IVAN";""),IF(Calendario!H49="CL";"🟤 IVAN(CL)";""),IF(Calendario!H49="FV";"🟡 IVAN(FV)";""),IF(Calendario!H49="TM";"🔵 IVAN(TM)";""),IF(Calendario!H49="TN";"🟣 IVAN(TN)";""),IF(Calendario!H49="TT";"🟠 IVAN(TT)";""),IF(Calendario!I49="";"🟢 YERAY";""),IF(Calendario!I49="CL";"🟤 YERAY(CL)";""),IF(Calendario!I49="FV";"🟡 YERAY(FV)";""),IF(Calendario!I49="TM";"🔵 YERAY(TM)";""),IF(Calendario!I49="TN";"🟣 YERAY(TN)";""),IF(Calendario!I49="TT";"🟠 YERAY(TT)";"")) | G14: =TEXTJOIN(CHAR(10);TRUE;TEXT(Calendario!A50,"DD"),IF(Calendario!C50="";"🟢 RESI";""),IF(Calendario!C50="CL";"🟤 RESI(CL)";""),IF(Calendario!C50="FV";"🟡 RESI(FV)";""),IF(Calendario!C50="TM";"🔵 RESI(TM)";""),IF(Calendario!C50="TN";"🟣 RESI(TN)";""),IF(Calendario!C50="TT";"🟠 RESI(TT)";""),IF(Calendario!D50="";"🟢 OSCAR";""),IF(Calendario!D50="CL";"🟤 OSCAR(CL)";""),IF(Calendario!D50="FV";"🟡 OSCAR(FV)";""),IF(Calendario!D50="TM";"🔵 OSCAR(TM)";""),IF(Calendario!D50="TN";"🟣 OSCAR(TN)";""),IF(Calendario!D50="TT";"🟠 OSCAR(TT)";""),IF(Calendario!E50="";"🟢 CLARA";""),IF(Calendario!E50="CL";"🟤 CLARA(CL)";""),IF(Calendario!E50="FV";"🟡 CLARA(FV)";""),IF(Calendario!E50="TM";"🔵 CLARA(TM)";""),IF(Calendario!E50="TN";"🟣 CLARA(TN)";""),IF(Calendario!E50="TT";"🟠 CLARA(TT)";""),IF(Calendario!F50="";"🟢 ANNA";""),IF(Calendario!F50="CL";"🟤 ANNA(CL)";""),IF(Calendario!F50="FV";"🟡 ANNA(FV)";""),IF(Calendario!F50="TM";"🔵 ANNA(TM)";""),IF(Calendario!F50="TN";"🟣 ANNA(TN)";""),IF(Calendario!F50="TT";"🟠 ANNA(TT)";""),IF(Calendario!G50="";"🟢 PEPE";""),IF(Calendario!G50="CL";"🟤 PEPE(CL)";""),IF(Calendario!G50="FV";"🟡 PEPE(FV)";""),IF(Calendario!G50="TM";"🔵 PEPE(TM)";""),IF(Calendario!G50="TN";"🟣 PEPE(TN)";""),IF(Calendario!G50="TT";"🟠 PEPE(TT)";""),IF(Calendario!H50="";"🟢 IVAN";""),IF(Calendario!H50="CL";"🟤 IVAN(CL)";""),IF(Calendario!H50="FV";"🟡 IVAN(FV)";""),IF(Calendario!H50="TM";"🔵 IVAN(TM)";""),IF(Calendario!H50="TN";"🟣 IVAN(TN)";""),IF(Calendario!H50="TT";"🟠 IVAN(TT)";""),IF(Calendario!I50="";"🟢 YERAY";""),IF(Calendario!I50="CL";"🟤 YERAY(CL)";""),IF(Calendario!I50="FV";"🟡 YERAY(FV)";""),IF(Calendario!I50="TM";"🔵 YERAY(TM)";""),IF(Calendario!I50="TN";"🟣 YERAY(TN)";""),IF(Calendario!I50="TT";"🟠 YERAY(TT)";""))
A15: =TEXTJOIN(CHAR(10);TRUE;TEXT(Calendario!A51,"DD"),IF(Calendario!C51="";"🟢 RESI";""),IF(Calendario!C51="CL";"🟤 RESI(CL)";""),IF(Calendario!C51="FV";"🟡 RESI(FV)";""),IF(Calendario!C51="TM";"🔵 RESI(TM)";""),IF(Calendario!C51="TN";"🟣 RESI(TN)";""),IF(Calendario!C51="TT";"🟠 RESI(TT)";""),IF(Calendario!D51="";"🟢 OSCAR";""),IF(Calendario!D51="CL";"🟤 OSCAR(CL)";""),IF(Calendario!D51="FV";"🟡 OSCAR(FV)";""),IF(Calendario!D51="TM";"🔵 OSCAR(TM)";""),IF(Calendario!D51="TN";"🟣 OSCAR(TN)";""),IF(Calendario!D51="TT";"🟠 OSCAR(TT)";""),IF(Calendario!E51="";"🟢 CLARA";""),IF(Calendario!E51="CL";"🟤 CLARA(CL)";""),IF(Calendario!E51="FV";"🟡 CLARA(FV)";""),IF(Calendario!E51="TM";"🔵 CLARA(TM)";""),IF(Calendario!E51="TN";"🟣 CLARA(TN)";""),IF(Calendario!E51="TT";"🟠 CLARA(TT)";""),IF(Calendario!F51="";"🟢 ANNA";""),IF(Calendario!F51="CL";"🟤 ANNA(CL)";""),IF(Calendario!F51="FV";"🟡 ANNA(FV)";""),IF(Calendario!F51="TM";"🔵 ANNA(TM)";""),IF(Calendario!F51="TN";"🟣 ANNA(TN)";""),IF(Calendario!F51="TT";"🟠 ANNA(TT)";""),IF(Calendario!G51="";"🟢 PEPE";""),IF(Calendario!G51="CL";"🟤 PEPE(CL)";""),IF(Calendario!G51="FV";"🟡 PEPE(FV)";""),IF(Calendario!G51="TM";"🔵 PEPE(TM)";""),IF(Calendario!G51="TN";"🟣 PEPE(TN)";""),IF(Calendario!G51="TT";"🟠 PEPE(TT)";""),IF(Calendario!H51="";"🟢 IVAN";""),IF(Calendario!H51="CL";"🟤 IVAN(CL)";""),IF(Calendario!H51="FV";"🟡 IVAN(FV)";""),IF(Calendario!H51="TM";"🔵 IVAN(TM)";""),IF(Calendario!H51="TN";"🟣 IVAN(TN)";""),IF(Calendario!H51="TT";"🟠 IVAN(TT)";""),IF(Calendario!I51="";"🟢 YERAY";""),IF(Calendario!I51="CL";"🟤 YERAY(CL)";""),IF(Calendario!I51="FV";"🟡 YERAY(FV)";""),IF(Calendario!I51="TM";"🔵 YERAY(TM)";""),IF(Calendario!I51="TN";"🟣 YERAY(TN)";""),IF(Calendario!I51="TT";"🟠 YERAY(TT)";"")) | B15: =TEXTJOIN(CHAR(10);TRUE;TEXT(Calendario!A52,"DD"),IF(Calendario!C52="";"🟢 RESI";""),IF(Calendario!C52="CL";"🟤 RESI(CL)";""),IF(Calendario!C52="FV";"🟡 RESI(FV)";""),IF(Calendario!C52="TM";"🔵 RESI(TM)";""),IF(Calendario!C52="TN";"🟣 RESI(TN)";""),IF(Calendario!C52="TT";"🟠 RESI(TT)";""),IF(Calendario!D52="";"🟢 OSCAR";""),IF(Calendario!D52="CL";"🟤 OSCAR(CL)";""),IF(Calendario!D52="FV";"🟡 OSCAR(FV)";""),IF(Calendario!D52="TM";"🔵 OSCAR(TM)";""),IF(Calendario!D52="TN";"🟣 OSCAR(TN)";""),IF(Calendario!D52="TT";"🟠 OSCAR(TT)";""),IF(Calendario!E52="";"🟢 CLARA";""),IF(Calendario!E52="CL";"🟤 CLARA(CL)";""),IF(Calendario!E52="FV";"🟡 CLARA(FV)";""),IF(Calendario!E52="TM";"🔵 CLARA(TM)";""),IF(Calendario!E52="TN";"🟣 CLARA(TN)";""),IF(Calendario!E52="TT";"🟠 CLARA(TT)";""),IF(Calendario!F52="";"🟢 ANNA";""),IF(Calendario!F52="CL";"🟤 ANNA(CL)";""),IF(Calendario!F52="FV";"🟡 ANNA(FV)";""),IF(Calendario!F52="TM";"🔵 ANNA(TM)";""),IF(Calendario!F52="TN";"🟣 ANNA(TN)";""),IF(Calendario!F52="TT";"🟠 ANNA(TT)";""),IF(Calendario!G52="";"🟢 PEPE";""),IF(Calendario!G52="CL";"🟤 PEPE(CL)";""),IF(Calendario!G52="FV";"🟡 PEPE(FV)";""),IF(Calendario!G52="TM";"🔵 PEPE(TM)";""),IF(Calendario!G52="TN";"🟣 PEPE(TN)";""),IF(Calendario!G52="TT";"🟠 PEPE(TT)";""),IF(Calendario!H52="";"🟢 IVAN";""),IF(Calendario!H52="CL";"🟤 IVAN(CL)";""),IF(Calendario!H52="FV";"🟡 IVAN(FV)";""),IF(Calendario!H52="TM";"🔵 IVAN(TM)";""),IF(Calendario!H52="TN";"🟣 IVAN(TN)";""),IF(Calendario!H52="TT";"🟠 IVAN(TT)";""),IF(Calendario!I52="";"🟢 YERAY";""),IF(Calendario!I52="CL";"🟤 YERAY(CL)";""),IF(Calendario!I52="FV";"🟡 YERAY(FV)";""),IF(Calendario!I52="TM";"🔵 YERAY(TM)";""),IF(Calendario!I52="TN";"🟣 YERAY(TN)";""),IF(Calendario!I52="TT";"🟠 YERAY(TT)";"")) | C15: =TEXTJOIN(CHAR(10);TRUE;TEXT(Calendario!A53,"DD"),IF(Calendario!C53="";"🟢 RESI";""),IF(Calendario!C53="CL";"🟤 RESI(CL)";""),IF(Calendario!C53="FV";"🟡 RESI(FV)";""),IF(Calendario!C53="TM";"🔵 RESI(TM)";""),IF(Calendario!C53="TN";"🟣 RESI(TN)";""),IF(Calendario!C53="TT";"🟠 RESI(TT)";""),IF(Calendario!D53="";"🟢 OSCAR";""),IF(Calendario!D53="CL";"🟤 OSCAR(CL)";""),IF(Calendario!D53="FV";"🟡 OSCAR(FV)";""),IF(Calendario!D53="TM";"🔵 OSCAR(TM)";""),IF(Calendario!D53="TN";"🟣 OSCAR(TN)";""),IF(Calendario!D53="TT";"🟠 OSCAR(TT)";""),IF(Calendario!E53="";"🟢 CLARA";""),IF(Calendario!E53="CL";"🟤 CLARA(CL)";""),IF(Calendario!E53="FV";"🟡 CLARA(FV)";""),IF(Calendario!E53="TM";"🔵 CLARA(TM)";""),IF(Calendario!E53="TN";"🟣 CLARA(TN)";""),IF(Calendario!E53="TT";"🟠 CLARA(TT)";""),IF(Calendario!F53="";"🟢 ANNA";""),IF(Calendario!F53="CL";"🟤 ANNA(CL)";""),IF(Calendario!F53="FV";"🟡 ANNA(FV)";""),IF(Calendario!F53="TM";"🔵 ANNA(TM)";""),IF(Calendario!F53="TN";"🟣 ANNA(TN)";""),IF(Calendario!F53="TT";"🟠 ANNA(TT)";""),IF(Calendario!G53="";"🟢 PEPE";""),IF(Calendario!G53="CL";"🟤 PEPE(CL)";""),IF(Calendario!G53="FV";"🟡 PEPE(FV)";""),IF(Calendario!G53="TM";"🔵 PEPE(TM)";""),IF(Calendario!G53="TN";"🟣 PEPE(TN)";""),IF(Calendario!G53="TT";"🟠 PEPE(TT)";""),IF(Calendario!H53="";"🟢 IVAN";""),IF(Calendario!H53="CL";"🟤 IVAN(CL)";""),IF(Calendario!H53="FV";"🟡 IVAN(FV)";""),IF(Calendario!H53="TM";"🔵 IVAN(TM)";""),IF(Calendario!H53="TN";"🟣 IVAN(TN)";""),IF(Calendario!H53="TT";"🟠 IVAN(TT)";""),IF(Calendario!I53="";"🟢 YERAY";""),IF(Calendario!I53="CL";"🟤 YERAY(CL)";""),IF(Calendario!I53="FV";"🟡 YERAY(FV)";""),IF(Calendario!I53="TM";"🔵 YERAY(TM)";""),IF(Calendario!I53="TN";"🟣 YERAY(TN)";""),IF(Calendario!I53="TT";"🟠 YERAY(TT)";"")) | D15: =TEXTJOIN(CHAR(10);TRUE;TEXT(Calendario!A54,"DD"),IF(Calendario!C54="";"🟢 RESI";""),IF(Calendario!C54="CL";"🟤 RESI(CL)";""),IF(Calendario!C54="FV";"🟡 RESI(FV)";""),IF(Calendario!C54="TM";"🔵 RESI(TM)";""),IF(Calendario!C54="TN";"🟣 RESI(TN)";""),IF(Calendario!C54="TT";"🟠 RESI(TT)";""),IF(Calendario!D54="";"🟢 OSCAR";""),IF(Calendario!D54="CL";"🟤 OSCAR(CL)";""),IF(Calendario!D54="FV";"🟡 OSCAR(FV)";""),IF(Calendario!D54="TM";"🔵 OSCAR(TM)";""),IF(Calendario!D54="TN";"🟣 OSCAR(TN)";""),IF(Calendario!D54="TT";"🟠 OSCAR(TT)";""),IF(Calendario!E54="";"🟢 CLARA";""),IF(Calendario!E54="CL";"🟤 CLARA(CL)";""),IF(Calendario!E54="FV";"🟡 CLARA(FV)";""),IF(Calendario!E54="TM";"🔵 CLARA(TM)";""),IF(Calendario!E54="TN";"🟣 CLARA(TN)";""),IF(Calendario!E54="TT";"🟠 CLARA(TT)";""),IF(Calendario!F54="";"🟢 ANNA";""),IF(Calendario!F54="CL";"🟤 ANNA(CL)";""),IF(Calendario!F54="FV";"🟡 ANNA(FV)";""),IF(Calendario!F54="TM";"🔵 ANNA(TM)";""),IF(Calendario!F54="TN";"🟣 ANNA(TN)";""),IF(Calendario!F54="TT";"🟠 ANNA(TT)";""),IF(Calendario!G54="";"🟢 PEPE";""),IF(Calendario!G54="CL";"🟤 PEPE(CL)";""),IF(Calendario!G54="FV";"🟡 PEPE(FV)";""),IF(Calendario!G54="TM";"🔵 PEPE(TM)";""),IF(Calendario!G54="TN";"🟣 PEPE(TN)";""),IF(Calendario!G54="TT";"🟠 PEPE(TT)";""),IF(Calendario!H54="";"🟢 IVAN";""),IF(Calendario!H54="CL";"🟤 IVAN(CL)";""),IF(Calendario!H54="FV";"🟡 IVAN(FV)";""),IF(Calendario!H54="TM";"🔵 IVAN(TM)";""),IF(Calendario!H54="TN";"🟣 IVAN(TN)";""),IF(Calendario!H54="TT";"🟠 IVAN(TT)";""),IF(Calendario!I54="";"🟢 YERAY";""),IF(Calendario!I54="CL";"🟤 YERAY(CL)";""),IF(Calendario!I54="FV";"🟡 YERAY(FV)";""),IF(Calendario!I54="TM";"🔵 YERAY(TM)";""),IF(Calendario!I54="TN";"🟣 YERAY(TN)";""),IF(Calendario!I54="TT";"🟠 YERAY(TT)";"")) | E15: =TEXTJOIN(CHAR(10);TRUE;TEXT(Calendario!A55,"DD"),IF(Calendario!C55="";"🟢 RESI";""),IF(Calendario!C55="CL";"🟤 RESI(CL)";""),IF(Calendario!C55="FV";"🟡 RESI(FV)";""),IF(Calendario!C55="TM";"🔵 RESI(TM)";""),IF(Calendario!C55="TN";"🟣 RESI(TN)";""),IF(Calendario!C55="TT";"🟠 RESI(TT)";""),IF(Calendario!D55="";"🟢 OSCAR";""),IF(Calendario!D55="CL";"🟤 OSCAR(CL)";""),IF(Calendario!D55="FV";"🟡 OSCAR(FV)";""),IF(Calendario!D55="TM";"🔵 OSCAR(TM)";""),IF(Calendario!D55="TN";"🟣 OSCAR(TN)";""),IF(Calendario!D55="TT";"🟠 OSCAR(TT)";""),IF(Calendario!E55="";"🟢 CLARA";""),IF(Calendario!E55="CL";"🟤 CLARA(CL)";""),IF(Calendario!E55="FV";"🟡 CLARA(FV)";""),IF(Calendario!E55="TM";"🔵 CLARA(TM)";""),IF(Calendario!E55="TN";"🟣 CLARA(TN)";""),IF(Calendario!E55="TT";"🟠 CLARA(TT)";""),IF(Calendario!F55="";"🟢 ANNA";""),IF(Calendario!F55="CL";"🟤 ANNA(CL)";""),IF(Calendario!F55="FV";"🟡 ANNA(FV)";""),IF(Calendario!F55="TM";"🔵 ANNA(TM)";""),IF(Calendario!F55="TN";"🟣 ANNA(TN)";""),IF(Calendario!F55="TT";"🟠 ANNA(TT)";""),IF(Calendario!G55="";"🟢 PEPE";""),IF(Calendario!G55="CL";"🟤 PEPE(CL)";""),IF(Calendario!G55="FV";"🟡 PEPE(FV)";""),IF(Calendario!G55="TM";"🔵 PEPE(TM)";""),IF(Calendario!G55="TN";"🟣 PEPE(TN)";""),IF(Calendario!G55="TT";"🟠 PEPE(TT)";""),IF(Calendario!H55="";"🟢 IVAN";""),IF(Calendario!H55="CL";"🟤 IVAN(CL)";""),IF(Calendario!H55="FV";"🟡 IVAN(FV)";""),IF(Calendario!H55="TM";"🔵 IVAN(TM)";""),IF(Calendario!H55="TN";"🟣 IVAN(TN)";""),IF(Calendario!H55="TT";"🟠 IVAN(TT)";""),IF(Calendario!I55="";"🟢 YERAY";""),IF(Calendario!I55="CL";"🟤 YERAY(CL)";""),IF(Calendario!I55="FV";"🟡 YERAY(FV)";""),IF(Calendario!I55="TM";"🔵 YERAY(TM)";""),IF(Calendario!I55="TN";"🟣 YERAY(TN)";""),IF(Calendario!I55="TT";"🟠 YERAY(TT)";"")) | F15: =TEXTJOIN(CHAR(10);TRUE;TEXT(Calendario!A56,"DD"),IF(Calendario!C56="";"🟢 RESI";""),IF(Calendario!C56="CL";"🟤 RESI(CL)";""),IF(Calendario!C56="FV";"🟡 RESI(FV)";""),IF(Calendario!C56="TM";"🔵 RESI(TM)";""),IF(Calendario!C56="TN";"🟣 RESI(TN)";""),IF(Calendario!C56="TT";"🟠 RESI(TT)";""),IF(Calendario!D56="";"🟢 OSCAR";""),IF(Calendario!D56="CL";"🟤 OSCAR(CL)";""),IF(Calendario!D56="FV";"🟡 OSCAR(FV)";""),IF(Calendario!D56="TM";"🔵 OSCAR(TM)";""),IF(Calendario!D56="TN";"🟣 OSCAR(TN)";""),IF(Calendario!D56="TT";"🟠 OSCAR(TT)";""),IF(Calendario!E56="";"🟢 CLARA";""),IF(Calendario!E56="CL";"🟤 CLARA(CL)";""),IF(Calendario!E56="FV";"🟡 CLARA(FV)";""),IF(Calendario!E56="TM";"🔵 CLARA(TM)";""),IF(Calendario!E56="TN";"🟣 CLARA(TN)";""),IF(Calendario!E56="TT";"🟠 CLARA(TT)";""),IF(Calendario!F56="";"🟢 ANNA";""),IF(Calendario!F56="CL";"🟤 ANNA(CL)";""),IF(Calendario!F56="FV";"🟡 ANNA(FV)";""),IF(Calendario!F56="TM";"🔵 ANNA(TM)";""),IF(Calendario!F56="TN";"🟣 ANNA(TN)";""),IF(Calendario!F56="TT";"🟠 ANNA(TT)";""),IF(Calendario!G56="";"🟢 PEPE";""),IF(Calendario!G56="CL";"🟤 PEPE(CL)";""),IF(Calendario!G56="FV";"🟡 PEPE(FV)";""),IF(Calendario!G56="TM";"🔵 PEPE(TM)";""),IF(Calendario!G56="TN";"🟣 PEPE(TN)";""),IF(Calendario!G56="TT";"🟠 PEPE(TT)";""),IF(Calendario!H56="";"🟢 IVAN";""),IF(Calendario!H56="CL";"🟤 IVAN(CL)";""),IF(Calendario!H56="FV";"🟡 IVAN(FV)";""),IF(Calendario!H56="TM";"🔵 IVAN(TM)";""),IF(Calendario!H56="TN";"🟣 IVAN(TN)";""),IF(Calendario!H56="TT";"🟠 IVAN(TT)";""),IF(Calendario!I56="";"🟢 YERAY";""),IF(Calendario!I56="CL";"🟤 YERAY(CL)";""),IF(Calendario!I56="FV";"🟡 YERAY(FV)";""),IF(Calendario!I56="TM";"🔵 YERAY(TM)";""),IF(Calendario!I56="TN";"🟣 YERAY(TN)";""),IF(Calendario!I56="TT";"🟠 YERAY(TT)";"")) | G15: =TEXTJOIN(CHAR(10);TRUE;TEXT(Calendario!A57,"DD"),IF(Calendario!C57="";"🟢 RESI";""),IF(Calendario!C57="CL";"🟤 RESI(CL)";""),IF(Calendario!C57="FV";"🟡 RESI(FV)";""),IF(Calendario!C57="TM";"🔵 RESI(TM)";""),IF(Calendario!C57="TN";"🟣 RESI(TN)";""),IF(Calendario!C57="TT";"🟠 RESI(TT)";""),IF(Calendario!D57="";"🟢 OSCAR";""),IF(Calendario!D57="CL";"🟤 OSCAR(CL)";""),IF(Calendario!D57="FV";"🟡 OSCAR(FV)";""),IF(Calendario!D57="TM";"🔵 OSCAR(TM)";""),IF(Calendario!D57="TN";"🟣 OSCAR(TN)";""),IF(Calendario!D57="TT";"🟠 OSCAR(TT)";""),IF(Calendario!E57="";"🟢 CLARA";""),IF(Calendario!E57="CL";"🟤 CLARA(CL)";""),IF(Calendario!E57="FV";"🟡 CLARA(FV)";""),IF(Calendario!E57="TM";"🔵 CLARA(TM)";""),IF(Calendario!E57="TN";"🟣 CLARA(TN)";""),IF(Calendario!E57="TT";"🟠 CLARA(TT)";""),IF(Calendario!F57="";"🟢 ANNA";""),IF(Calendario!F57="CL";"🟤 ANNA(CL)";""),IF(Calendario!F57="FV";"🟡 ANNA(FV)";""),IF(Calendario!F57="TM";"🔵 ANNA(TM)";""),IF(Calendario!F57="TN";"🟣 ANNA(TN)";""),IF(Calendario!F57="TT";"🟠 ANNA(TT)";""),IF(Calendario!G57="";"🟢 PEPE";""),IF(Calendario!G57="CL";"🟤 PEPE(CL)";""),IF(Calendario!G57="FV";"🟡 PEPE(FV)";""),IF(Calendario!G57="TM";"🔵 PEPE(TM)";""),IF(Calendario!G57="TN";"🟣 PEPE(TN)";""),IF(Calendario!G57="TT";"🟠 PEPE(TT)";""),IF(Calendario!H57="";"🟢 IVAN";""),IF(Calendario!H57="CL";"🟤 IVAN(CL)";""),IF(Calendario!H57="FV";"🟡 IVAN(FV)";""),IF(Calendario!H57="TM";"🔵 IVAN(TM)";""),IF(Calendario!H57="TN";"🟣 IVAN(TN)";""),IF(Calendario!H57="TT";"🟠 IVAN(TT)";""),IF(Calendario!I57="";"🟢 YERAY";""),IF(Calendario!I57="CL";"🟤 YERAY(CL)";""),IF(Calendario!I57="FV";"🟡 YERAY(FV)";""),IF(Calendario!I57="TM";"🔵 YERAY(TM)";""),IF(Calendario!I57="TN";"🟣 YERAY(TN)";""),IF(Calendario!I57="TT";"🟠 YERAY(TT)";""))
A16: =TEXTJOIN(CHAR(10);TRUE;TEXT(Calendario!A58,"DD"),IF(Calendario!C58="";"🟢 RESI";""),IF(Calendario!C58="CL";"🟤 RESI(CL)";""),IF(Calendario!C58="FV";"🟡 RESI(FV)";""),IF(Calendario!C58="TM";"🔵 RESI(TM)";""),IF(Calendario!C58="TN";"🟣 RESI(TN)";""),IF(Calendario!C58="TT";"🟠 RESI(TT)";""),IF(Calendario!D58="";"🟢 OSCAR";""),IF(Calendario!D58="CL";"🟤 OSCAR(CL)";""),IF(Calendario!D58="FV";"🟡 OSCAR(FV)";""),IF(Calendario!D58="TM";"🔵 OSCAR(TM)";""),IF(Calendario!D58="TN";"🟣 OSCAR(TN)";""),IF(Calendario!D58="TT";"🟠 OSCAR(TT)";""),IF(Calendario!E58="";"🟢 CLARA";""),IF(Calendario!E58="CL";"🟤 CLARA(CL)";""),IF(Calendario!E58="FV";"🟡 CLARA(FV)";""),IF(Calendario!E58="TM";"🔵 CLARA(TM)";""),IF(Calendario!E58="TN";"🟣 CLARA(TN)";""),IF(Calendario!E58="TT";"🟠 CLARA(TT)";""),IF(Calendario!F58="";"🟢 ANNA";""),IF(Calendario!F58="CL";"🟤 ANNA(CL)";""),IF(Calendario!F58="FV";"🟡 ANNA(FV)";""),IF(Calendario!F58="TM";"🔵 ANNA(TM)";""),IF(Calendario!F58="TN";"🟣 ANNA(TN)";""),IF(Calendario!F58="TT";"🟠 ANNA(TT)";""),IF(Calendario!G58="";"🟢 PEPE";""),IF(Calendario!G58="CL";"🟤 PEPE(CL)";""),IF(Calendario!G58="FV";"🟡 PEPE(FV)";""),IF(Calendario!G58="TM";"🔵 PEPE(TM)";""),IF(Calendario!G58="TN";"🟣 PEPE(TN)";""),IF(Calendario!G58="TT";"🟠 PEPE(TT)";""),IF(Calendario!H58="";"🟢 IVAN";""),IF(Calendario!H58="CL";"🟤 IVAN(CL)";""),IF(Calendario!H58="FV";"🟡 IVAN(FV)";""),IF(Calendario!H58="TM";"🔵 IVAN(TM)";""),IF(Calendario!H58="TN";"🟣 IVAN(TN)";""),IF(Calendario!H58="TT";"🟠 IVAN(TT)";""),IF(Calendario!I58="";"🟢 YERAY";""),IF(Calendario!I58="CL";"🟤 YERAY(CL)";""),IF(Calendario!I58="FV";"🟡 YERAY(FV)";""),IF(Calendario!I58="TM";"🔵 YERAY(TM)";""),IF(Calendario!I58="TN";"🟣 YERAY(TN)";""),IF(Calendario!I58="TT";"🟠 YERAY(TT)";"")) | B16: =TEXTJOIN(CHAR(10);TRUE;TEXT(Calendario!A59,"DD"),IF(Calendario!C59="";"🟢 RESI";""),IF(Calendario!C59="CL";"🟤 RESI(CL)";""),IF(Calendario!C59="FV";"🟡 RESI(FV)";""),IF(Calendario!C59="TM";"🔵 RESI(TM)";""),IF(Calendario!C59="TN";"🟣 RESI(TN)";""),IF(Calendario!C59="TT";"🟠 RESI(TT)";""),IF(Calendario!D59="";"🟢 OSCAR";""),IF(Calendario!D59="CL";"🟤 OSCAR(CL)";""),IF(Calendario!D59="FV";"🟡 OSCAR(FV)";""),IF(Calendario!D59="TM";"🔵 OSCAR(TM)";""),IF(Calendario!D59="TN";"🟣 OSCAR(TN)";""),IF(Calendario!D59="TT";"🟠 OSCAR(TT)";""),IF(Calendario!E59="";"🟢 CLARA";""),IF(Calendario!E59="CL";"🟤 CLARA(CL)";""),IF(Calendario!E59="FV";"🟡 CLARA(FV)";""),IF(Calendario!E59="TM";"🔵 CLARA(TM)";""),IF(Calendario!E59="TN";"🟣 CLARA(TN)";""),IF(Calendario!E59="TT";"🟠 CLARA(TT)";""),IF(Calendario!F59="";"🟢 ANNA";""),IF(Calendario!F59="CL";"🟤 ANNA(CL)";""),IF(Calendario!F59="FV";"🟡 ANNA(FV)";""),IF(Calendario!F59="TM";"🔵 ANNA(TM)";""),IF(Calendario!F59="TN";"🟣 ANNA(TN)";""),IF(Calendario!F59="TT";"🟠 ANNA(TT)";""),IF(Calendario!G59="";"🟢 PEPE";""),IF(Calendario!G59="CL";"🟤 PEPE(CL)";""),IF(Calendario!G59="FV";"🟡 PEPE(FV)";""),IF(Calendario!G59="TM";"🔵 PEPE(TM)";""),IF(Calendario!G59="TN";"🟣 PEPE(TN)";""),IF(Calendario!G59="TT";"🟠 PEPE(TT)";""),IF(Calendario!H59="";"🟢 IVAN";""),IF(Calendario!H59="CL";"🟤 IVAN(CL)";""),IF(Calendario!H59="FV";"🟡 IVAN(FV)";""),IF(Calendario!H59="TM";"🔵 IVAN(TM)";""),IF(Calendario!H59="TN";"🟣 IVAN(TN)";""),IF(Calendario!H59="TT";"🟠 IVAN(TT)";""),IF(Calendario!I59="";"🟢 YERAY";""),IF(Calendario!I59="CL";"🟤 YERAY(CL)";""),IF(Calendario!I59="FV";"🟡 YERAY(FV)";""),IF(Calendario!I59="TM";"🔵 YERAY(TM)";""),IF(Calendario!I59="TN";"🟣 YERAY(TN)";""),IF(Calendario!I59="TT";"🟠 YERAY(TT)";"")) | C16: =TEXTJOIN(CHAR(10);TRUE;TEXT(Calendario!A60,"DD"),IF(Calendario!C60="";"🟢 RESI";""),IF(Calendario!C60="CL";"🟤 RESI(CL)";""),IF(Calendario!C60="FV";"🟡 RESI(FV)";""),IF(Calendario!C60="TM";"🔵 RESI(TM)";""),IF(Calendario!C60="TN";"🟣 RESI(TN)";""),IF(Calendario!C60="TT";"🟠 RESI(TT)";""),IF(Calendario!D60="";"🟢 OSCAR";""),IF(Calendario!D60="CL";"🟤 OSCAR(CL)";""),IF(Calendario!D60="FV";"🟡 OSCAR(FV)";""),IF(Calendario!D60="TM";"🔵 OSCAR(TM)";""),IF(Calendario!D60="TN";"🟣 OSCAR(TN)";""),IF(Calendario!D60="TT";"🟠 OSCAR(TT)";""),IF(Calendario!E60="";"🟢 CLARA";""),IF(Calendario!E60="CL";"🟤 CLARA(CL)";""),IF(Calendario!E60="FV";"🟡 CLARA(FV)";""),IF(Calendario!E60="TM";"🔵 CLARA(TM)";""),IF(Calendario!E60="TN";"🟣 CLARA(TN)";""),IF(Calendario!E60="TT";"🟠 CLARA(TT)";""),IF(Calendario!F60="";"🟢 ANNA";""),IF(Calendario!F60="CL";"🟤 ANNA(CL)";""),IF(Calendario!F60="FV";"🟡 ANNA(FV)";""),IF(Calendario!F60="TM";"🔵 ANNA(TM)";""),IF(Calendario!F60="TN";"🟣 ANNA(TN)";""),IF(Calendario!F60="TT";"🟠 ANNA(TT)";""),IF(Calendario!G60="";"🟢 PEPE";""),IF(Calendario!G60="CL";"🟤 PEPE(CL)";""),IF(Calendario!G60="FV";"🟡 PEPE(FV)";""),IF(Calendario!G60="TM";"🔵 PEPE(TM)";""),IF(Calendario!G60="TN";"🟣 PEPE(TN)";""),IF(Calendario!G60="TT";"🟠 PEPE(TT)";""),IF(Calendario!H60="";"🟢 IVAN";""),IF(Calendario!H60="CL";"🟤 IVAN(CL)";""),IF(Calendario!H60="FV";"🟡 IVAN(FV)";""),IF(Calendario!H60="TM";"🔵 IVAN(TM)";""),IF(Calendario!H60="TN";"🟣 IVAN(TN)";""),IF(Calendario!H60="TT";"🟠 IVAN(TT)";""),IF(Calendario!I60="";"🟢 YERAY";""),IF(Calendario!I60="CL";"🟤 YERAY(CL)";""),IF(Calendario!I60="FV";"🟡 YERAY(FV)";""),IF(Calendario!I60="TM";"🔵 YERAY(TM)";""),IF(Calendario!I60="TN";"🟣 YERAY(TN)";""),IF(Calendario!I60="TT";"🟠 YERAY(TT)";"")) | D16: =TEXTJOIN(CHAR(10);TRUE;TEXT(Calendario!A61,"DD"),IF(Calendario!C61="";"🟢 RESI";""),IF(Calendario!C61="CL";"🟤 RESI(CL)";""),IF(Calendario!C61="FV";"🟡 RESI(FV)";""),IF(Calendario!C61="TM";"🔵 RESI(TM)";""),IF(Calendario!C61="TN";"🟣 RESI(TN)";""),IF(Calendario!C61="TT";"🟠 RESI(TT)";""),IF(Calendario!D61="";"🟢 OSCAR";""),IF(Calendario!D61="CL";"🟤 OSCAR(CL)";""),IF(Calendario!D61="FV";"🟡 OSCAR(FV)";""),IF(Calendario!D61="TM";"🔵 OSCAR(TM)";""),IF(Calendario!D61="TN";"🟣 OSCAR(TN)";""),IF(Calendario!D61="TT";"🟠 OSCAR(TT)";""),IF(Calendario!E61="";"🟢 CLARA";""),IF(Calendario!E61="CL";"🟤 CLARA(CL)";""),IF(Calendario!E61="FV";"🟡 CLARA(FV)";""),IF(Calendario!E61="TM";"🔵 CLARA(TM)";""),IF(Calendario!E61="TN";"🟣 CLARA(TN)";""),IF(Calendario!E61="TT";"🟠 CLARA(TT)";""),IF(Calendario!F61="";"🟢 ANNA";""),IF(Calendario!F61="CL";"🟤 ANNA(CL)";""),IF(Calendario!F61="FV";"🟡 ANNA(FV)";""),IF(Calendario!F61="TM";"🔵 ANNA(TM)";""),IF(Calendario!F61="TN";"🟣 ANNA(TN)";""),IF(Calendario!F61="TT";"🟠 ANNA(TT)";""),IF(Calendario!G61="";"🟢 PEPE";""),IF(Calendario!G61="CL";"🟤 PEPE(CL)";""),IF(Calendario!G61="FV";"🟡 PEPE(FV)";""),IF(Calendario!G61="TM";"🔵 PEPE(TM)";""),IF(Calendario!G61="TN";"🟣 PEPE(TN)";""),IF(Calendario!G61="TT";"🟠 PEPE(TT)";""),IF(Calendario!H61="";"🟢 IVAN";""),IF(Calendario!H61="CL";"🟤 IVAN(CL)";""),IF(Calendario!H61="FV";"🟡 IVAN(FV)";""),IF(Calendario!H61="TM";"🔵 IVAN(TM)";""),IF(Calendario!H61="TN";"🟣 IVAN(TN)";""),IF(Calendario!H61="TT";"🟠 IVAN(TT)";""),IF(Calendario!I61="";"🟢 YERAY";""),IF(Calendario!I61="CL";"🟤 YERAY(CL)";""),IF(Calendario!I61="FV";"🟡 YERAY(FV)";""),IF(Calendario!I61="TM";"🔵 YERAY(TM)";""),IF(Calendario!I61="TN";"🟣 YERAY(TN)";""),IF(Calendario!I61="TT";"🟠 YERAY(TT)";"")) | E16: =TEXTJOIN(CHAR(10);TRUE;TEXT(Calendario!A62,"DD"),IF(Calendario!C62="";"🟢 RESI";""),IF(Calendario!C62="CL";"🟤 RESI(CL)";""),IF(Calendario!C62="FV";"🟡 RESI(FV)";""),IF(Calendario!C62="TM";"🔵 RESI(TM)";""),IF(Calendario!C62="TN";"🟣 RESI(TN)";""),IF(Calendario!C62="TT";"🟠 RESI(TT)";""),IF(Calendario!D62="";"🟢 OSCAR";""),IF(Calendario!D62="CL";"🟤 OSCAR(CL)";""),IF(Calendario!D62="FV";"🟡 OSCAR(FV)";""),IF(Calendario!D62="TM";"🔵 OSCAR(TM)";""),IF(Calendario!D62="TN";"🟣 OSCAR(TN)";""),IF(Calendario!D62="TT";"🟠 OSCAR(TT)";""),IF(Calendario!E62="";"🟢 CLARA";""),IF(Calendario!E62="CL";"🟤 CLARA(CL)";""),IF(Calendario!E62="FV";"🟡 CLARA(FV)";""),IF(Calendario!E62="TM";"🔵 CLARA(TM)";""),IF(Calendario!E62="TN";"🟣 CLARA(TN)";""),IF(Calendario!E62="TT";"🟠 CLARA(TT)";""),IF(Calendario!F62="";"🟢 ANNA";""),IF(Calendario!F62="CL";"🟤 ANNA(CL)";""),IF(Calendario!F62="FV";"🟡 ANNA(FV)";""),IF(Calendario!F62="TM";"🔵 ANNA(TM)";""),IF(Calendario!F62="TN";"🟣 ANNA(TN)";""),IF(Calendario!F62="TT";"🟠 ANNA(TT)";""),IF(Calendario!G62="";"🟢 PEPE";""),IF(Calendario!G62="CL";"🟤 PEPE(CL)";""),IF(Calendario!G62="FV";"🟡 PEPE(FV)";""),IF(Calendario!G62="TM";"🔵 PEPE(TM)";""),IF(Calendario!G62="TN";"🟣 PEPE(TN)";""),IF(Calendario!G62="TT";"🟠 PEPE(TT)";""),IF(Calendario!H62="";"🟢 IVAN";""),IF(Calendario!H62="CL";"🟤 IVAN(CL)";""),IF(Calendario!H62="FV";"🟡 IVAN(FV)";""),IF(Calendario!H62="TM";"🔵 IVAN(TM)";""),IF(Calendario!H62="TN";"🟣 IVAN(TN)";""),IF(Calendario!H62="TT";"🟠 IVAN(TT)";""),IF(Calendario!I62="";"🟢 YERAY";""),IF(Calendario!I62="CL";"🟤 YERAY(CL)";""),IF(Calendario!I62="FV";"🟡 YERAY(FV)";""),IF(Calendario!I62="TM";"🔵 YERAY(TM)";""),IF(Calendario!I62="TN";"🟣 YERAY(TN)";""),IF(Calendario!I62="TT";"🟠 YERAY(TT)";"")) | F16: =TEXTJOIN(CHAR(10);TRUE;TEXT(Calendario!A63,"DD"),IF(Calendario!C63="";"🟢 RESI";""),IF(Calendario!C63="CL";"🟤 RESI(CL)";""),IF(Calendario!C63="FV";"🟡 RESI(FV)";""),IF(Calendario!C63="TM";"🔵 RESI(TM)";""),IF(Calendario!C63="TN";"🟣 RESI(TN)";""),IF(Calendario!C63="TT";"🟠 RESI(TT)";""),IF(Calendario!D63="";"🟢 OSCAR";""),IF(Calendario!D63="CL";"🟤 OSCAR(CL)";""),IF(Calendario!D63="FV";"🟡 OSCAR(FV)";""),IF(Calendario!D63="TM";"🔵 OSCAR(TM)";""),IF(Calendario!D63="TN";"🟣 OSCAR(TN)";""),IF(Calendario!D63="TT";"🟠 OSCAR(TT)";""),IF(Calendario!E63="";"🟢 CLARA";""),IF(Calendario!E63="CL";"🟤 CLARA(CL)";""),IF(Calendario!E63="FV";"🟡 CLARA(FV)";""),IF(Calendario!E63="TM";"🔵 CLARA(TM)";""),IF(Calendario!E63="TN";"🟣 CLARA(TN)";""),IF(Calendario!E63="TT";"🟠 CLARA(TT)";""),IF(Calendario!F63="";"🟢 ANNA";""),IF(Calendario!F63="CL";"🟤 ANNA(CL)";""),IF(Calendario!F63="FV";"🟡 ANNA(FV)";""),IF(Calendario!F63="TM";"🔵 ANNA(TM)";""),IF(Calendario!F63="TN";"🟣 ANNA(TN)";""),IF(Calendario!F63="TT";"🟠 ANNA(TT)";""),IF(Calendario!G63="";"🟢 PEPE";""),IF(Calendario!G63="CL";"🟤 PEPE(CL)";""),IF(Calendario!G63="FV";"🟡 PEPE(FV)";""),IF(Calendario!G63="TM";"🔵 PEPE(TM)";""),IF(Calendario!G63="TN";"🟣 PEPE(TN)";""),IF(Calendario!G63="TT";"🟠 PEPE(TT)";""),IF(Calendario!H63="";"🟢 IVAN";""),IF(Calendario!H63="CL";"🟤 IVAN(CL)";""),IF(Calendario!H63="FV";"🟡 IVAN(FV)";""),IF(Calendario!H63="TM";"🔵 IVAN(TM)";""),IF(Calendario!H63="TN";"🟣 IVAN(TN)";""),IF(Calendario!H63="TT";"🟠 IVAN(TT)";""),IF(Calendario!I63="";"🟢 YERAY";""),IF(Calendario!I63="CL";"🟤 YERAY(CL)";""),IF(Calendario!I63="FV";"🟡 YERAY(FV)";""),IF(Calendario!I63="TM";"🔵 YERAY(TM)";""),IF(Calendario!I63="TN";"🟣 YERAY(TN)";""),IF(Calendario!I63="TT";"🟠 YERAY(TT)";"")) | G16: =TEXTJOIN(CHAR(10);TRUE;TEXT(Calendario!A64,"DD"),IF(Calendario!C64="";"🟢 RESI";""),IF(Calendario!C64="CL";"🟤 RESI(CL)";""),IF(Calendario!C64="FV";"🟡 RESI(FV)";""),IF(Calendario!C64="TM";"🔵 RESI(TM)";""),IF(Calendario!C64="TN";"🟣 RESI(TN)";""),IF(Calendario!C64="TT";"🟠 RESI(TT)";""),IF(Calendario!D64="";"🟢 OSCAR";""),IF(Calendario!D64="CL";"🟤 OSCAR(CL)";""),IF(Calendario!D64="FV";"🟡 OSCAR(FV)";""),IF(Calendario!D64="TM";"🔵 OSCAR(TM)";""),IF(Calendario!D64="TN";"🟣 OSCAR(TN)";""),IF(Calendario!D64="TT";"🟠 OSCAR(TT)";""),IF(Calendario!E64="";"🟢 CLARA";""),IF(Calendario!E64="CL";"🟤 CLARA(CL)";""),IF(Calendario!E64="FV";"🟡 CLARA(FV)";""),IF(Calendario!E64="TM";"🔵 CLARA(TM)";""),IF(Calendario!E64="TN";"🟣 CLARA(TN)";""),IF(Calendario!E64="TT";"🟠 CLARA(TT)";""),IF(Calendario!F64="";"🟢 ANNA";""),IF(Calendario!F64="CL";"🟤 ANNA(CL)";""),IF(Calendario!F64="FV";"🟡 ANNA(FV)";""),IF(Calendario!F64="TM";"🔵 ANNA(TM)";""),IF(Calendario!F64="TN";"🟣 ANNA(TN)";""),IF(Calendario!F64="TT";"🟠 ANNA(TT)";""),IF(Calendario!G64="";"🟢 PEPE";""),IF(Calendario!G64="CL";"🟤 PEPE(CL)";""),IF(Calendario!G64="FV";"🟡 PEPE(FV)";""),IF(Calendario!G64="TM";"🔵 PEPE(TM)";""),IF(Calendario!G64="TN";"🟣 PEPE(TN)";""),IF(Calendario!G64="TT";"🟠 PEPE(TT)";""),IF(Calendario!H64="";"🟢 IVAN";""),IF(Calendario!H64="CL";"🟤 IVAN(CL)";""),IF(Calendario!H64="FV";"🟡 IVAN(FV)";""),IF(Calendario!H64="TM";"🔵 IVAN(TM)";""),IF(Calendario!H64="TN";"🟣 IVAN(TN)";""),IF(Calendario!H64="TT";"🟠 IVAN(TT)";""),IF(Calendario!I64="";"🟢 YERAY";""),IF(Calendario!I64="CL";"🟤 YERAY(CL)";""),IF(Calendario!I64="FV";"🟡 YERAY(FV)";""),IF(Calendario!I64="TM";"🔵 YERAY(TM)";""),IF(Calendario!I64="TN";"🟣 YERAY(TN)";""),IF(Calendario!I64="TT";"🟠 YERAY(TT)";""))
A17: =TEXTJOIN(CHAR(10);TRUE;TEXT(Calendario!A65,"DD"),IF(Calendario!C65="";"🟢 RESI";""),IF(Calendario!C65="CL";"🟤 RESI(CL)";""),IF(Calendario!C65="FV";"🟡 RESI(FV)";""),IF(Calendario!C65="TM";"🔵 RESI(TM)";""),IF(Calendario!C65="TN";"🟣 RESI(TN)";""),IF(Calendario!C65="TT";"🟠 RESI(TT)";""),IF(Calendario!D65="";"🟢 OSCAR";""),IF(Calendario!D65="CL";"🟤 OSCAR(CL)";""),IF(Calendario!D65="FV";"🟡 OSCAR(FV)";""),IF(Calendario!D65="TM";"🔵 OSCAR(TM)";""),IF(Calendario!D65="TN";"🟣 OSCAR(TN)";""),IF(Calendario!D65="TT";"🟠 OSCAR(TT)";""),IF(Calendario!E65="";"🟢 CLARA";""),IF(Calendario!E65="CL";"🟤 CLARA(CL)";""),IF(Calendario!E65="FV";"🟡 CLARA(FV)";""),IF(Calendario!E65="TM";"🔵 CLARA(TM)";""),IF(Calendario!E65="TN";"🟣 CLARA(TN)";""),IF(Calendario!E65="TT";"🟠 CLARA(TT)";""),IF(Calendario!F65="";"🟢 ANNA";""),IF(Calendario!F65="CL";"🟤 ANNA(CL)";""),IF(Calendario!F65="FV";"🟡 ANNA(FV)";""),IF(Calendario!F65="TM";"🔵 ANNA(TM)";""),IF(Calendario!F65="TN";"🟣 ANNA(TN)";""),IF(Calendario!F65="TT";"🟠 ANNA(TT)";""),IF(Calendario!G65="";"🟢 PEPE";""),IF(Calendario!G65="CL";"🟤 PEPE(CL)";""),IF(Calendario!G65="FV";"🟡 PEPE(FV)";""),IF(Calendario!G65="TM";"🔵 PEPE(TM)";""),IF(Calendario!G65="TN";"🟣 PEPE(TN)";""),IF(Calendario!G65="TT";"🟠 PEPE(TT)";""),IF(Calendario!H65="";"🟢 IVAN";""),IF(Calendario!H65="CL";"🟤 IVAN(CL)";""),IF(Calendario!H65="FV";"🟡 IVAN(FV)";""),IF(Calendario!H65="TM";"🔵 IVAN(TM)";""),IF(Calendario!H65="TN";"🟣 IVAN(TN)";""),IF(Calendario!H65="TT";"🟠 IVAN(TT)";""),IF(Calendario!I65="";"🟢 YERAY";""),IF(Calendario!I65="CL";"🟤 YERAY(CL)";""),IF(Calendario!I65="FV";"🟡 YERAY(FV)";""),IF(Calendario!I65="TM";"🔵 YERAY(TM)";""),IF(Calendario!I65="TN";"🟣 YERAY(TN)";""),IF(Calendario!I65="TT";"🟠 YERAY(TT)";""))

Sheet Instrucciones
A1: CALENDARIO DE DISPONIBILIDAD — JULIO & AGOSTO 2026
A3: COMO USARLO:
A5: 1. En 'Calendario', cada persona rellena su columna con el desplegable:
A6: TM(Trabajar) | TT(Trabajar) | TN(Trabajar) | FV(Fuera (p) | FN(Fuera (N) | OC(Ocupado) | RE(Recupera) | OT(Otros) | CL(Clases)
A7: (vacio = disponible)
A9: 2. Las demas hojas se actualizan SOLAS:
A10: Resumen -> metricas del grupo
A11: JULIO -> listado de quien puede cada dia
A12: AGOSTO -> listado de quien puede cada dia
A13: Cuadricula -> vista calendario con emojis de colores:
A14: 🟢 = libre 🔵 = TM 🟠 = TT 🟣 = TN 🟡 = FV
A15: (FN/OC/RE/OT no aparecen = 100% no disponibles)
... A29: Guarda 'codigo_apps_script.gs' por si necesitas re-importar.
A31: === CODIGO APPS SCRIPT ===
A33: function onOpen() {
A34: SpreadsheetApp.getUi()
A35: .createMenu('📅 Grupo')
A36: .addItem('Marcar rango de dias...', 'showDialog')
A37: .addSeparator()
A38: .addItem('Limpiar todo', 'clearAll')
A39: .addToUi();
A40: }
A42: function showDialog() {
A43: var html = HtmlService.createHtmlOutput(
A44: '<style>' +
A45: 'body{font-family:Arial,sans-serif;padding:20px}' +
... A119: }
A121: === FIN ===
