Workbook

Sheet Calendario
A1: Fecha | B1: Dia | C1: SUSANNA | D1: ZUA | E1: PEPE | F1: ANTO | G1: ELIAS | H1: CRIS
A2: JULIO 2026
A3: 46204 | B3: Mie
A4: 46205 | B4: Jue
A5: 46206 | B5: Vie
A6: 46207 | B6: Sab
A7: 46208 | B7: Dom
A8: 46209 | B8: Lun
A9: 46210 | B9: Mar
A10: 46211 | B10: Mie
A11: 46212 | B11: Jue
A12: 46213 | B12: Vie
A13: 46214 | B13: Sab
A14: 46215 | B14: Dom
... A33: 46234 | B33: Vie
A34: AGOSTO 2026
A35: 46235 | B35: Sab
A36: 46236 | B36: Dom
A37: 46237 | B37: Lun
A38: 46238 | B38: Mar
A39: 46239 | B39: Mie
A40: 46240 | B40: Jue
A41: 46241 | B41: Vie
A42: 46242 | B42: Sab
A43: 46243 | B43: Dom
A44: 46244 | B44: Lun
A45: 46245 | B45: Mar
A46: 46246 | B46: Mie
... A65: 46265 | B65: Lun
A68: LEYENDA
B69: TM -> Trabajar manana (~08-15)
B70: TT -> Trabajar tarde (~15-21)
B71: TN -> Trabajar noche (~21-08)
B72: FV -> Fuera (puedo volver)
B73: FN -> Fuera (NO volver)
B74: OC -> Ocupado
B75: RE -> Recuperaciones
B76: OT -> Otros
B77: CL -> Clases
B78: (vacio = disponible)

Sheet Resumen
A1: PANEL DE DISPONIBILIDAD — JULIO & AGOSTO 2026
B2: TOTAL DIAS | C2: 62 | E2: TODOS LIBRES | F2: =COUNTIF(J6:J67,"SI") | H2: MAX 1 OCUPADO | I2: =COUNTIF(K6:K67,"SI") | K2: MAX 2 OCUPADOS | L2: =COUNTIF(L6:L67,"SI") | N2: MAX 3 OCUPADOS | O2: =COUNTIF(M6:M67,"SI")
A4: Fecha | B4: Dia | C4: Libres | D4: TM | E4: TT | F4: TN | G4: FV | H4: FN | I4: Ocupados (TM+TT+TN) | J4: Todos libres | K4: Todos -1 | L4: Todos -2 | M4: Todos -3 | N4: Todos FN | O4: % Disponible
J5: Umbrales: minimo de personas libres
A6: 46204 | B6: Mie | C6: =COUNTIF(Calendario!C3:H3,"") | D6: =COUNTIF(Calendario!C3:H3,"TM") | E6: =COUNTIF(Calendario!C3:H3,"TT") | F6: =COUNTIF(Calendario!C3:H3,"TN") | G6: =COUNTIF(Calendario!C3:H3,"FV") | H6: =COUNTIF(Calendario!C3:H3,"FN") | I6: =D6+E6+F6 | J6: =IF(C6>=6,"SI","") | K6: =IF(C6>=5,"SI","") | L6: =IF(C6>=4,"SI","") | M6: =IF(C6>=3,"SI","") | N6: =IF(H6=6,"SI","") | O6: =C6/6
A7: 46205 | B7: Jue | C7: =COUNTIF(Calendario!C4:H4,"") | D7: =COUNTIF(Calendario!C4:H4,"TM") | E7: =COUNTIF(Calendario!C4:H4,"TT") | F7: =COUNTIF(Calendario!C4:H4,"TN") | G7: =COUNTIF(Calendario!C4:H4,"FV") | H7: =COUNTIF(Calendario!C4:H4,"FN") | I7: =D7+E7+F7 | J7: =IF(C7>=6,"SI","") | K7: =IF(C7>=5,"SI","") | L7: =IF(C7>=4,"SI","") | M7: =IF(C7>=3,"SI","") | N7: =IF(H7=6,"SI","") | O7: =C7/6
A8: 46206 | B8: Vie | C8: =COUNTIF(Calendario!C5:H5,"") | D8: =COUNTIF(Calendario!C5:H5,"TM") | E8: =COUNTIF(Calendario!C5:H5,"TT") | F8: =COUNTIF(Calendario!C5:H5,"TN") | G8: =COUNTIF(Calendario!C5:H5,"FV") | H8: =COUNTIF(Calendario!C5:H5,"FN") | I8: =D8+E8+F8 | J8: =IF(C8>=6,"SI","") | K8: =IF(C8>=5,"SI","") | L8: =IF(C8>=4,"SI","") | M8: =IF(C8>=3,"SI","") | N8: =IF(H8=6,"SI","") | O8: =C8/6
A9: 46207 | B9: Sab | C9: =COUNTIF(Calendario!C6:H6,"") | D9: =COUNTIF(Calendario!C6:H6,"TM") | E9: =COUNTIF(Calendario!C6:H6,"TT") | F9: =COUNTIF(Calendario!C6:H6,"TN") | G9: =COUNTIF(Calendario!C6:H6,"FV") | H9: =COUNTIF(Calendario!C6:H6,"FN") | I9: =D9+E9+F9 | J9: =IF(C9>=6,"SI","") | K9: =IF(C9>=5,"SI","") | L9: =IF(C9>=4,"SI","") | M9: =IF(C9>=3,"SI","") | N9: =IF(H9=6,"SI","") | O9: =C9/6
A10: 46208 | B10: Dom | C10: =COUNTIF(Calendario!C7:H7,"") | D10: =COUNTIF(Calendario!C7:H7,"TM") | E10: =COUNTIF(Calendario!C7:H7,"TT") | F10: =COUNTIF(Calendario!C7:H7,"TN") | G10: =COUNTIF(Calendario!C7:H7,"FV") | H10: =COUNTIF(Calendario!C7:H7,"FN") | I10: =D10+E10+F10 | J10: =IF(C10>=6,"SI","") | K10: =IF(C10>=5,"SI","") | L10: =IF(C10>=4,"SI","") | M10: =IF(C10>=3,"SI","") | N10: =IF(H10=6,"SI","") | O10: =C10/6
A11: 46209 | B11: Lun | C11: =COUNTIF(Calendario!C8:H8,"") | D11: =COUNTIF(Calendario!C8:H8,"TM") | E11: =COUNTIF(Calendario!C8:H8,"TT") | F11: =COUNTIF(Calendario!C8:H8,"TN") | G11: =COUNTIF(Calendario!C8:H8,"FV") | H11: =COUNTIF(Calendario!C8:H8,"FN") | I11: =D11+E11+F11 | J11: =IF(C11>=6,"SI","") | K11: =IF(C11>=5,"SI","") | L11: =IF(C11>=4,"SI","") | M11: =IF(C11>=3,"SI","") | N11: =IF(H11=6,"SI","") | O11: =C11/6
A12: 46210 | B12: Mar | C12: =COUNTIF(Calendario!C9:H9,"") | D12: =COUNTIF(Calendario!C9:H9,"TM") | E12: =COUNTIF(Calendario!C9:H9,"TT") | F12: =COUNTIF(Calendario!C9:H9,"TN") | G12: =COUNTIF(Calendario!C9:H9,"FV") | H12: =COUNTIF(Calendario!C9:H9,"FN") | I12: =D12+E12+F12 | J12: =IF(C12>=6,"SI","") | K12: =IF(C12>=5,"SI","") | L12: =IF(C12>=4,"SI","") | M12: =IF(C12>=3,"SI","") | N12: =IF(H12=6,"SI","") | O12: =C12/6
A13: 46211 | B13: Mie | C13: =COUNTIF(Calendario!C10:H10,"") | D13: =COUNTIF(Calendario!C10:H10,"TM") | E13: =COUNTIF(Calendario!C10:H10,"TT") | F13: =COUNTIF(Calendario!C10:H10,"TN") | G13: =COUNTIF(Calendario!C10:H10,"FV") | H13: =COUNTIF(Calendario!C10:H10,"FN") | I13: =D13+E13+F13 | J13: =IF(C13>=6,"SI","") | K13: =IF(C13>=5,"SI","") | L13: =IF(C13>=4,"SI","") | M13: =IF(C13>=3,"SI","") | N13: =IF(H13=6,"SI","") | O13: =C13/6
A14: 46212 | B14: Jue | C14: =COUNTIF(Calendario!C11:H11,"") | D14: =COUNTIF(Calendario!C11:H11,"TM") | E14: =COUNTIF(Calendario!C11:H11,"TT") | F14: =COUNTIF(Calendario!C11:H11,"TN") | G14: =COUNTIF(Calendario!C11:H11,"FV") | H14: =COUNTIF(Calendario!C11:H11,"FN") | I14: =D14+E14+F14 | J14: =IF(C14>=6,"SI","") | K14: =IF(C14>=5,"SI","") | L14: =IF(C14>=4,"SI","") | M14: =IF(C14>=3,"SI","") | N14: =IF(H14=6,"SI","") | O14: =C14/6
A15: 46213 | B15: Vie | C15: =COUNTIF(Calendario!C12:H12,"") | D15: =COUNTIF(Calendario!C12:H12,"TM") | E15: =COUNTIF(Calendario!C12:H12,"TT") | F15: =COUNTIF(Calendario!C12:H12,"TN") | G15: =COUNTIF(Calendario!C12:H12,"FV") | H15: =COUNTIF(Calendario!C12:H12,"FN") | I15: =D15+E15+F15 | J15: =IF(C15>=6,"SI","") | K15: =IF(C15>=5,"SI","") | L15: =IF(C15>=4,"SI","") | M15: =IF(C15>=3,"SI","") | N15: =IF(H15=6,"SI","") | O15: =C15/6
A16: 46214 | B16: Sab | C16: =COUNTIF(Calendario!C13:H13,"") | D16: =COUNTIF(Calendario!C13:H13,"TM") | E16: =COUNTIF(Calendario!C13:H13,"TT") | F16: =COUNTIF(Calendario!C13:H13,"TN") | G16: =COUNTIF(Calendario!C13:H13,"FV") | H16: =COUNTIF(Calendario!C13:H13,"FN") | I16: =D16+E16+F16 | J16: =IF(C16>=6,"SI","") | K16: =IF(C16>=5,"SI","") | L16: =IF(C16>=4,"SI","") | M16: =IF(C16>=3,"SI","") | N16: =IF(H16=6,"SI","") | O16: =C16/6
A17: 46215 | B17: Dom | C17: =COUNTIF(Calendario!C14:H14,"") | D17: =COUNTIF(Calendario!C14:H14,"TM") | E17: =COUNTIF(Calendario!C14:H14,"TT") | F17: =COUNTIF(Calendario!C14:H14,"TN") | G17: =COUNTIF(Calendario!C14:H14,"FV") | H17: =COUNTIF(Calendario!C14:H14,"FN") | I17: =D17+E17+F17 | J17: =IF(C17>=6,"SI","") | K17: =IF(C17>=5,"SI","") | L17: =IF(C17>=4,"SI","") | M17: =IF(C17>=3,"SI","") | N17: =IF(H17=6,"SI","") | O17: =C17/6
... A36: 46234 | B36: Vie | C36: =COUNTIF(Calendario!C33:H33,"") | D36: =COUNTIF(Calendario!C33:H33,"TM") | E36: =COUNTIF(Calendario!C33:H33,"TT") | F36: =COUNTIF(Calendario!C33:H33,"TN") | G36: =COUNTIF(Calendario!C33:H33,"FV") | H36: =COUNTIF(Calendario!C33:H33,"FN") | I36: =D36+E36+F36 | J36: =IF(C36>=6,"SI","") | K36: =IF(C36>=5,"SI","") | L36: =IF(C36>=4,"SI","") | M36: =IF(C36>=3,"SI","") | N36: =IF(H36=6,"SI","") | O36: =C36/6
A37: 46235 | B37: Sab | C37: =COUNTIF(Calendario!C35:H35,"") | D37: =COUNTIF(Calendario!C35:H35,"TM") | E37: =COUNTIF(Calendario!C35:H35,"TT") | F37: =COUNTIF(Calendario!C35:H35,"TN") | G37: =COUNTIF(Calendario!C35:H35,"FV") | H37: =COUNTIF(Calendario!C35:H35,"FN") | I37: =D37+E37+F37 | J37: =IF(C37>=6,"SI","") | K37: =IF(C37>=5,"SI","") | L37: =IF(C37>=4,"SI","") | M37: =IF(C37>=3,"SI","") | N37: =IF(H37=6,"SI","") | O37: =C37/6
A38: 46236 | B38: Dom | C38: =COUNTIF(Calendario!C36:H36,"") | D38: =COUNTIF(Calendario!C36:H36,"TM") | E38: =COUNTIF(Calendario!C36:H36,"TT") | F38: =COUNTIF(Calendario!C36:H36,"TN") | G38: =COUNTIF(Calendario!C36:H36,"FV") | H38: =COUNTIF(Calendario!C36:H36,"FN") | I38: =D38+E38+F38 | J38: =IF(C38>=6,"SI","") | K38: =IF(C38>=5,"SI","") | L38: =IF(C38>=4,"SI","") | M38: =IF(C38>=3,"SI","") | N38: =IF(H38=6,"SI","") | O38: =C38/6
A39: 46237 | B39: Lun | C39: =COUNTIF(Calendario!C37:H37,"") | D39: =COUNTIF(Calendario!C37:H37,"TM") | E39: =COUNTIF(Calendario!C37:H37,"TT") | F39: =COUNTIF(Calendario!C37:H37,"TN") | G39: =COUNTIF(Calendario!C37:H37,"FV") | H39: =COUNTIF(Calendario!C37:H37,"FN") | I39: =D39+E39+F39 | J39: =IF(C39>=6,"SI","") | K39: =IF(C39>=5,"SI","") | L39: =IF(C39>=4,"SI","") | M39: =IF(C39>=3,"SI","") | N39: =IF(H39=6,"SI","") | O39: =C39/6
A40: 46238 | B40: Mar | C40: =COUNTIF(Calendario!C38:H38,"") | D40: =COUNTIF(Calendario!C38:H38,"TM") | E40: =COUNTIF(Calendario!C38:H38,"TT") | F40: =COUNTIF(Calendario!C38:H38,"TN") | G40: =COUNTIF(Calendario!C38:H38,"FV") | H40: =COUNTIF(Calendario!C38:H38,"FN") | I40: =D40+E40+F40 | J40: =IF(C40>=6,"SI","") | K40: =IF(C40>=5,"SI","") | L40: =IF(C40>=4,"SI","") | M40: =IF(C40>=3,"SI","") | N40: =IF(H40=6,"SI","") | O40: =C40/6
A41: 46239 | B41: Mie | C41: =COUNTIF(Calendario!C39:H39,"") | D41: =COUNTIF(Calendario!C39:H39,"TM") | E41: =COUNTIF(Calendario!C39:H39,"TT") | F41: =COUNTIF(Calendario!C39:H39,"TN") | G41: =COUNTIF(Calendario!C39:H39,"FV") | H41: =COUNTIF(Calendario!C39:H39,"FN") | I41: =D41+E41+F41 | J41: =IF(C41>=6,"SI","") | K41: =IF(C41>=5,"SI","") | L41: =IF(C41>=4,"SI","") | M41: =IF(C41>=3,"SI","") | N41: =IF(H41=6,"SI","") | O41: =C41/6
A42: 46240 | B42: Jue | C42: =COUNTIF(Calendario!C40:H40,"") | D42: =COUNTIF(Calendario!C40:H40,"TM") | E42: =COUNTIF(Calendario!C40:H40,"TT") | F42: =COUNTIF(Calendario!C40:H40,"TN") | G42: =COUNTIF(Calendario!C40:H40,"FV") | H42: =COUNTIF(Calendario!C40:H40,"FN") | I42: =D42+E42+F42 | J42: =IF(C42>=6,"SI","") | K42: =IF(C42>=5,"SI","") | L42: =IF(C42>=4,"SI","") | M42: =IF(C42>=3,"SI","") | N42: =IF(H42=6,"SI","") | O42: =C42/6
A43: 46241 | B43: Vie | C43: =COUNTIF(Calendario!C41:H41,"") | D43: =COUNTIF(Calendario!C41:H41,"TM") | E43: =COUNTIF(Calendario!C41:H41,"TT") | F43: =COUNTIF(Calendario!C41:H41,"TN") | G43: =COUNTIF(Calendario!C41:H41,"FV") | H43: =COUNTIF(Calendario!C41:H41,"FN") | I43: =D43+E43+F43 | J43: =IF(C43>=6,"SI","") | K43: =IF(C43>=5,"SI","") | L43: =IF(C43>=4,"SI","") | M43: =IF(C43>=3,"SI","") | N43: =IF(H43=6,"SI","") | O43: =C43/6
A44: 46242 | B44: Sab | C44: =COUNTIF(Calendario!C42:H42,"") | D44: =COUNTIF(Calendario!C42:H42,"TM") | E44: =COUNTIF(Calendario!C42:H42,"TT") | F44: =COUNTIF(Calendario!C42:H42,"TN") | G44: =COUNTIF(Calendario!C42:H42,"FV") | H44: =COUNTIF(Calendario!C42:H42,"FN") | I44: =D44+E44+F44 | J44: =IF(C44>=6,"SI","") | K44: =IF(C44>=5,"SI","") | L44: =IF(C44>=4,"SI","") | M44: =IF(C44>=3,"SI","") | N44: =IF(H44=6,"SI","") | O44: =C44/6
A45: 46243 | B45: Dom | C45: =COUNTIF(Calendario!C43:H43,"") | D45: =COUNTIF(Calendario!C43:H43,"TM") | E45: =COUNTIF(Calendario!C43:H43,"TT") | F45: =COUNTIF(Calendario!C43:H43,"TN") | G45: =COUNTIF(Calendario!C43:H43,"FV") | H45: =COUNTIF(Calendario!C43:H43,"FN") | I45: =D45+E45+F45 | J45: =IF(C45>=6,"SI","") | K45: =IF(C45>=5,"SI","") | L45: =IF(C45>=4,"SI","") | M45: =IF(C45>=3,"SI","") | N45: =IF(H45=6,"SI","") | O45: =C45/6
A46: 46244 | B46: Lun | C46: =COUNTIF(Calendario!C44:H44,"") | D46: =COUNTIF(Calendario!C44:H44,"TM") | E46: =COUNTIF(Calendario!C44:H44,"TT") | F46: =COUNTIF(Calendario!C44:H44,"TN") | G46: =COUNTIF(Calendario!C44:H44,"FV") | H46: =COUNTIF(Calendario!C44:H44,"FN") | I46: =D46+E46+F46 | J46: =IF(C46>=6,"SI","") | K46: =IF(C46>=5,"SI","") | L46: =IF(C46>=4,"SI","") | M46: =IF(C46>=3,"SI","") | N46: =IF(H46=6,"SI","") | O46: =C46/6
A47: 46245 | B47: Mar | C47: =COUNTIF(Calendario!C45:H45,"") | D47: =COUNTIF(Calendario!C45:H45,"TM") | E47: =COUNTIF(Calendario!C45:H45,"TT") | F47: =COUNTIF(Calendario!C45:H45,"TN") | G47: =COUNTIF(Calendario!C45:H45,"FV") | H47: =COUNTIF(Calendario!C45:H45,"FN") | I47: =D47+E47+F47 | J47: =IF(C47>=6,"SI","") | K47: =IF(C47>=5,"SI","") | L47: =IF(C47>=4,"SI","") | M47: =IF(C47>=3,"SI","") | N47: =IF(H47=6,"SI","") | O47: =C47/6
A48: 46246 | B48: Mie | C48: =COUNTIF(Calendario!C46:H46,"") | D48: =COUNTIF(Calendario!C46:H46,"TM") | E48: =COUNTIF(Calendario!C46:H46,"TT") | F48: =COUNTIF(Calendario!C46:H46,"TN") | G48: =COUNTIF(Calendario!C46:H46,"FV") | H48: =COUNTIF(Calendario!C46:H46,"FN") | I48: =D48+E48+F48 | J48: =IF(C48>=6,"SI","") | K48: =IF(C48>=5,"SI","") | L48: =IF(C48>=4,"SI","") | M48: =IF(C48>=3,"SI","") | N48: =IF(H48=6,"SI","") | O48: =C48/6
... A67: 46265 | B67: Lun | C67: =COUNTIF(Calendario!C65:H65,"") | D67: =COUNTIF(Calendario!C65:H65,"TM") | E67: =COUNTIF(Calendario!C65:H65,"TT") | F67: =COUNTIF(Calendario!C65:H65,"TN") | G67: =COUNTIF(Calendario!C65:H65,"FV") | H67: =COUNTIF(Calendario!C65:H65,"FN") | I67: =D67+E67+F67 | J67: =IF(C67>=6,"SI","") | K67: =IF(C67>=5,"SI","") | L67: =IF(C67>=4,"SI","") | M67: =IF(C67>=3,"SI","") | N67: =IF(H67=6,"SI","") | O67: =C67/6
A68: TOTALES | C68: =SUM(C6:C67) | D68: =SUM(D6:D67) | E68: =SUM(E6:E67) | F68: =SUM(F6:F67) | G68: =SUM(G6:G67) | H68: =SUM(H6:H67) | I68: =SUM(I6:I67) | J68: =SUM(J6:J67) | ... N68: =SUM(N6:N67) | O68: =AVERAGE(O6:O67)

Sheet Julio
A1: JULIO 2026 — Quien puede cada dia
A2: 1 | B2: 46204 | C2: Mie | D2: =TEXTJOIN(", ";TRUE,IF(Calendario!C3="","SUSANNA",""), IF(Calendario!D3="","ZUA",""), IF(Calendario!E3="","PEPE",""), IF(Calendario!F3="","ANTO",""), IF(Calendario!G3="","ELIAS",""), IF(Calendario!H3="","CRIS","")) | E2: =TEXTJOIN(", ";TRUE,IF(Calendario!C3<>"","SUSANNA("&Calendario!C3&")",""), IF(Calendario!D3<>"","ZUA("&Calendario!D3&")",""), IF(Calendario!E3<>"","PEPE("&Calendario!E3&")",""), IF(Calendario!F3<>"","ANTO("&Calendario!F3&")",""), IF(Calendario!G3<>"","ELIAS("&Calendario!G3&")",""), IF(Calendario!H3<>"","CRIS("&Calendario!H3&")",""))
A3: 2 | B3: 46205 | C3: Jue | D3: =TEXTJOIN(", ";TRUE,IF(Calendario!C4="","SUSANNA",""), IF(Calendario!D4="","ZUA",""), IF(Calendario!E4="","PEPE",""), IF(Calendario!F4="","ANTO",""), IF(Calendario!G4="","ELIAS",""), IF(Calendario!H4="","CRIS","")) | E3: =TEXTJOIN(", ";TRUE,IF(Calendario!C4<>"","SUSANNA("&Calendario!C4&")",""), IF(Calendario!D4<>"","ZUA("&Calendario!D4&")",""), IF(Calendario!E4<>"","PEPE("&Calendario!E4&")",""), IF(Calendario!F4<>"","ANTO("&Calendario!F4&")",""), IF(Calendario!G4<>"","ELIAS("&Calendario!G4&")",""), IF(Calendario!H4<>"","CRIS("&Calendario!H4&")",""))
A4: 3 | B4: 46206 | C4: Vie | D4: =TEXTJOIN(", ";TRUE,IF(Calendario!C5="","SUSANNA",""), IF(Calendario!D5="","ZUA",""), IF(Calendario!E5="","PEPE",""), IF(Calendario!F5="","ANTO",""), IF(Calendario!G5="","ELIAS",""), IF(Calendario!H5="","CRIS","")) | E4: =TEXTJOIN(", ";TRUE,IF(Calendario!C5<>"","SUSANNA("&Calendario!C5&")",""), IF(Calendario!D5<>"","ZUA("&Calendario!D5&")",""), IF(Calendario!E5<>"","PEPE("&Calendario!E5&")",""), IF(Calendario!F5<>"","ANTO("&Calendario!F5&")",""), IF(Calendario!G5<>"","ELIAS("&Calendario!G5&")",""), IF(Calendario!H5<>"","CRIS("&Calendario!H5&")",""))
A5: 4 | B5: 46207 | C5: Sab | D5: =TEXTJOIN(", ";TRUE,IF(Calendario!C6="","SUSANNA",""), IF(Calendario!D6="","ZUA",""), IF(Calendario!E6="","PEPE",""), IF(Calendario!F6="","ANTO",""), IF(Calendario!G6="","ELIAS",""), IF(Calendario!H6="","CRIS","")) | E5: =TEXTJOIN(", ";TRUE,IF(Calendario!C6<>"","SUSANNA("&Calendario!C6&")",""), IF(Calendario!D6<>"","ZUA("&Calendario!D6&")",""), IF(Calendario!E6<>"","PEPE("&Calendario!E6&")",""), IF(Calendario!F6<>"","ANTO("&Calendario!F6&")",""), IF(Calendario!G6<>"","ELIAS("&Calendario!G6&")",""), IF(Calendario!H6<>"","CRIS("&Calendario!H6&")",""))
A6: 5 | B6: 46208 | C6: Dom | D6: =TEXTJOIN(", ";TRUE,IF(Calendario!C7="","SUSANNA",""), IF(Calendario!D7="","ZUA",""), IF(Calendario!E7="","PEPE",""), IF(Calendario!F7="","ANTO",""), IF(Calendario!G7="","ELIAS",""), IF(Calendario!H7="","CRIS","")) | E6: =TEXTJOIN(", ";TRUE,IF(Calendario!C7<>"","SUSANNA("&Calendario!C7&")",""), IF(Calendario!D7<>"","ZUA("&Calendario!D7&")",""), IF(Calendario!E7<>"","PEPE("&Calendario!E7&")",""), IF(Calendario!F7<>"","ANTO("&Calendario!F7&")",""), IF(Calendario!G7<>"","ELIAS("&Calendario!G7&")",""), IF(Calendario!H7<>"","CRIS("&Calendario!H7&")",""))
A7: 6 | B7: 46209 | C7: Lun | D7: =TEXTJOIN(", ";TRUE,IF(Calendario!C8="","SUSANNA",""), IF(Calendario!D8="","ZUA",""), IF(Calendario!E8="","PEPE",""), IF(Calendario!F8="","ANTO",""), IF(Calendario!G8="","ELIAS",""), IF(Calendario!H8="","CRIS","")) | E7: =TEXTJOIN(", ";TRUE,IF(Calendario!C8<>"","SUSANNA("&Calendario!C8&")",""), IF(Calendario!D8<>"","ZUA("&Calendario!D8&")",""), IF(Calendario!E8<>"","PEPE("&Calendario!E8&")",""), IF(Calendario!F8<>"","ANTO("&Calendario!F8&")",""), IF(Calendario!G8<>"","ELIAS("&Calendario!G8&")",""), IF(Calendario!H8<>"","CRIS("&Calendario!H8&")",""))
A8: 7 | B8: 46210 | C8: Mar | D8: =TEXTJOIN(", ";TRUE,IF(Calendario!C9="","SUSANNA",""), IF(Calendario!D9="","ZUA",""), IF(Calendario!E9="","PEPE",""), IF(Calendario!F9="","ANTO",""), IF(Calendario!G9="","ELIAS",""), IF(Calendario!H9="","CRIS","")) | E8: =TEXTJOIN(", ";TRUE,IF(Calendario!C9<>"","SUSANNA("&Calendario!C9&")",""), IF(Calendario!D9<>"","ZUA("&Calendario!D9&")",""), IF(Calendario!E9<>"","PEPE("&Calendario!E9&")",""), IF(Calendario!F9<>"","ANTO("&Calendario!F9&")",""), IF(Calendario!G9<>"","ELIAS("&Calendario!G9&")",""), IF(Calendario!H9<>"","CRIS("&Calendario!H9&")",""))
A9: 8 | B9: 46211 | C9: Mie | D9: =TEXTJOIN(", ";TRUE,IF(Calendario!C10="","SUSANNA",""), IF(Calendario!D10="","ZUA",""), IF(Calendario!E10="","PEPE",""), IF(Calendario!F10="","ANTO",""), IF(Calendario!G10="","ELIAS",""), IF(Calendario!H10="","CRIS","")) | E9: =TEXTJOIN(", ";TRUE,IF(Calendario!C10<>"","SUSANNA("&Calendario!C10&")",""), IF(Calendario!D10<>"","ZUA("&Calendario!D10&")",""), IF(Calendario!E10<>"","PEPE("&Calendario!E10&")",""), IF(Calendario!F10<>"","ANTO("&Calendario!F10&")",""), IF(Calendario!G10<>"","ELIAS("&Calendario!G10&")",""), IF(Calendario!H10<>"","CRIS("&Calendario!H10&")",""))
A10: 9 | B10: 46212 | C10: Jue | D10: =TEXTJOIN(", ";TRUE,IF(Calendario!C11="","SUSANNA",""), IF(Calendario!D11="","ZUA",""), IF(Calendario!E11="","PEPE",""), IF(Calendario!F11="","ANTO",""), IF(Calendario!G11="","ELIAS",""), IF(Calendario!H11="","CRIS","")) | E10: =TEXTJOIN(", ";TRUE,IF(Calendario!C11<>"","SUSANNA("&Calendario!C11&")",""), IF(Calendario!D11<>"","ZUA("&Calendario!D11&")",""), IF(Calendario!E11<>"","PEPE("&Calendario!E11&")",""), IF(Calendario!F11<>"","ANTO("&Calendario!F11&")",""), IF(Calendario!G11<>"","ELIAS("&Calendario!G11&")",""), IF(Calendario!H11<>"","CRIS("&Calendario!H11&")",""))
A11: 10 | B11: 46213 | C11: Vie | D11: =TEXTJOIN(", ";TRUE,IF(Calendario!C12="","SUSANNA",""), IF(Calendario!D12="","ZUA",""), IF(Calendario!E12="","PEPE",""), IF(Calendario!F12="","ANTO",""), IF(Calendario!G12="","ELIAS",""), IF(Calendario!H12="","CRIS","")) | E11: =TEXTJOIN(", ";TRUE,IF(Calendario!C12<>"","SUSANNA("&Calendario!C12&")",""), IF(Calendario!D12<>"","ZUA("&Calendario!D12&")",""), IF(Calendario!E12<>"","PEPE("&Calendario!E12&")",""), IF(Calendario!F12<>"","ANTO("&Calendario!F12&")",""), IF(Calendario!G12<>"","ELIAS("&Calendario!G12&")",""), IF(Calendario!H12<>"","CRIS("&Calendario!H12&")",""))
A12: 11 | B12: 46214 | C12: Sab | D12: =TEXTJOIN(", ";TRUE,IF(Calendario!C13="","SUSANNA",""), IF(Calendario!D13="","ZUA",""), IF(Calendario!E13="","PEPE",""), IF(Calendario!F13="","ANTO",""), IF(Calendario!G13="","ELIAS",""), IF(Calendario!H13="","CRIS","")) | E12: =TEXTJOIN(", ";TRUE,IF(Calendario!C13<>"","SUSANNA("&Calendario!C13&")",""), IF(Calendario!D13<>"","ZUA("&Calendario!D13&")",""), IF(Calendario!E13<>"","PEPE("&Calendario!E13&")",""), IF(Calendario!F13<>"","ANTO("&Calendario!F13&")",""), IF(Calendario!G13<>"","ELIAS("&Calendario!G13&")",""), IF(Calendario!H13<>"","CRIS("&Calendario!H13&")",""))
A13: 12 | B13: 46215 | C13: Dom | D13: =TEXTJOIN(", ";TRUE,IF(Calendario!C14="","SUSANNA",""), IF(Calendario!D14="","ZUA",""), IF(Calendario!E14="","PEPE",""), IF(Calendario!F14="","ANTO",""), IF(Calendario!G14="","ELIAS",""), IF(Calendario!H14="","CRIS","")) | E13: =TEXTJOIN(", ";TRUE,IF(Calendario!C14<>"","SUSANNA("&Calendario!C14&")",""), IF(Calendario!D14<>"","ZUA("&Calendario!D14&")",""), IF(Calendario!E14<>"","PEPE("&Calendario!E14&")",""), IF(Calendario!F14<>"","ANTO("&Calendario!F14&")",""), IF(Calendario!G14<>"","ELIAS("&Calendario!G14&")",""), IF(Calendario!H14<>"","CRIS("&Calendario!H14&")",""))
... A32: 31 | B32: 46234 | C32: Vie | D32: =TEXTJOIN(", ";TRUE,IF(Calendario!C33="","SUSANNA",""), IF(Calendario!D33="","ZUA",""), IF(Calendario!E33="","PEPE",""), IF(Calendario!F33="","ANTO",""), IF(Calendario!G33="","ELIAS",""), IF(Calendario!H33="","CRIS","")) | E32: =TEXTJOIN(", ";TRUE,IF(Calendario!C33<>"","SUSANNA("&Calendario!C33&")",""), IF(Calendario!D33<>"","ZUA("&Calendario!D33&")",""), IF(Calendario!E33<>"","PEPE("&Calendario!E33&")",""), IF(Calendario!F33<>"","ANTO("&Calendario!F33&")",""), IF(Calendario!G33<>"","ELIAS("&Calendario!G33&")",""), IF(Calendario!H33<>"","CRIS("&Calendario!H33&")",""))

Sheet Agosto
A1: AGOSTO 2026 — Quien puede cada dia
A2: 1 | B2: 46235 | C2: Sab | D2: =TEXTJOIN(", ";TRUE,IF(Calendario!C35="","SUSANNA",""), IF(Calendario!D35="","ZUA",""), IF(Calendario!E35="","PEPE",""), IF(Calendario!F35="","ANTO",""), IF(Calendario!G35="","ELIAS",""), IF(Calendario!H35="","CRIS","")) | E2: =TEXTJOIN(", ";TRUE,IF(Calendario!C35<>"","SUSANNA("&Calendario!C35&")",""), IF(Calendario!D35<>"","ZUA("&Calendario!D35&")",""), IF(Calendario!E35<>"","PEPE("&Calendario!E35&")",""), IF(Calendario!F35<>"","ANTO("&Calendario!F35&")",""), IF(Calendario!G35<>"","ELIAS("&Calendario!G35&")",""), IF(Calendario!H35<>"","CRIS("&Calendario!H35&")",""))
A3: 2 | B3: 46236 | C3: Dom | D3: =TEXTJOIN(", ";TRUE,IF(Calendario!C36="","SUSANNA",""), IF(Calendario!D36="","ZUA",""), IF(Calendario!E36="","PEPE",""), IF(Calendario!F36="","ANTO",""), IF(Calendario!G36="","ELIAS",""), IF(Calendario!H36="","CRIS","")) | E3: =TEXTJOIN(", ";TRUE,IF(Calendario!C36<>"","SUSANNA("&Calendario!C36&")",""), IF(Calendario!D36<>"","ZUA("&Calendario!D36&")",""), IF(Calendario!E36<>"","PEPE("&Calendario!E36&")",""), IF(Calendario!F36<>"","ANTO("&Calendario!F36&")",""), IF(Calendario!G36<>"","ELIAS("&Calendario!G36&")",""), IF(Calendario!H36<>"","CRIS("&Calendario!H36&")",""))
A4: 3 | B4: 46237 | C4: Lun | D4: =TEXTJOIN(", ";TRUE,IF(Calendario!C37="","SUSANNA",""), IF(Calendario!D37="","ZUA",""), IF(Calendario!E37="","PEPE",""), IF(Calendario!F37="","ANTO",""), IF(Calendario!G37="","ELIAS",""), IF(Calendario!H37="","CRIS","")) | E4: =TEXTJOIN(", ";TRUE,IF(Calendario!C37<>"","SUSANNA("&Calendario!C37&")",""), IF(Calendario!D37<>"","ZUA("&Calendario!D37&")",""), IF(Calendario!E37<>"","PEPE("&Calendario!E37&")",""), IF(Calendario!F37<>"","ANTO("&Calendario!F37&")",""), IF(Calendario!G37<>"","ELIAS("&Calendario!G37&")",""), IF(Calendario!H37<>"","CRIS("&Calendario!H37&")",""))
A5: 4 | B5: 46238 | C5: Mar | D5: =TEXTJOIN(", ";TRUE,IF(Calendario!C38="","SUSANNA",""), IF(Calendario!D38="","ZUA",""), IF(Calendario!E38="","PEPE",""), IF(Calendario!F38="","ANTO",""), IF(Calendario!G38="","ELIAS",""), IF(Calendario!H38="","CRIS","")) | E5: =TEXTJOIN(", ";TRUE,IF(Calendario!C38<>"","SUSANNA("&Calendario!C38&")",""), IF(Calendario!D38<>"","ZUA("&Calendario!D38&")",""), IF(Calendario!E38<>"","PEPE("&Calendario!E38&")",""), IF(Calendario!F38<>"","ANTO("&Calendario!F38&")",""), IF(Calendario!G38<>"","ELIAS("&Calendario!G38&")",""), IF(Calendario!H38<>"","CRIS("&Calendario!H38&")",""))
A6: 5 | B6: 46239 | C6: Mie | D6: =TEXTJOIN(", ";TRUE,IF(Calendario!C39="","SUSANNA",""), IF(Calendario!D39="","ZUA",""), IF(Calendario!E39="","PEPE",""), IF(Calendario!F39="","ANTO",""), IF(Calendario!G39="","ELIAS",""), IF(Calendario!H39="","CRIS","")) | E6: =TEXTJOIN(", ";TRUE,IF(Calendario!C39<>"","SUSANNA("&Calendario!C39&")",""), IF(Calendario!D39<>"","ZUA("&Calendario!D39&")",""), IF(Calendario!E39<>"","PEPE("&Calendario!E39&")",""), IF(Calendario!F39<>"","ANTO("&Calendario!F39&")",""), IF(Calendario!G39<>"","ELIAS("&Calendario!G39&")",""), IF(Calendario!H39<>"","CRIS("&Calendario!H39&")",""))
A7: 6 | B7: 46240 | C7: Jue | D7: =TEXTJOIN(", ";TRUE,IF(Calendario!C40="","SUSANNA",""), IF(Calendario!D40="","ZUA",""), IF(Calendario!E40="","PEPE",""), IF(Calendario!F40="","ANTO",""), IF(Calendario!G40="","ELIAS",""), IF(Calendario!H40="","CRIS","")) | E7: =TEXTJOIN(", ";TRUE,IF(Calendario!C40<>"","SUSANNA("&Calendario!C40&")",""), IF(Calendario!D40<>"","ZUA("&Calendario!D40&")",""), IF(Calendario!E40<>"","PEPE("&Calendario!E40&")",""), IF(Calendario!F40<>"","ANTO("&Calendario!F40&")",""), IF(Calendario!G40<>"","ELIAS("&Calendario!G40&")",""), IF(Calendario!H40<>"","CRIS("&Calendario!H40&")",""))
A8: 7 | B8: 46241 | C8: Vie | D8: =TEXTJOIN(", ";TRUE,IF(Calendario!C41="","SUSANNA",""), IF(Calendario!D41="","ZUA",""), IF(Calendario!E41="","PEPE",""), IF(Calendario!F41="","ANTO",""), IF(Calendario!G41="","ELIAS",""), IF(Calendario!H41="","CRIS","")) | E8: =TEXTJOIN(", ";TRUE,IF(Calendario!C41<>"","SUSANNA("&Calendario!C41&")",""), IF(Calendario!D41<>"","ZUA("&Calendario!D41&")",""), IF(Calendario!E41<>"","PEPE("&Calendario!E41&")",""), IF(Calendario!F41<>"","ANTO("&Calendario!F41&")",""), IF(Calendario!G41<>"","ELIAS("&Calendario!G41&")",""), IF(Calendario!H41<>"","CRIS("&Calendario!H41&")",""))
A9: 8 | B9: 46242 | C9: Sab | D9: =TEXTJOIN(", ";TRUE,IF(Calendario!C42="","SUSANNA",""), IF(Calendario!D42="","ZUA",""), IF(Calendario!E42="","PEPE",""), IF(Calendario!F42="","ANTO",""), IF(Calendario!G42="","ELIAS",""), IF(Calendario!H42="","CRIS","")) | E9: =TEXTJOIN(", ";TRUE,IF(Calendario!C42<>"","SUSANNA("&Calendario!C42&")",""), IF(Calendario!D42<>"","ZUA("&Calendario!D42&")",""), IF(Calendario!E42<>"","PEPE("&Calendario!E42&")",""), IF(Calendario!F42<>"","ANTO("&Calendario!F42&")",""), IF(Calendario!G42<>"","ELIAS("&Calendario!G42&")",""), IF(Calendario!H42<>"","CRIS("&Calendario!H42&")",""))
A10: 9 | B10: 46243 | C10: Dom | D10: =TEXTJOIN(", ";TRUE,IF(Calendario!C43="","SUSANNA",""), IF(Calendario!D43="","ZUA",""), IF(Calendario!E43="","PEPE",""), IF(Calendario!F43="","ANTO",""), IF(Calendario!G43="","ELIAS",""), IF(Calendario!H43="","CRIS","")) | E10: =TEXTJOIN(", ";TRUE,IF(Calendario!C43<>"","SUSANNA("&Calendario!C43&")",""), IF(Calendario!D43<>"","ZUA("&Calendario!D43&")",""), IF(Calendario!E43<>"","PEPE("&Calendario!E43&")",""), IF(Calendario!F43<>"","ANTO("&Calendario!F43&")",""), IF(Calendario!G43<>"","ELIAS("&Calendario!G43&")",""), IF(Calendario!H43<>"","CRIS("&Calendario!H43&")",""))
A11: 10 | B11: 46244 | C11: Lun | D11: =TEXTJOIN(", ";TRUE,IF(Calendario!C44="","SUSANNA",""), IF(Calendario!D44="","ZUA",""), IF(Calendario!E44="","PEPE",""), IF(Calendario!F44="","ANTO",""), IF(Calendario!G44="","ELIAS",""), IF(Calendario!H44="","CRIS","")) | E11: =TEXTJOIN(", ";TRUE,IF(Calendario!C44<>"","SUSANNA("&Calendario!C44&")",""), IF(Calendario!D44<>"","ZUA("&Calendario!D44&")",""), IF(Calendario!E44<>"","PEPE("&Calendario!E44&")",""), IF(Calendario!F44<>"","ANTO("&Calendario!F44&")",""), IF(Calendario!G44<>"","ELIAS("&Calendario!G44&")",""), IF(Calendario!H44<>"","CRIS("&Calendario!H44&")",""))
A12: 11 | B12: 46245 | C12: Mar | D12: =TEXTJOIN(", ";TRUE,IF(Calendario!C45="","SUSANNA",""), IF(Calendario!D45="","ZUA",""), IF(Calendario!E45="","PEPE",""), IF(Calendario!F45="","ANTO",""), IF(Calendario!G45="","ELIAS",""), IF(Calendario!H45="","CRIS","")) | E12: =TEXTJOIN(", ";TRUE,IF(Calendario!C45<>"","SUSANNA("&Calendario!C45&")",""), IF(Calendario!D45<>"","ZUA("&Calendario!D45&")",""), IF(Calendario!E45<>"","PEPE("&Calendario!E45&")",""), IF(Calendario!F45<>"","ANTO("&Calendario!F45&")",""), IF(Calendario!G45<>"","ELIAS("&Calendario!G45&")",""), IF(Calendario!H45<>"","CRIS("&Calendario!H45&")",""))
A13: 12 | B13: 46246 | C13: Mie | D13: =TEXTJOIN(", ";TRUE,IF(Calendario!C46="","SUSANNA",""), IF(Calendario!D46="","ZUA",""), IF(Calendario!E46="","PEPE",""), IF(Calendario!F46="","ANTO",""), IF(Calendario!G46="","ELIAS",""), IF(Calendario!H46="","CRIS","")) | E13: =TEXTJOIN(", ";TRUE,IF(Calendario!C46<>"","SUSANNA("&Calendario!C46&")",""), IF(Calendario!D46<>"","ZUA("&Calendario!D46&")",""), IF(Calendario!E46<>"","PEPE("&Calendario!E46&")",""), IF(Calendario!F46<>"","ANTO("&Calendario!F46&")",""), IF(Calendario!G46<>"","ELIAS("&Calendario!G46&")",""), IF(Calendario!H46<>"","CRIS("&Calendario!H46&")",""))
... A32: 31 | B32: 46265 | C32: Lun | D32: =TEXTJOIN(", ";TRUE,IF(Calendario!C65="","SUSANNA",""), IF(Calendario!D65="","ZUA",""), IF(Calendario!E65="","PEPE",""), IF(Calendario!F65="","ANTO",""), IF(Calendario!G65="","ELIAS",""), IF(Calendario!H65="","CRIS","")) | E32: =TEXTJOIN(", ";TRUE,IF(Calendario!C65<>"","SUSANNA("&Calendario!C65&")",""), IF(Calendario!D65<>"","ZUA("&Calendario!D65&")",""), IF(Calendario!E65<>"","PEPE("&Calendario!E65&")",""), IF(Calendario!F65<>"","ANTO("&Calendario!F65&")",""), IF(Calendario!G65<>"","ELIAS("&Calendario!G65&")",""), IF(Calendario!H65<>"","CRIS("&Calendario!H65&")",""))

Sheet Cuadricula
A1: JULIO 2026
A2: Lun | B2: Mar | C2: Mie | D2: Jue | E2: Vie | F2: Sab | G2: Dom
C3: =TEXTJOIN(CHAR(10);TRUE;TEXT(Calendario!A3,"DD"),IF(Calendario!C3="";"🟢 SUSANNA";""),IF(Calendario!C3="CL";"🟤 SUSANNA(CL)";""),IF(Calendario!C3="FV";"🟡 SUSANNA(FV)";""),IF(Calendario!C3="TM";"🔵 SUSANNA(TM)";""),IF(Calendario!C3="TN";"🟣 SUSANNA(TN)";""),IF(Calendario!C3="TT";"🟠 SUSANNA(TT)";""),IF(Calendario!D3="";"🟢 ZUA";""),IF(Calendario!D3="CL";"🟤 ZUA(CL)";""),IF(Calendario!D3="FV";"🟡 ZUA(FV)";""),IF(Calendario!D3="TM";"🔵 ZUA(TM)";""),IF(Calendario!D3="TN";"🟣 ZUA(TN)";""),IF(Calendario!D3="TT";"🟠 ZUA(TT)";""),IF(Calendario!E3="";"🟢 PEPE";""),IF(Calendario!E3="CL";"🟤 PEPE(CL)";""),IF(Calendario!E3="FV";"🟡 PEPE(FV)";""),IF(Calendario!E3="TM";"🔵 PEPE(TM)";""),IF(Calendario!E3="TN";"🟣 PEPE(TN)";""),IF(Calendario!E3="TT";"🟠 PEPE(TT)";""),IF(Calendario!F3="";"🟢 ANTO";""),IF(Calendario!F3="CL";"🟤 ANTO(CL)";""),IF(Calendario!F3="FV";"🟡 ANTO(FV)";""),IF(Calendario!F3="TM";"🔵 ANTO(TM)";""),IF(Calendario!F3="TN";"🟣 ANTO(TN)";""),IF(Calendario!F3="TT";"🟠 ANTO(TT)";""),IF(Calendario!G3="";"🟢 ELIAS";""),IF(Calendario!G3="CL";"🟤 ELIAS(CL)";""),IF(Calendario!G3="FV";"🟡 ELIAS(FV)";""),IF(Calendario!G3="TM";"🔵 ELIAS(TM)";""),IF(Calendario!G3="TN";"🟣 ELIAS(TN)";""),IF(Calendario!G3="TT";"🟠 ELIAS(TT)";""),IF(Calendario!H3="";"🟢 CRIS";""),IF(Calendario!H3="CL";"🟤 CRIS(CL)";""),IF(Calendario!H3="FV";"🟡 CRIS(FV)";""),IF(Calendario!H3="TM";"🔵 CRIS(TM)";""),IF(Calendario!H3="TN";"🟣 CRIS(TN)";""),IF(Calendario!H3="TT";"🟠 CRIS(TT)";"")) | D3: =TEXTJOIN(CHAR(10);TRUE;TEXT(Calendario!A4,"DD"),IF(Calendario!C4="";"🟢 SUSANNA";""),IF(Calendario!C4="CL";"🟤 SUSANNA(CL)";""),IF(Calendario!C4="FV";"🟡 SUSANNA(FV)";""),IF(Calendario!C4="TM";"🔵 SUSANNA(TM)";""),IF(Calendario!C4="TN";"🟣 SUSANNA(TN)";""),IF(Calendario!C4="TT";"🟠 SUSANNA(TT)";""),IF(Calendario!D4="";"🟢 ZUA";""),IF(Calendario!D4="CL";"🟤 ZUA(CL)";""),IF(Calendario!D4="FV";"🟡 ZUA(FV)";""),IF(Calendario!D4="TM";"🔵 ZUA(TM)";""),IF(Calendario!D4="TN";"🟣 ZUA(TN)";""),IF(Calendario!D4="TT";"🟠 ZUA(TT)";""),IF(Calendario!E4="";"🟢 PEPE";""),IF(Calendario!E4="CL";"🟤 PEPE(CL)";""),IF(Calendario!E4="FV";"🟡 PEPE(FV)";""),IF(Calendario!E4="TM";"🔵 PEPE(TM)";""),IF(Calendario!E4="TN";"🟣 PEPE(TN)";""),IF(Calendario!E4="TT";"🟠 PEPE(TT)";""),IF(Calendario!F4="";"🟢 ANTO";""),IF(Calendario!F4="CL";"🟤 ANTO(CL)";""),IF(Calendario!F4="FV";"🟡 ANTO(FV)";""),IF(Calendario!F4="TM";"🔵 ANTO(TM)";""),IF(Calendario!F4="TN";"🟣 ANTO(TN)";""),IF(Calendario!F4="TT";"🟠 ANTO(TT)";""),IF(Calendario!G4="";"🟢 ELIAS";""),IF(Calendario!G4="CL";"🟤 ELIAS(CL)";""),IF(Calendario!G4="FV";"🟡 ELIAS(FV)";""),IF(Calendario!G4="TM";"🔵 ELIAS(TM)";""),IF(Calendario!G4="TN";"🟣 ELIAS(TN)";""),IF(Calendario!G4="TT";"🟠 ELIAS(TT)";""),IF(Calendario!H4="";"🟢 CRIS";""),IF(Calendario!H4="CL";"🟤 CRIS(CL)";""),IF(Calendario!H4="FV";"🟡 CRIS(FV)";""),IF(Calendario!H4="TM";"🔵 CRIS(TM)";""),IF(Calendario!H4="TN";"🟣 CRIS(TN)";""),IF(Calendario!H4="TT";"🟠 CRIS(TT)";"")) | E3: =TEXTJOIN(CHAR(10);TRUE;TEXT(Calendario!A5,"DD"),IF(Calendario!C5="";"🟢 SUSANNA";""),IF(Calendario!C5="CL";"🟤 SUSANNA(CL)";""),IF(Calendario!C5="FV";"🟡 SUSANNA(FV)";""),IF(Calendario!C5="TM";"🔵 SUSANNA(TM)";""),IF(Calendario!C5="TN";"🟣 SUSANNA(TN)";""),IF(Calendario!C5="TT";"🟠 SUSANNA(TT)";""),IF(Calendario!D5="";"🟢 ZUA";""),IF(Calendario!D5="CL";"🟤 ZUA(CL)";""),IF(Calendario!D5="FV";"🟡 ZUA(FV)";""),IF(Calendario!D5="TM";"🔵 ZUA(TM)";""),IF(Calendario!D5="TN";"🟣 ZUA(TN)";""),IF(Calendario!D5="TT";"🟠 ZUA(TT)";""),IF(Calendario!E5="";"🟢 PEPE";""),IF(Calendario!E5="CL";"🟤 PEPE(CL)";""),IF(Calendario!E5="FV";"🟡 PEPE(FV)";""),IF(Calendario!E5="TM";"🔵 PEPE(TM)";""),IF(Calendario!E5="TN";"🟣 PEPE(TN)";""),IF(Calendario!E5="TT";"🟠 PEPE(TT)";""),IF(Calendario!F5="";"🟢 ANTO";""),IF(Calendario!F5="CL";"🟤 ANTO(CL)";""),IF(Calendario!F5="FV";"🟡 ANTO(FV)";""),IF(Calendario!F5="TM";"🔵 ANTO(TM)";""),IF(Calendario!F5="TN";"🟣 ANTO(TN)";""),IF(Calendario!F5="TT";"🟠 ANTO(TT)";""),IF(Calendario!G5="";"🟢 ELIAS";""),IF(Calendario!G5="CL";"🟤 ELIAS(CL)";""),IF(Calendario!G5="FV";"🟡 ELIAS(FV)";""),IF(Calendario!G5="TM";"🔵 ELIAS(TM)";""),IF(Calendario!G5="TN";"🟣 ELIAS(TN)";""),IF(Calendario!G5="TT";"🟠 ELIAS(TT)";""),IF(Calendario!H5="";"🟢 CRIS";""),IF(Calendario!H5="CL";"🟤 CRIS(CL)";""),IF(Calendario!H5="FV";"🟡 CRIS(FV)";""),IF(Calendario!H5="TM";"🔵 CRIS(TM)";""),IF(Calendario!H5="TN";"🟣 CRIS(TN)";""),IF(Calendario!H5="TT";"🟠 CRIS(TT)";"")) | F3: =TEXTJOIN(CHAR(10);TRUE;TEXT(Calendario!A6,"DD"),IF(Calendario!C6="";"🟢 SUSANNA";""),IF(Calendario!C6="CL";"🟤 SUSANNA(CL)";""),IF(Calendario!C6="FV";"🟡 SUSANNA(FV)";""),IF(Calendario!C6="TM";"🔵 SUSANNA(TM)";""),IF(Calendario!C6="TN";"🟣 SUSANNA(TN)";""),IF(Calendario!C6="TT";"🟠 SUSANNA(TT)";""),IF(Calendario!D6="";"🟢 ZUA";""),IF(Calendario!D6="CL";"🟤 ZUA(CL)";""),IF(Calendario!D6="FV";"🟡 ZUA(FV)";""),IF(Calendario!D6="TM";"🔵 ZUA(TM)";""),IF(Calendario!D6="TN";"🟣 ZUA(TN)";""),IF(Calendario!D6="TT";"🟠 ZUA(TT)";""),IF(Calendario!E6="";"🟢 PEPE";""),IF(Calendario!E6="CL";"🟤 PEPE(CL)";""),IF(Calendario!E6="FV";"🟡 PEPE(FV)";""),IF(Calendario!E6="TM";"🔵 PEPE(TM)";""),IF(Calendario!E6="TN";"🟣 PEPE(TN)";""),IF(Calendario!E6="TT";"🟠 PEPE(TT)";""),IF(Calendario!F6="";"🟢 ANTO";""),IF(Calendario!F6="CL";"🟤 ANTO(CL)";""),IF(Calendario!F6="FV";"🟡 ANTO(FV)";""),IF(Calendario!F6="TM";"🔵 ANTO(TM)";""),IF(Calendario!F6="TN";"🟣 ANTO(TN)";""),IF(Calendario!F6="TT";"🟠 ANTO(TT)";""),IF(Calendario!G6="";"🟢 ELIAS";""),IF(Calendario!G6="CL";"🟤 ELIAS(CL)";""),IF(Calendario!G6="FV";"🟡 ELIAS(FV)";""),IF(Calendario!G6="TM";"🔵 ELIAS(TM)";""),IF(Calendario!G6="TN";"🟣 ELIAS(TN)";""),IF(Calendario!G6="TT";"🟠 ELIAS(TT)";""),IF(Calendario!H6="";"🟢 CRIS";""),IF(Calendario!H6="CL";"🟤 CRIS(CL)";""),IF(Calendario!H6="FV";"🟡 CRIS(FV)";""),IF(Calendario!H6="TM";"🔵 CRIS(TM)";""),IF(Calendario!H6="TN";"🟣 CRIS(TN)";""),IF(Calendario!H6="TT";"🟠 CRIS(TT)";"")) | G3: =TEXTJOIN(CHAR(10);TRUE;TEXT(Calendario!A7,"DD"),IF(Calendario!C7="";"🟢 SUSANNA";""),IF(Calendario!C7="CL";"🟤 SUSANNA(CL)";""),IF(Calendario!C7="FV";"🟡 SUSANNA(FV)";""),IF(Calendario!C7="TM";"🔵 SUSANNA(TM)";""),IF(Calendario!C7="TN";"🟣 SUSANNA(TN)";""),IF(Calendario!C7="TT";"🟠 SUSANNA(TT)";""),IF(Calendario!D7="";"🟢 ZUA";""),IF(Calendario!D7="CL";"🟤 ZUA(CL)";""),IF(Calendario!D7="FV";"🟡 ZUA(FV)";""),IF(Calendario!D7="TM";"🔵 ZUA(TM)";""),IF(Calendario!D7="TN";"🟣 ZUA(TN)";""),IF(Calendario!D7="TT";"🟠 ZUA(TT)";""),IF(Calendario!E7="";"🟢 PEPE";""),IF(Calendario!E7="CL";"🟤 PEPE(CL)";""),IF(Calendario!E7="FV";"🟡 PEPE(FV)";""),IF(Calendario!E7="TM";"🔵 PEPE(TM)";""),IF(Calendario!E7="TN";"🟣 PEPE(TN)";""),IF(Calendario!E7="TT";"🟠 PEPE(TT)";""),IF(Calendario!F7="";"🟢 ANTO";""),IF(Calendario!F7="CL";"🟤 ANTO(CL)";""),IF(Calendario!F7="FV";"🟡 ANTO(FV)";""),IF(Calendario!F7="TM";"🔵 ANTO(TM)";""),IF(Calendario!F7="TN";"🟣 ANTO(TN)";""),IF(Calendario!F7="TT";"🟠 ANTO(TT)";""),IF(Calendario!G7="";"🟢 ELIAS";""),IF(Calendario!G7="CL";"🟤 ELIAS(CL)";""),IF(Calendario!G7="FV";"🟡 ELIAS(FV)";""),IF(Calendario!G7="TM";"🔵 ELIAS(TM)";""),IF(Calendario!G7="TN";"🟣 ELIAS(TN)";""),IF(Calendario!G7="TT";"🟠 ELIAS(TT)";""),IF(Calendario!H7="";"🟢 CRIS";""),IF(Calendario!H7="CL";"🟤 CRIS(CL)";""),IF(Calendario!H7="FV";"🟡 CRIS(FV)";""),IF(Calendario!H7="TM";"🔵 CRIS(TM)";""),IF(Calendario!H7="TN";"🟣 CRIS(TN)";""),IF(Calendario!H7="TT";"🟠 CRIS(TT)";""))
A4: =TEXTJOIN(CHAR(10);TRUE;TEXT(Calendario!A8,"DD"),IF(Calendario!C8="";"🟢 SUSANNA";""),IF(Calendario!C8="CL";"🟤 SUSANNA(CL)";""),IF(Calendario!C8="FV";"🟡 SUSANNA(FV)";""),IF(Calendario!C8="TM";"🔵 SUSANNA(TM)";""),IF(Calendario!C8="TN";"🟣 SUSANNA(TN)";""),IF(Calendario!C8="TT";"🟠 SUSANNA(TT)";""),IF(Calendario!D8="";"🟢 ZUA";""),IF(Calendario!D8="CL";"🟤 ZUA(CL)";""),IF(Calendario!D8="FV";"🟡 ZUA(FV)";""),IF(Calendario!D8="TM";"🔵 ZUA(TM)";""),IF(Calendario!D8="TN";"🟣 ZUA(TN)";""),IF(Calendario!D8="TT";"🟠 ZUA(TT)";""),IF(Calendario!E8="";"🟢 PEPE";""),IF(Calendario!E8="CL";"🟤 PEPE(CL)";""),IF(Calendario!E8="FV";"🟡 PEPE(FV)";""),IF(Calendario!E8="TM";"🔵 PEPE(TM)";""),IF(Calendario!E8="TN";"🟣 PEPE(TN)";""),IF(Calendario!E8="TT";"🟠 PEPE(TT)";""),IF(Calendario!F8="";"🟢 ANTO";""),IF(Calendario!F8="CL";"🟤 ANTO(CL)";""),IF(Calendario!F8="FV";"🟡 ANTO(FV)";""),IF(Calendario!F8="TM";"🔵 ANTO(TM)";""),IF(Calendario!F8="TN";"🟣 ANTO(TN)";""),IF(Calendario!F8="TT";"🟠 ANTO(TT)";""),IF(Calendario!G8="";"🟢 ELIAS";""),IF(Calendario!G8="CL";"🟤 ELIAS(CL)";""),IF(Calendario!G8="FV";"🟡 ELIAS(FV)";""),IF(Calendario!G8="TM";"🔵 ELIAS(TM)";""),IF(Calendario!G8="TN";"🟣 ELIAS(TN)";""),IF(Calendario!G8="TT";"🟠 ELIAS(TT)";""),IF(Calendario!H8="";"🟢 CRIS";""),IF(Calendario!H8="CL";"🟤 CRIS(CL)";""),IF(Calendario!H8="FV";"🟡 CRIS(FV)";""),IF(Calendario!H8="TM";"🔵 CRIS(TM)";""),IF(Calendario!H8="TN";"🟣 CRIS(TN)";""),IF(Calendario!H8="TT";"🟠 CRIS(TT)";"")) | B4: =TEXTJOIN(CHAR(10);TRUE;TEXT(Calendario!A9,"DD"),IF(Calendario!C9="";"🟢 SUSANNA";""),IF(Calendario!C9="CL";"🟤 SUSANNA(CL)";""),IF(Calendario!C9="FV";"🟡 SUSANNA(FV)";""),IF(Calendario!C9="TM";"🔵 SUSANNA(TM)";""),IF(Calendario!C9="TN";"🟣 SUSANNA(TN)";""),IF(Calendario!C9="TT";"🟠 SUSANNA(TT)";""),IF(Calendario!D9="";"🟢 ZUA";""),IF(Calendario!D9="CL";"🟤 ZUA(CL)";""),IF(Calendario!D9="FV";"🟡 ZUA(FV)";""),IF(Calendario!D9="TM";"🔵 ZUA(TM)";""),IF(Calendario!D9="TN";"🟣 ZUA(TN)";""),IF(Calendario!D9="TT";"🟠 ZUA(TT)";""),IF(Calendario!E9="";"🟢 PEPE";""),IF(Calendario!E9="CL";"🟤 PEPE(CL)";""),IF(Calendario!E9="FV";"🟡 PEPE(FV)";""),IF(Calendario!E9="TM";"🔵 PEPE(TM)";""),IF(Calendario!E9="TN";"🟣 PEPE(TN)";""),IF(Calendario!E9="TT";"🟠 PEPE(TT)";""),IF(Calendario!F9="";"🟢 ANTO";""),IF(Calendario!F9="CL";"🟤 ANTO(CL)";""),IF(Calendario!F9="FV";"🟡 ANTO(FV)";""),IF(Calendario!F9="TM";"🔵 ANTO(TM)";""),IF(Calendario!F9="TN";"🟣 ANTO(TN)";""),IF(Calendario!F9="TT";"🟠 ANTO(TT)";""),IF(Calendario!G9="";"🟢 ELIAS";""),IF(Calendario!G9="CL";"🟤 ELIAS(CL)";""),IF(Calendario!G9="FV";"🟡 ELIAS(FV)";""),IF(Calendario!G9="TM";"🔵 ELIAS(TM)";""),IF(Calendario!G9="TN";"🟣 ELIAS(TN)";""),IF(Calendario!G9="TT";"🟠 ELIAS(TT)";""),IF(Calendario!H9="";"🟢 CRIS";""),IF(Calendario!H9="CL";"🟤 CRIS(CL)";""),IF(Calendario!H9="FV";"🟡 CRIS(FV)";""),IF(Calendario!H9="TM";"🔵 CRIS(TM)";""),IF(Calendario!H9="TN";"🟣 CRIS(TN)";""),IF(Calendario!H9="TT";"🟠 CRIS(TT)";"")) | C4: =TEXTJOIN(CHAR(10);TRUE;TEXT(Calendario!A10,"DD"),IF(Calendario!C10="";"🟢 SUSANNA";""),IF(Calendario!C10="CL";"🟤 SUSANNA(CL)";""),IF(Calendario!C10="FV";"🟡 SUSANNA(FV)";""),IF(Calendario!C10="TM";"🔵 SUSANNA(TM)";""),IF(Calendario!C10="TN";"🟣 SUSANNA(TN)";""),IF(Calendario!C10="TT";"🟠 SUSANNA(TT)";""),IF(Calendario!D10="";"🟢 ZUA";""),IF(Calendario!D10="CL";"🟤 ZUA(CL)";""),IF(Calendario!D10="FV";"🟡 ZUA(FV)";""),IF(Calendario!D10="TM";"🔵 ZUA(TM)";""),IF(Calendario!D10="TN";"🟣 ZUA(TN)";""),IF(Calendario!D10="TT";"🟠 ZUA(TT)";""),IF(Calendario!E10="";"🟢 PEPE";""),IF(Calendario!E10="CL";"🟤 PEPE(CL)";""),IF(Calendario!E10="FV";"🟡 PEPE(FV)";""),IF(Calendario!E10="TM";"🔵 PEPE(TM)";""),IF(Calendario!E10="TN";"🟣 PEPE(TN)";""),IF(Calendario!E10="TT";"🟠 PEPE(TT)";""),IF(Calendario!F10="";"🟢 ANTO";""),IF(Calendario!F10="CL";"🟤 ANTO(CL)";""),IF(Calendario!F10="FV";"🟡 ANTO(FV)";""),IF(Calendario!F10="TM";"🔵 ANTO(TM)";""),IF(Calendario!F10="TN";"🟣 ANTO(TN)";""),IF(Calendario!F10="TT";"🟠 ANTO(TT)";""),IF(Calendario!G10="";"🟢 ELIAS";""),IF(Calendario!G10="CL";"🟤 ELIAS(CL)";""),IF(Calendario!G10="FV";"🟡 ELIAS(FV)";""),IF(Calendario!G10="TM";"🔵 ELIAS(TM)";""),IF(Calendario!G10="TN";"🟣 ELIAS(TN)";""),IF(Calendario!G10="TT";"🟠 ELIAS(TT)";""),IF(Calendario!H10="";"🟢 CRIS";""),IF(Calendario!H10="CL";"🟤 CRIS(CL)";""),IF(Calendario!H10="FV";"🟡 CRIS(FV)";""),IF(Calendario!H10="TM";"🔵 CRIS(TM)";""),IF(Calendario!H10="TN";"🟣 CRIS(TN)";""),IF(Calendario!H10="TT";"🟠 CRIS(TT)";"")) | D4: =TEXTJOIN(CHAR(10);TRUE;TEXT(Calendario!A11,"DD"),IF(Calendario!C11="";"🟢 SUSANNA";""),IF(Calendario!C11="CL";"🟤 SUSANNA(CL)";""),IF(Calendario!C11="FV";"🟡 SUSANNA(FV)";""),IF(Calendario!C11="TM";"🔵 SUSANNA(TM)";""),IF(Calendario!C11="TN";"🟣 SUSANNA(TN)";""),IF(Calendario!C11="TT";"🟠 SUSANNA(TT)";""),IF(Calendario!D11="";"🟢 ZUA";""),IF(Calendario!D11="CL";"🟤 ZUA(CL)";""),IF(Calendario!D11="FV";"🟡 ZUA(FV)";""),IF(Calendario!D11="TM";"🔵 ZUA(TM)";""),IF(Calendario!D11="TN";"🟣 ZUA(TN)";""),IF(Calendario!D11="TT";"🟠 ZUA(TT)";""),IF(Calendario!E11="";"🟢 PEPE";""),IF(Calendario!E11="CL";"🟤 PEPE(CL)";""),IF(Calendario!E11="FV";"🟡 PEPE(FV)";""),IF(Calendario!E11="TM";"🔵 PEPE(TM)";""),IF(Calendario!E11="TN";"🟣 PEPE(TN)";""),IF(Calendario!E11="TT";"🟠 PEPE(TT)";""),IF(Calendario!F11="";"🟢 ANTO";""),IF(Calendario!F11="CL";"🟤 ANTO(CL)";""),IF(Calendario!F11="FV";"🟡 ANTO(FV)";""),IF(Calendario!F11="TM";"🔵 ANTO(TM)";""),IF(Calendario!F11="TN";"🟣 ANTO(TN)";""),IF(Calendario!F11="TT";"🟠 ANTO(TT)";""),IF(Calendario!G11="";"🟢 ELIAS";""),IF(Calendario!G11="CL";"🟤 ELIAS(CL)";""),IF(Calendario!G11="FV";"🟡 ELIAS(FV)";""),IF(Calendario!G11="TM";"🔵 ELIAS(TM)";""),IF(Calendario!G11="TN";"🟣 ELIAS(TN)";""),IF(Calendario!G11="TT";"🟠 ELIAS(TT)";""),IF(Calendario!H11="";"🟢 CRIS";""),IF(Calendario!H11="CL";"🟤 CRIS(CL)";""),IF(Calendario!H11="FV";"🟡 CRIS(FV)";""),IF(Calendario!H11="TM";"🔵 CRIS(TM)";""),IF(Calendario!H11="TN";"🟣 CRIS(TN)";""),IF(Calendario!H11="TT";"🟠 CRIS(TT)";"")) | E4: =TEXTJOIN(CHAR(10);TRUE;TEXT(Calendario!A12,"DD"),IF(Calendario!C12="";"🟢 SUSANNA";""),IF(Calendario!C12="CL";"🟤 SUSANNA(CL)";""),IF(Calendario!C12="FV";"🟡 SUSANNA(FV)";""),IF(Calendario!C12="TM";"🔵 SUSANNA(TM)";""),IF(Calendario!C12="TN";"🟣 SUSANNA(TN)";""),IF(Calendario!C12="TT";"🟠 SUSANNA(TT)";""),IF(Calendario!D12="";"🟢 ZUA";""),IF(Calendario!D12="CL";"🟤 ZUA(CL)";""),IF(Calendario!D12="FV";"🟡 ZUA(FV)";""),IF(Calendario!D12="TM";"🔵 ZUA(TM)";""),IF(Calendario!D12="TN";"🟣 ZUA(TN)";""),IF(Calendario!D12="TT";"🟠 ZUA(TT)";""),IF(Calendario!E12="";"🟢 PEPE";""),IF(Calendario!E12="CL";"🟤 PEPE(CL)";""),IF(Calendario!E12="FV";"🟡 PEPE(FV)";""),IF(Calendario!E12="TM";"🔵 PEPE(TM)";""),IF(Calendario!E12="TN";"🟣 PEPE(TN)";""),IF(Calendario!E12="TT";"🟠 PEPE(TT)";""),IF(Calendario!F12="";"🟢 ANTO";""),IF(Calendario!F12="CL";"🟤 ANTO(CL)";""),IF(Calendario!F12="FV";"🟡 ANTO(FV)";""),IF(Calendario!F12="TM";"🔵 ANTO(TM)";""),IF(Calendario!F12="TN";"🟣 ANTO(TN)";""),IF(Calendario!F12="TT";"🟠 ANTO(TT)";""),IF(Calendario!G12="";"🟢 ELIAS";""),IF(Calendario!G12="CL";"🟤 ELIAS(CL)";""),IF(Calendario!G12="FV";"🟡 ELIAS(FV)";""),IF(Calendario!G12="TM";"🔵 ELIAS(TM)";""),IF(Calendario!G12="TN";"🟣 ELIAS(TN)";""),IF(Calendario!G12="TT";"🟠 ELIAS(TT)";""),IF(Calendario!H12="";"🟢 CRIS";""),IF(Calendario!H12="CL";"🟤 CRIS(CL)";""),IF(Calendario!H12="FV";"🟡 CRIS(FV)";""),IF(Calendario!H12="TM";"🔵 CRIS(TM)";""),IF(Calendario!H12="TN";"🟣 CRIS(TN)";""),IF(Calendario!H12="TT";"🟠 CRIS(TT)";"")) | F4: =TEXTJOIN(CHAR(10);TRUE;TEXT(Calendario!A13,"DD"),IF(Calendario!C13="";"🟢 SUSANNA";""),IF(Calendario!C13="CL";"🟤 SUSANNA(CL)";""),IF(Calendario!C13="FV";"🟡 SUSANNA(FV)";""),IF(Calendario!C13="TM";"🔵 SUSANNA(TM)";""),IF(Calendario!C13="TN";"🟣 SUSANNA(TN)";""),IF(Calendario!C13="TT";"🟠 SUSANNA(TT)";""),IF(Calendario!D13="";"🟢 ZUA";""),IF(Calendario!D13="CL";"🟤 ZUA(CL)";""),IF(Calendario!D13="FV";"🟡 ZUA(FV)";""),IF(Calendario!D13="TM";"🔵 ZUA(TM)";""),IF(Calendario!D13="TN";"🟣 ZUA(TN)";""),IF(Calendario!D13="TT";"🟠 ZUA(TT)";""),IF(Calendario!E13="";"🟢 PEPE";""),IF(Calendario!E13="CL";"🟤 PEPE(CL)";""),IF(Calendario!E13="FV";"🟡 PEPE(FV)";""),IF(Calendario!E13="TM";"🔵 PEPE(TM)";""),IF(Calendario!E13="TN";"🟣 PEPE(TN)";""),IF(Calendario!E13="TT";"🟠 PEPE(TT)";""),IF(Calendario!F13="";"🟢 ANTO";""),IF(Calendario!F13="CL";"🟤 ANTO(CL)";""),IF(Calendario!F13="FV";"🟡 ANTO(FV)";""),IF(Calendario!F13="TM";"🔵 ANTO(TM)";""),IF(Calendario!F13="TN";"🟣 ANTO(TN)";""),IF(Calendario!F13="TT";"🟠 ANTO(TT)";""),IF(Calendario!G13="";"🟢 ELIAS";""),IF(Calendario!G13="CL";"🟤 ELIAS(CL)";""),IF(Calendario!G13="FV";"🟡 ELIAS(FV)";""),IF(Calendario!G13="TM";"🔵 ELIAS(TM)";""),IF(Calendario!G13="TN";"🟣 ELIAS(TN)";""),IF(Calendario!G13="TT";"🟠 ELIAS(TT)";""),IF(Calendario!H13="";"🟢 CRIS";""),IF(Calendario!H13="CL";"🟤 CRIS(CL)";""),IF(Calendario!H13="FV";"🟡 CRIS(FV)";""),IF(Calendario!H13="TM";"🔵 CRIS(TM)";""),IF(Calendario!H13="TN";"🟣 CRIS(TN)";""),IF(Calendario!H13="TT";"🟠 CRIS(TT)";"")) | G4: =TEXTJOIN(CHAR(10);TRUE;TEXT(Calendario!A14,"DD"),IF(Calendario!C14="";"🟢 SUSANNA";""),IF(Calendario!C14="CL";"🟤 SUSANNA(CL)";""),IF(Calendario!C14="FV";"🟡 SUSANNA(FV)";""),IF(Calendario!C14="TM";"🔵 SUSANNA(TM)";""),IF(Calendario!C14="TN";"🟣 SUSANNA(TN)";""),IF(Calendario!C14="TT";"🟠 SUSANNA(TT)";""),IF(Calendario!D14="";"🟢 ZUA";""),IF(Calendario!D14="CL";"🟤 ZUA(CL)";""),IF(Calendario!D14="FV";"🟡 ZUA(FV)";""),IF(Calendario!D14="TM";"🔵 ZUA(TM)";""),IF(Calendario!D14="TN";"🟣 ZUA(TN)";""),IF(Calendario!D14="TT";"🟠 ZUA(TT)";""),IF(Calendario!E14="";"🟢 PEPE";""),IF(Calendario!E14="CL";"🟤 PEPE(CL)";""),IF(Calendario!E14="FV";"🟡 PEPE(FV)";""),IF(Calendario!E14="TM";"🔵 PEPE(TM)";""),IF(Calendario!E14="TN";"🟣 PEPE(TN)";""),IF(Calendario!E14="TT";"🟠 PEPE(TT)";""),IF(Calendario!F14="";"🟢 ANTO";""),IF(Calendario!F14="CL";"🟤 ANTO(CL)";""),IF(Calendario!F14="FV";"🟡 ANTO(FV)";""),IF(Calendario!F14="TM";"🔵 ANTO(TM)";""),IF(Calendario!F14="TN";"🟣 ANTO(TN)";""),IF(Calendario!F14="TT";"🟠 ANTO(TT)";""),IF(Calendario!G14="";"🟢 ELIAS";""),IF(Calendario!G14="CL";"🟤 ELIAS(CL)";""),IF(Calendario!G14="FV";"🟡 ELIAS(FV)";""),IF(Calendario!G14="TM";"🔵 ELIAS(TM)";""),IF(Calendario!G14="TN";"🟣 ELIAS(TN)";""),IF(Calendario!G14="TT";"🟠 ELIAS(TT)";""),IF(Calendario!H14="";"🟢 CRIS";""),IF(Calendario!H14="CL";"🟤 CRIS(CL)";""),IF(Calendario!H14="FV";"🟡 CRIS(FV)";""),IF(Calendario!H14="TM";"🔵 CRIS(TM)";""),IF(Calendario!H14="TN";"🟣 CRIS(TN)";""),IF(Calendario!H14="TT";"🟠 CRIS(TT)";""))
A5: =TEXTJOIN(CHAR(10);TRUE;TEXT(Calendario!A15,"DD"),IF(Calendario!C15="";"🟢 SUSANNA";""),IF(Calendario!C15="CL";"🟤 SUSANNA(CL)";""),IF(Calendario!C15="FV";"🟡 SUSANNA(FV)";""),IF(Calendario!C15="TM";"🔵 SUSANNA(TM)";""),IF(Calendario!C15="TN";"🟣 SUSANNA(TN)";""),IF(Calendario!C15="TT";"🟠 SUSANNA(TT)";""),IF(Calendario!D15="";"🟢 ZUA";""),IF(Calendario!D15="CL";"🟤 ZUA(CL)";""),IF(Calendario!D15="FV";"🟡 ZUA(FV)";""),IF(Calendario!D15="TM";"🔵 ZUA(TM)";""),IF(Calendario!D15="TN";"🟣 ZUA(TN)";""),IF(Calendario!D15="TT";"🟠 ZUA(TT)";""),IF(Calendario!E15="";"🟢 PEPE";""),IF(Calendario!E15="CL";"🟤 PEPE(CL)";""),IF(Calendario!E15="FV";"🟡 PEPE(FV)";""),IF(Calendario!E15="TM";"🔵 PEPE(TM)";""),IF(Calendario!E15="TN";"🟣 PEPE(TN)";""),IF(Calendario!E15="TT";"🟠 PEPE(TT)";""),IF(Calendario!F15="";"🟢 ANTO";""),IF(Calendario!F15="CL";"🟤 ANTO(CL)";""),IF(Calendario!F15="FV";"🟡 ANTO(FV)";""),IF(Calendario!F15="TM";"🔵 ANTO(TM)";""),IF(Calendario!F15="TN";"🟣 ANTO(TN)";""),IF(Calendario!F15="TT";"🟠 ANTO(TT)";""),IF(Calendario!G15="";"🟢 ELIAS";""),IF(Calendario!G15="CL";"🟤 ELIAS(CL)";""),IF(Calendario!G15="FV";"🟡 ELIAS(FV)";""),IF(Calendario!G15="TM";"🔵 ELIAS(TM)";""),IF(Calendario!G15="TN";"🟣 ELIAS(TN)";""),IF(Calendario!G15="TT";"🟠 ELIAS(TT)";""),IF(Calendario!H15="";"🟢 CRIS";""),IF(Calendario!H15="CL";"🟤 CRIS(CL)";""),IF(Calendario!H15="FV";"🟡 CRIS(FV)";""),IF(Calendario!H15="TM";"🔵 CRIS(TM)";""),IF(Calendario!H15="TN";"🟣 CRIS(TN)";""),IF(Calendario!H15="TT";"🟠 CRIS(TT)";"")) | B5: =TEXTJOIN(CHAR(10);TRUE;TEXT(Calendario!A16,"DD"),IF(Calendario!C16="";"🟢 SUSANNA";""),IF(Calendario!C16="CL";"🟤 SUSANNA(CL)";""),IF(Calendario!C16="FV";"🟡 SUSANNA(FV)";""),IF(Calendario!C16="TM";"🔵 SUSANNA(TM)";""),IF(Calendario!C16="TN";"🟣 SUSANNA(TN)";""),IF(Calendario!C16="TT";"🟠 SUSANNA(TT)";""),IF(Calendario!D16="";"🟢 ZUA";""),IF(Calendario!D16="CL";"🟤 ZUA(CL)";""),IF(Calendario!D16="FV";"🟡 ZUA(FV)";""),IF(Calendario!D16="TM";"🔵 ZUA(TM)";""),IF(Calendario!D16="TN";"🟣 ZUA(TN)";""),IF(Calendario!D16="TT";"🟠 ZUA(TT)";""),IF(Calendario!E16="";"🟢 PEPE";""),IF(Calendario!E16="CL";"🟤 PEPE(CL)";""),IF(Calendario!E16="FV";"🟡 PEPE(FV)";""),IF(Calendario!E16="TM";"🔵 PEPE(TM)";""),IF(Calendario!E16="TN";"🟣 PEPE(TN)";""),IF(Calendario!E16="TT";"🟠 PEPE(TT)";""),IF(Calendario!F16="";"🟢 ANTO";""),IF(Calendario!F16="CL";"🟤 ANTO(CL)";""),IF(Calendario!F16="FV";"🟡 ANTO(FV)";""),IF(Calendario!F16="TM";"🔵 ANTO(TM)";""),IF(Calendario!F16="TN";"🟣 ANTO(TN)";""),IF(Calendario!F16="TT";"🟠 ANTO(TT)";""),IF(Calendario!G16="";"🟢 ELIAS";""),IF(Calendario!G16="CL";"🟤 ELIAS(CL)";""),IF(Calendario!G16="FV";"🟡 ELIAS(FV)";""),IF(Calendario!G16="TM";"🔵 ELIAS(TM)";""),IF(Calendario!G16="TN";"🟣 ELIAS(TN)";""),IF(Calendario!G16="TT";"🟠 ELIAS(TT)";""),IF(Calendario!H16="";"🟢 CRIS";""),IF(Calendario!H16="CL";"🟤 CRIS(CL)";""),IF(Calendario!H16="FV";"🟡 CRIS(FV)";""),IF(Calendario!H16="TM";"🔵 CRIS(TM)";""),IF(Calendario!H16="TN";"🟣 CRIS(TN)";""),IF(Calendario!H16="TT";"🟠 CRIS(TT)";"")) | C5: =TEXTJOIN(CHAR(10);TRUE;TEXT(Calendario!A17,"DD"),IF(Calendario!C17="";"🟢 SUSANNA";""),IF(Calendario!C17="CL";"🟤 SUSANNA(CL)";""),IF(Calendario!C17="FV";"🟡 SUSANNA(FV)";""),IF(Calendario!C17="TM";"🔵 SUSANNA(TM)";""),IF(Calendario!C17="TN";"🟣 SUSANNA(TN)";""),IF(Calendario!C17="TT";"🟠 SUSANNA(TT)";""),IF(Calendario!D17="";"🟢 ZUA";""),IF(Calendario!D17="CL";"🟤 ZUA(CL)";""),IF(Calendario!D17="FV";"🟡 ZUA(FV)";""),IF(Calendario!D17="TM";"🔵 ZUA(TM)";""),IF(Calendario!D17="TN";"🟣 ZUA(TN)";""),IF(Calendario!D17="TT";"🟠 ZUA(TT)";""),IF(Calendario!E17="";"🟢 PEPE";""),IF(Calendario!E17="CL";"🟤 PEPE(CL)";""),IF(Calendario!E17="FV";"🟡 PEPE(FV)";""),IF(Calendario!E17="TM";"🔵 PEPE(TM)";""),IF(Calendario!E17="TN";"🟣 PEPE(TN)";""),IF(Calendario!E17="TT";"🟠 PEPE(TT)";""),IF(Calendario!F17="";"🟢 ANTO";""),IF(Calendario!F17="CL";"🟤 ANTO(CL)";""),IF(Calendario!F17="FV";"🟡 ANTO(FV)";""),IF(Calendario!F17="TM";"🔵 ANTO(TM)";""),IF(Calendario!F17="TN";"🟣 ANTO(TN)";""),IF(Calendario!F17="TT";"🟠 ANTO(TT)";""),IF(Calendario!G17="";"🟢 ELIAS";""),IF(Calendario!G17="CL";"🟤 ELIAS(CL)";""),IF(Calendario!G17="FV";"🟡 ELIAS(FV)";""),IF(Calendario!G17="TM";"🔵 ELIAS(TM)";""),IF(Calendario!G17="TN";"🟣 ELIAS(TN)";""),IF(Calendario!G17="TT";"🟠 ELIAS(TT)";""),IF(Calendario!H17="";"🟢 CRIS";""),IF(Calendario!H17="CL";"🟤 CRIS(CL)";""),IF(Calendario!H17="FV";"🟡 CRIS(FV)";""),IF(Calendario!H17="TM";"🔵 CRIS(TM)";""),IF(Calendario!H17="TN";"🟣 CRIS(TN)";""),IF(Calendario!H17="TT";"🟠 CRIS(TT)";"")) | D5: =TEXTJOIN(CHAR(10);TRUE;TEXT(Calendario!A18,"DD"),IF(Calendario!C18="";"🟢 SUSANNA";""),IF(Calendario!C18="CL";"🟤 SUSANNA(CL)";""),IF(Calendario!C18="FV";"🟡 SUSANNA(FV)";""),IF(Calendario!C18="TM";"🔵 SUSANNA(TM)";""),IF(Calendario!C18="TN";"🟣 SUSANNA(TN)";""),IF(Calendario!C18="TT";"🟠 SUSANNA(TT)";""),IF(Calendario!D18="";"🟢 ZUA";""),IF(Calendario!D18="CL";"🟤 ZUA(CL)";""),IF(Calendario!D18="FV";"🟡 ZUA(FV)";""),IF(Calendario!D18="TM";"🔵 ZUA(TM)";""),IF(Calendario!D18="TN";"🟣 ZUA(TN)";""),IF(Calendario!D18="TT";"🟠 ZUA(TT)";""),IF(Calendario!E18="";"🟢 PEPE";""),IF(Calendario!E18="CL";"🟤 PEPE(CL)";""),IF(Calendario!E18="FV";"🟡 PEPE(FV)";""),IF(Calendario!E18="TM";"🔵 PEPE(TM)";""),IF(Calendario!E18="TN";"🟣 PEPE(TN)";""),IF(Calendario!E18="TT";"🟠 PEPE(TT)";""),IF(Calendario!F18="";"🟢 ANTO";""),IF(Calendario!F18="CL";"🟤 ANTO(CL)";""),IF(Calendario!F18="FV";"🟡 ANTO(FV)";""),IF(Calendario!F18="TM";"🔵 ANTO(TM)";""),IF(Calendario!F18="TN";"🟣 ANTO(TN)";""),IF(Calendario!F18="TT";"🟠 ANTO(TT)";""),IF(Calendario!G18="";"🟢 ELIAS";""),IF(Calendario!G18="CL";"🟤 ELIAS(CL)";""),IF(Calendario!G18="FV";"🟡 ELIAS(FV)";""),IF(Calendario!G18="TM";"🔵 ELIAS(TM)";""),IF(Calendario!G18="TN";"🟣 ELIAS(TN)";""),IF(Calendario!G18="TT";"🟠 ELIAS(TT)";""),IF(Calendario!H18="";"🟢 CRIS";""),IF(Calendario!H18="CL";"🟤 CRIS(CL)";""),IF(Calendario!H18="FV";"🟡 CRIS(FV)";""),IF(Calendario!H18="TM";"🔵 CRIS(TM)";""),IF(Calendario!H18="TN";"🟣 CRIS(TN)";""),IF(Calendario!H18="TT";"🟠 CRIS(TT)";"")) | E5: =TEXTJOIN(CHAR(10);TRUE;TEXT(Calendario!A19,"DD"),IF(Calendario!C19="";"🟢 SUSANNA";""),IF(Calendario!C19="CL";"🟤 SUSANNA(CL)";""),IF(Calendario!C19="FV";"🟡 SUSANNA(FV)";""),IF(Calendario!C19="TM";"🔵 SUSANNA(TM)";""),IF(Calendario!C19="TN";"🟣 SUSANNA(TN)";""),IF(Calendario!C19="TT";"🟠 SUSANNA(TT)";""),IF(Calendario!D19="";"🟢 ZUA";""),IF(Calendario!D19="CL";"🟤 ZUA(CL)";""),IF(Calendario!D19="FV";"🟡 ZUA(FV)";""),IF(Calendario!D19="TM";"🔵 ZUA(TM)";""),IF(Calendario!D19="TN";"🟣 ZUA(TN)";""),IF(Calendario!D19="TT";"🟠 ZUA(TT)";""),IF(Calendario!E19="";"🟢 PEPE";""),IF(Calendario!E19="CL";"🟤 PEPE(CL)";""),IF(Calendario!E19="FV";"🟡 PEPE(FV)";""),IF(Calendario!E19="TM";"🔵 PEPE(TM)";""),IF(Calendario!E19="TN";"🟣 PEPE(TN)";""),IF(Calendario!E19="TT";"🟠 PEPE(TT)";""),IF(Calendario!F19="";"🟢 ANTO";""),IF(Calendario!F19="CL";"🟤 ANTO(CL)";""),IF(Calendario!F19="FV";"🟡 ANTO(FV)";""),IF(Calendario!F19="TM";"🔵 ANTO(TM)";""),IF(Calendario!F19="TN";"🟣 ANTO(TN)";""),IF(Calendario!F19="TT";"🟠 ANTO(TT)";""),IF(Calendario!G19="";"🟢 ELIAS";""),IF(Calendario!G19="CL";"🟤 ELIAS(CL)";""),IF(Calendario!G19="FV";"🟡 ELIAS(FV)";""),IF(Calendario!G19="TM";"🔵 ELIAS(TM)";""),IF(Calendario!G19="TN";"🟣 ELIAS(TN)";""),IF(Calendario!G19="TT";"🟠 ELIAS(TT)";""),IF(Calendario!H19="";"🟢 CRIS";""),IF(Calendario!H19="CL";"🟤 CRIS(CL)";""),IF(Calendario!H19="FV";"🟡 CRIS(FV)";""),IF(Calendario!H19="TM";"🔵 CRIS(TM)";""),IF(Calendario!H19="TN";"🟣 CRIS(TN)";""),IF(Calendario!H19="TT";"🟠 CRIS(TT)";"")) | F5: =TEXTJOIN(CHAR(10);TRUE;TEXT(Calendario!A20,"DD"),IF(Calendario!C20="";"🟢 SUSANNA";""),IF(Calendario!C20="CL";"🟤 SUSANNA(CL)";""),IF(Calendario!C20="FV";"🟡 SUSANNA(FV)";""),IF(Calendario!C20="TM";"🔵 SUSANNA(TM)";""),IF(Calendario!C20="TN";"🟣 SUSANNA(TN)";""),IF(Calendario!C20="TT";"🟠 SUSANNA(TT)";""),IF(Calendario!D20="";"🟢 ZUA";""),IF(Calendario!D20="CL";"🟤 ZUA(CL)";""),IF(Calendario!D20="FV";"🟡 ZUA(FV)";""),IF(Calendario!D20="TM";"🔵 ZUA(TM)";""),IF(Calendario!D20="TN";"🟣 ZUA(TN)";""),IF(Calendario!D20="TT";"🟠 ZUA(TT)";""),IF(Calendario!E20="";"🟢 PEPE";""),IF(Calendario!E20="CL";"🟤 PEPE(CL)";""),IF(Calendario!E20="FV";"🟡 PEPE(FV)";""),IF(Calendario!E20="TM";"🔵 PEPE(TM)";""),IF(Calendario!E20="TN";"🟣 PEPE(TN)";""),IF(Calendario!E20="TT";"🟠 PEPE(TT)";""),IF(Calendario!F20="";"🟢 ANTO";""),IF(Calendario!F20="CL";"🟤 ANTO(CL)";""),IF(Calendario!F20="FV";"🟡 ANTO(FV)";""),IF(Calendario!F20="TM";"🔵 ANTO(TM)";""),IF(Calendario!F20="TN";"🟣 ANTO(TN)";""),IF(Calendario!F20="TT";"🟠 ANTO(TT)";""),IF(Calendario!G20="";"🟢 ELIAS";""),IF(Calendario!G20="CL";"🟤 ELIAS(CL)";""),IF(Calendario!G20="FV";"🟡 ELIAS(FV)";""),IF(Calendario!G20="TM";"🔵 ELIAS(TM)";""),IF(Calendario!G20="TN";"🟣 ELIAS(TN)";""),IF(Calendario!G20="TT";"🟠 ELIAS(TT)";""),IF(Calendario!H20="";"🟢 CRIS";""),IF(Calendario!H20="CL";"🟤 CRIS(CL)";""),IF(Calendario!H20="FV";"🟡 CRIS(FV)";""),IF(Calendario!H20="TM";"🔵 CRIS(TM)";""),IF(Calendario!H20="TN";"🟣 CRIS(TN)";""),IF(Calendario!H20="TT";"🟠 CRIS(TT)";"")) | G5: =TEXTJOIN(CHAR(10);TRUE;TEXT(Calendario!A21,"DD"),IF(Calendario!C21="";"🟢 SUSANNA";""),IF(Calendario!C21="CL";"🟤 SUSANNA(CL)";""),IF(Calendario!C21="FV";"🟡 SUSANNA(FV)";""),IF(Calendario!C21="TM";"🔵 SUSANNA(TM)";""),IF(Calendario!C21="TN";"🟣 SUSANNA(TN)";""),IF(Calendario!C21="TT";"🟠 SUSANNA(TT)";""),IF(Calendario!D21="";"🟢 ZUA";""),IF(Calendario!D21="CL";"🟤 ZUA(CL)";""),IF(Calendario!D21="FV";"🟡 ZUA(FV)";""),IF(Calendario!D21="TM";"🔵 ZUA(TM)";""),IF(Calendario!D21="TN";"🟣 ZUA(TN)";""),IF(Calendario!D21="TT";"🟠 ZUA(TT)";""),IF(Calendario!E21="";"🟢 PEPE";""),IF(Calendario!E21="CL";"🟤 PEPE(CL)";""),IF(Calendario!E21="FV";"🟡 PEPE(FV)";""),IF(Calendario!E21="TM";"🔵 PEPE(TM)";""),IF(Calendario!E21="TN";"🟣 PEPE(TN)";""),IF(Calendario!E21="TT";"🟠 PEPE(TT)";""),IF(Calendario!F21="";"🟢 ANTO";""),IF(Calendario!F21="CL";"🟤 ANTO(CL)";""),IF(Calendario!F21="FV";"🟡 ANTO(FV)";""),IF(Calendario!F21="TM";"🔵 ANTO(TM)";""),IF(Calendario!F21="TN";"🟣 ANTO(TN)";""),IF(Calendario!F21="TT";"🟠 ANTO(TT)";""),IF(Calendario!G21="";"🟢 ELIAS";""),IF(Calendario!G21="CL";"🟤 ELIAS(CL)";""),IF(Calendario!G21="FV";"🟡 ELIAS(FV)";""),IF(Calendario!G21="TM";"🔵 ELIAS(TM)";""),IF(Calendario!G21="TN";"🟣 ELIAS(TN)";""),IF(Calendario!G21="TT";"🟠 ELIAS(TT)";""),IF(Calendario!H21="";"🟢 CRIS";""),IF(Calendario!H21="CL";"🟤 CRIS(CL)";""),IF(Calendario!H21="FV";"🟡 CRIS(FV)";""),IF(Calendario!H21="TM";"🔵 CRIS(TM)";""),IF(Calendario!H21="TN";"🟣 CRIS(TN)";""),IF(Calendario!H21="TT";"🟠 CRIS(TT)";""))
A6: =TEXTJOIN(CHAR(10);TRUE;TEXT(Calendario!A22,"DD"),IF(Calendario!C22="";"🟢 SUSANNA";""),IF(Calendario!C22="CL";"🟤 SUSANNA(CL)";""),IF(Calendario!C22="FV";"🟡 SUSANNA(FV)";""),IF(Calendario!C22="TM";"🔵 SUSANNA(TM)";""),IF(Calendario!C22="TN";"🟣 SUSANNA(TN)";""),IF(Calendario!C22="TT";"🟠 SUSANNA(TT)";""),IF(Calendario!D22="";"🟢 ZUA";""),IF(Calendario!D22="CL";"🟤 ZUA(CL)";""),IF(Calendario!D22="FV";"🟡 ZUA(FV)";""),IF(Calendario!D22="TM";"🔵 ZUA(TM)";""),IF(Calendario!D22="TN";"🟣 ZUA(TN)";""),IF(Calendario!D22="TT";"🟠 ZUA(TT)";""),IF(Calendario!E22="";"🟢 PEPE";""),IF(Calendario!E22="CL";"🟤 PEPE(CL)";""),IF(Calendario!E22="FV";"🟡 PEPE(FV)";""),IF(Calendario!E22="TM";"🔵 PEPE(TM)";""),IF(Calendario!E22="TN";"🟣 PEPE(TN)";""),IF(Calendario!E22="TT";"🟠 PEPE(TT)";""),IF(Calendario!F22="";"🟢 ANTO";""),IF(Calendario!F22="CL";"🟤 ANTO(CL)";""),IF(Calendario!F22="FV";"🟡 ANTO(FV)";""),IF(Calendario!F22="TM";"🔵 ANTO(TM)";""),IF(Calendario!F22="TN";"🟣 ANTO(TN)";""),IF(Calendario!F22="TT";"🟠 ANTO(TT)";""),IF(Calendario!G22="";"🟢 ELIAS";""),IF(Calendario!G22="CL";"🟤 ELIAS(CL)";""),IF(Calendario!G22="FV";"🟡 ELIAS(FV)";""),IF(Calendario!G22="TM";"🔵 ELIAS(TM)";""),IF(Calendario!G22="TN";"🟣 ELIAS(TN)";""),IF(Calendario!G22="TT";"🟠 ELIAS(TT)";""),IF(Calendario!H22="";"🟢 CRIS";""),IF(Calendario!H22="CL";"🟤 CRIS(CL)";""),IF(Calendario!H22="FV";"🟡 CRIS(FV)";""),IF(Calendario!H22="TM";"🔵 CRIS(TM)";""),IF(Calendario!H22="TN";"🟣 CRIS(TN)";""),IF(Calendario!H22="TT";"🟠 CRIS(TT)";"")) | B6: =TEXTJOIN(CHAR(10);TRUE;TEXT(Calendario!A23,"DD"),IF(Calendario!C23="";"🟢 SUSANNA";""),IF(Calendario!C23="CL";"🟤 SUSANNA(CL)";""),IF(Calendario!C23="FV";"🟡 SUSANNA(FV)";""),IF(Calendario!C23="TM";"🔵 SUSANNA(TM)";""),IF(Calendario!C23="TN";"🟣 SUSANNA(TN)";""),IF(Calendario!C23="TT";"🟠 SUSANNA(TT)";""),IF(Calendario!D23="";"🟢 ZUA";""),IF(Calendario!D23="CL";"🟤 ZUA(CL)";""),IF(Calendario!D23="FV";"🟡 ZUA(FV)";""),IF(Calendario!D23="TM";"🔵 ZUA(TM)";""),IF(Calendario!D23="TN";"🟣 ZUA(TN)";""),IF(Calendario!D23="TT";"🟠 ZUA(TT)";""),IF(Calendario!E23="";"🟢 PEPE";""),IF(Calendario!E23="CL";"🟤 PEPE(CL)";""),IF(Calendario!E23="FV";"🟡 PEPE(FV)";""),IF(Calendario!E23="TM";"🔵 PEPE(TM)";""),IF(Calendario!E23="TN";"🟣 PEPE(TN)";""),IF(Calendario!E23="TT";"🟠 PEPE(TT)";""),IF(Calendario!F23="";"🟢 ANTO";""),IF(Calendario!F23="CL";"🟤 ANTO(CL)";""),IF(Calendario!F23="FV";"🟡 ANTO(FV)";""),IF(Calendario!F23="TM";"🔵 ANTO(TM)";""),IF(Calendario!F23="TN";"🟣 ANTO(TN)";""),IF(Calendario!F23="TT";"🟠 ANTO(TT)";""),IF(Calendario!G23="";"🟢 ELIAS";""),IF(Calendario!G23="CL";"🟤 ELIAS(CL)";""),IF(Calendario!G23="FV";"🟡 ELIAS(FV)";""),IF(Calendario!G23="TM";"🔵 ELIAS(TM)";""),IF(Calendario!G23="TN";"🟣 ELIAS(TN)";""),IF(Calendario!G23="TT";"🟠 ELIAS(TT)";""),IF(Calendario!H23="";"🟢 CRIS";""),IF(Calendario!H23="CL";"🟤 CRIS(CL)";""),IF(Calendario!H23="FV";"🟡 CRIS(FV)";""),IF(Calendario!H23="TM";"🔵 CRIS(TM)";""),IF(Calendario!H23="TN";"🟣 CRIS(TN)";""),IF(Calendario!H23="TT";"🟠 CRIS(TT)";"")) | C6: =TEXTJOIN(CHAR(10);TRUE;TEXT(Calendario!A24,"DD"),IF(Calendario!C24="";"🟢 SUSANNA";""),IF(Calendario!C24="CL";"🟤 SUSANNA(CL)";""),IF(Calendario!C24="FV";"🟡 SUSANNA(FV)";""),IF(Calendario!C24="TM";"🔵 SUSANNA(TM)";""),IF(Calendario!C24="TN";"🟣 SUSANNA(TN)";""),IF(Calendario!C24="TT";"🟠 SUSANNA(TT)";""),IF(Calendario!D24="";"🟢 ZUA";""),IF(Calendario!D24="CL";"🟤 ZUA(CL)";""),IF(Calendario!D24="FV";"🟡 ZUA(FV)";""),IF(Calendario!D24="TM";"🔵 ZUA(TM)";""),IF(Calendario!D24="TN";"🟣 ZUA(TN)";""),IF(Calendario!D24="TT";"🟠 ZUA(TT)";""),IF(Calendario!E24="";"🟢 PEPE";""),IF(Calendario!E24="CL";"🟤 PEPE(CL)";""),IF(Calendario!E24="FV";"🟡 PEPE(FV)";""),IF(Calendario!E24="TM";"🔵 PEPE(TM)";""),IF(Calendario!E24="TN";"🟣 PEPE(TN)";""),IF(Calendario!E24="TT";"🟠 PEPE(TT)";""),IF(Calendario!F24="";"🟢 ANTO";""),IF(Calendario!F24="CL";"🟤 ANTO(CL)";""),IF(Calendario!F24="FV";"🟡 ANTO(FV)";""),IF(Calendario!F24="TM";"🔵 ANTO(TM)";""),IF(Calendario!F24="TN";"🟣 ANTO(TN)";""),IF(Calendario!F24="TT";"🟠 ANTO(TT)";""),IF(Calendario!G24="";"🟢 ELIAS";""),IF(Calendario!G24="CL";"🟤 ELIAS(CL)";""),IF(Calendario!G24="FV";"🟡 ELIAS(FV)";""),IF(Calendario!G24="TM";"🔵 ELIAS(TM)";""),IF(Calendario!G24="TN";"🟣 ELIAS(TN)";""),IF(Calendario!G24="TT";"🟠 ELIAS(TT)";""),IF(Calendario!H24="";"🟢 CRIS";""),IF(Calendario!H24="CL";"🟤 CRIS(CL)";""),IF(Calendario!H24="FV";"🟡 CRIS(FV)";""),IF(Calendario!H24="TM";"🔵 CRIS(TM)";""),IF(Calendario!H24="TN";"🟣 CRIS(TN)";""),IF(Calendario!H24="TT";"🟠 CRIS(TT)";"")) | D6: =TEXTJOIN(CHAR(10);TRUE;TEXT(Calendario!A25,"DD"),IF(Calendario!C25="";"🟢 SUSANNA";""),IF(Calendario!C25="CL";"🟤 SUSANNA(CL)";""),IF(Calendario!C25="FV";"🟡 SUSANNA(FV)";""),IF(Calendario!C25="TM";"🔵 SUSANNA(TM)";""),IF(Calendario!C25="TN";"🟣 SUSANNA(TN)";""),IF(Calendario!C25="TT";"🟠 SUSANNA(TT)";""),IF(Calendario!D25="";"🟢 ZUA";""),IF(Calendario!D25="CL";"🟤 ZUA(CL)";""),IF(Calendario!D25="FV";"🟡 ZUA(FV)";""),IF(Calendario!D25="TM";"🔵 ZUA(TM)";""),IF(Calendario!D25="TN";"🟣 ZUA(TN)";""),IF(Calendario!D25="TT";"🟠 ZUA(TT)";""),IF(Calendario!E25="";"🟢 PEPE";""),IF(Calendario!E25="CL";"🟤 PEPE(CL)";""),IF(Calendario!E25="FV";"🟡 PEPE(FV)";""),IF(Calendario!E25="TM";"🔵 PEPE(TM)";""),IF(Calendario!E25="TN";"🟣 PEPE(TN)";""),IF(Calendario!E25="TT";"🟠 PEPE(TT)";""),IF(Calendario!F25="";"🟢 ANTO";""),IF(Calendario!F25="CL";"🟤 ANTO(CL)";""),IF(Calendario!F25="FV";"🟡 ANTO(FV)";""),IF(Calendario!F25="TM";"🔵 ANTO(TM)";""),IF(Calendario!F25="TN";"🟣 ANTO(TN)";""),IF(Calendario!F25="TT";"🟠 ANTO(TT)";""),IF(Calendario!G25="";"🟢 ELIAS";""),IF(Calendario!G25="CL";"🟤 ELIAS(CL)";""),IF(Calendario!G25="FV";"🟡 ELIAS(FV)";""),IF(Calendario!G25="TM";"🔵 ELIAS(TM)";""),IF(Calendario!G25="TN";"🟣 ELIAS(TN)";""),IF(Calendario!G25="TT";"🟠 ELIAS(TT)";""),IF(Calendario!H25="";"🟢 CRIS";""),IF(Calendario!H25="CL";"🟤 CRIS(CL)";""),IF(Calendario!H25="FV";"🟡 CRIS(FV)";""),IF(Calendario!H25="TM";"🔵 CRIS(TM)";""),IF(Calendario!H25="TN";"🟣 CRIS(TN)";""),IF(Calendario!H25="TT";"🟠 CRIS(TT)";"")) | E6: =TEXTJOIN(CHAR(10);TRUE;TEXT(Calendario!A26,"DD"),IF(Calendario!C26="";"🟢 SUSANNA";""),IF(Calendario!C26="CL";"🟤 SUSANNA(CL)";""),IF(Calendario!C26="FV";"🟡 SUSANNA(FV)";""),IF(Calendario!C26="TM";"🔵 SUSANNA(TM)";""),IF(Calendario!C26="TN";"🟣 SUSANNA(TN)";""),IF(Calendario!C26="TT";"🟠 SUSANNA(TT)";""),IF(Calendario!D26="";"🟢 ZUA";""),IF(Calendario!D26="CL";"🟤 ZUA(CL)";""),IF(Calendario!D26="FV";"🟡 ZUA(FV)";""),IF(Calendario!D26="TM";"🔵 ZUA(TM)";""),IF(Calendario!D26="TN";"🟣 ZUA(TN)";""),IF(Calendario!D26="TT";"🟠 ZUA(TT)";""),IF(Calendario!E26="";"🟢 PEPE";""),IF(Calendario!E26="CL";"🟤 PEPE(CL)";""),IF(Calendario!E26="FV";"🟡 PEPE(FV)";""),IF(Calendario!E26="TM";"🔵 PEPE(TM)";""),IF(Calendario!E26="TN";"🟣 PEPE(TN)";""),IF(Calendario!E26="TT";"🟠 PEPE(TT)";""),IF(Calendario!F26="";"🟢 ANTO";""),IF(Calendario!F26="CL";"🟤 ANTO(CL)";""),IF(Calendario!F26="FV";"🟡 ANTO(FV)";""),IF(Calendario!F26="TM";"🔵 ANTO(TM)";""),IF(Calendario!F26="TN";"🟣 ANTO(TN)";""),IF(Calendario!F26="TT";"🟠 ANTO(TT)";""),IF(Calendario!G26="";"🟢 ELIAS";""),IF(Calendario!G26="CL";"🟤 ELIAS(CL)";""),IF(Calendario!G26="FV";"🟡 ELIAS(FV)";""),IF(Calendario!G26="TM";"🔵 ELIAS(TM)";""),IF(Calendario!G26="TN";"🟣 ELIAS(TN)";""),IF(Calendario!G26="TT";"🟠 ELIAS(TT)";""),IF(Calendario!H26="";"🟢 CRIS";""),IF(Calendario!H26="CL";"🟤 CRIS(CL)";""),IF(Calendario!H26="FV";"🟡 CRIS(FV)";""),IF(Calendario!H26="TM";"🔵 CRIS(TM)";""),IF(Calendario!H26="TN";"🟣 CRIS(TN)";""),IF(Calendario!H26="TT";"🟠 CRIS(TT)";"")) | F6: =TEXTJOIN(CHAR(10);TRUE;TEXT(Calendario!A27,"DD"),IF(Calendario!C27="";"🟢 SUSANNA";""),IF(Calendario!C27="CL";"🟤 SUSANNA(CL)";""),IF(Calendario!C27="FV";"🟡 SUSANNA(FV)";""),IF(Calendario!C27="TM";"🔵 SUSANNA(TM)";""),IF(Calendario!C27="TN";"🟣 SUSANNA(TN)";""),IF(Calendario!C27="TT";"🟠 SUSANNA(TT)";""),IF(Calendario!D27="";"🟢 ZUA";""),IF(Calendario!D27="CL";"🟤 ZUA(CL)";""),IF(Calendario!D27="FV";"🟡 ZUA(FV)";""),IF(Calendario!D27="TM";"🔵 ZUA(TM)";""),IF(Calendario!D27="TN";"🟣 ZUA(TN)";""),IF(Calendario!D27="TT";"🟠 ZUA(TT)";""),IF(Calendario!E27="";"🟢 PEPE";""),IF(Calendario!E27="CL";"🟤 PEPE(CL)";""),IF(Calendario!E27="FV";"🟡 PEPE(FV)";""),IF(Calendario!E27="TM";"🔵 PEPE(TM)";""),IF(Calendario!E27="TN";"🟣 PEPE(TN)";""),IF(Calendario!E27="TT";"🟠 PEPE(TT)";""),IF(Calendario!F27="";"🟢 ANTO";""),IF(Calendario!F27="CL";"🟤 ANTO(CL)";""),IF(Calendario!F27="FV";"🟡 ANTO(FV)";""),IF(Calendario!F27="TM";"🔵 ANTO(TM)";""),IF(Calendario!F27="TN";"🟣 ANTO(TN)";""),IF(Calendario!F27="TT";"🟠 ANTO(TT)";""),IF(Calendario!G27="";"🟢 ELIAS";""),IF(Calendario!G27="CL";"🟤 ELIAS(CL)";""),IF(Calendario!G27="FV";"🟡 ELIAS(FV)";""),IF(Calendario!G27="TM";"🔵 ELIAS(TM)";""),IF(Calendario!G27="TN";"🟣 ELIAS(TN)";""),IF(Calendario!G27="TT";"🟠 ELIAS(TT)";""),IF(Calendario!H27="";"🟢 CRIS";""),IF(Calendario!H27="CL";"🟤 CRIS(CL)";""),IF(Calendario!H27="FV";"🟡 CRIS(FV)";""),IF(Calendario!H27="TM";"🔵 CRIS(TM)";""),IF(Calendario!H27="TN";"🟣 CRIS(TN)";""),IF(Calendario!H27="TT";"🟠 CRIS(TT)";"")) | G6: =TEXTJOIN(CHAR(10);TRUE;TEXT(Calendario!A28,"DD"),IF(Calendario!C28="";"🟢 SUSANNA";""),IF(Calendario!C28="CL";"🟤 SUSANNA(CL)";""),IF(Calendario!C28="FV";"🟡 SUSANNA(FV)";""),IF(Calendario!C28="TM";"🔵 SUSANNA(TM)";""),IF(Calendario!C28="TN";"🟣 SUSANNA(TN)";""),IF(Calendario!C28="TT";"🟠 SUSANNA(TT)";""),IF(Calendario!D28="";"🟢 ZUA";""),IF(Calendario!D28="CL";"🟤 ZUA(CL)";""),IF(Calendario!D28="FV";"🟡 ZUA(FV)";""),IF(Calendario!D28="TM";"🔵 ZUA(TM)";""),IF(Calendario!D28="TN";"🟣 ZUA(TN)";""),IF(Calendario!D28="TT";"🟠 ZUA(TT)";""),IF(Calendario!E28="";"🟢 PEPE";""),IF(Calendario!E28="CL";"🟤 PEPE(CL)";""),IF(Calendario!E28="FV";"🟡 PEPE(FV)";""),IF(Calendario!E28="TM";"🔵 PEPE(TM)";""),IF(Calendario!E28="TN";"🟣 PEPE(TN)";""),IF(Calendario!E28="TT";"🟠 PEPE(TT)";""),IF(Calendario!F28="";"🟢 ANTO";""),IF(Calendario!F28="CL";"🟤 ANTO(CL)";""),IF(Calendario!F28="FV";"🟡 ANTO(FV)";""),IF(Calendario!F28="TM";"🔵 ANTO(TM)";""),IF(Calendario!F28="TN";"🟣 ANTO(TN)";""),IF(Calendario!F28="TT";"🟠 ANTO(TT)";""),IF(Calendario!G28="";"🟢 ELIAS";""),IF(Calendario!G28="CL";"🟤 ELIAS(CL)";""),IF(Calendario!G28="FV";"🟡 ELIAS(FV)";""),IF(Calendario!G28="TM";"🔵 ELIAS(TM)";""),IF(Calendario!G28="TN";"🟣 ELIAS(TN)";""),IF(Calendario!G28="TT";"🟠 ELIAS(TT)";""),IF(Calendario!H28="";"🟢 CRIS";""),IF(Calendario!H28="CL";"🟤 CRIS(CL)";""),IF(Calendario!H28="FV";"🟡 CRIS(FV)";""),IF(Calendario!H28="TM";"🔵 CRIS(TM)";""),IF(Calendario!H28="TN";"🟣 CRIS(TN)";""),IF(Calendario!H28="TT";"🟠 CRIS(TT)";""))
A7: =TEXTJOIN(CHAR(10);TRUE;TEXT(Calendario!A29,"DD"),IF(Calendario!C29="";"🟢 SUSANNA";""),IF(Calendario!C29="CL";"🟤 SUSANNA(CL)";""),IF(Calendario!C29="FV";"🟡 SUSANNA(FV)";""),IF(Calendario!C29="TM";"🔵 SUSANNA(TM)";""),IF(Calendario!C29="TN";"🟣 SUSANNA(TN)";""),IF(Calendario!C29="TT";"🟠 SUSANNA(TT)";""),IF(Calendario!D29="";"🟢 ZUA";""),IF(Calendario!D29="CL";"🟤 ZUA(CL)";""),IF(Calendario!D29="FV";"🟡 ZUA(FV)";""),IF(Calendario!D29="TM";"🔵 ZUA(TM)";""),IF(Calendario!D29="TN";"🟣 ZUA(TN)";""),IF(Calendario!D29="TT";"🟠 ZUA(TT)";""),IF(Calendario!E29="";"🟢 PEPE";""),IF(Calendario!E29="CL";"🟤 PEPE(CL)";""),IF(Calendario!E29="FV";"🟡 PEPE(FV)";""),IF(Calendario!E29="TM";"🔵 PEPE(TM)";""),IF(Calendario!E29="TN";"🟣 PEPE(TN)";""),IF(Calendario!E29="TT";"🟠 PEPE(TT)";""),IF(Calendario!F29="";"🟢 ANTO";""),IF(Calendario!F29="CL";"🟤 ANTO(CL)";""),IF(Calendario!F29="FV";"🟡 ANTO(FV)";""),IF(Calendario!F29="TM";"🔵 ANTO(TM)";""),IF(Calendario!F29="TN";"🟣 ANTO(TN)";""),IF(Calendario!F29="TT";"🟠 ANTO(TT)";""),IF(Calendario!G29="";"🟢 ELIAS";""),IF(Calendario!G29="CL";"🟤 ELIAS(CL)";""),IF(Calendario!G29="FV";"🟡 ELIAS(FV)";""),IF(Calendario!G29="TM";"🔵 ELIAS(TM)";""),IF(Calendario!G29="TN";"🟣 ELIAS(TN)";""),IF(Calendario!G29="TT";"🟠 ELIAS(TT)";""),IF(Calendario!H29="";"🟢 CRIS";""),IF(Calendario!H29="CL";"🟤 CRIS(CL)";""),IF(Calendario!H29="FV";"🟡 CRIS(FV)";""),IF(Calendario!H29="TM";"🔵 CRIS(TM)";""),IF(Calendario!H29="TN";"🟣 CRIS(TN)";""),IF(Calendario!H29="TT";"🟠 CRIS(TT)";"")) | B7: =TEXTJOIN(CHAR(10);TRUE;TEXT(Calendario!A30,"DD"),IF(Calendario!C30="";"🟢 SUSANNA";""),IF(Calendario!C30="CL";"🟤 SUSANNA(CL)";""),IF(Calendario!C30="FV";"🟡 SUSANNA(FV)";""),IF(Calendario!C30="TM";"🔵 SUSANNA(TM)";""),IF(Calendario!C30="TN";"🟣 SUSANNA(TN)";""),IF(Calendario!C30="TT";"🟠 SUSANNA(TT)";""),IF(Calendario!D30="";"🟢 ZUA";""),IF(Calendario!D30="CL";"🟤 ZUA(CL)";""),IF(Calendario!D30="FV";"🟡 ZUA(FV)";""),IF(Calendario!D30="TM";"🔵 ZUA(TM)";""),IF(Calendario!D30="TN";"🟣 ZUA(TN)";""),IF(Calendario!D30="TT";"🟠 ZUA(TT)";""),IF(Calendario!E30="";"🟢 PEPE";""),IF(Calendario!E30="CL";"🟤 PEPE(CL)";""),IF(Calendario!E30="FV";"🟡 PEPE(FV)";""),IF(Calendario!E30="TM";"🔵 PEPE(TM)";""),IF(Calendario!E30="TN";"🟣 PEPE(TN)";""),IF(Calendario!E30="TT";"🟠 PEPE(TT)";""),IF(Calendario!F30="";"🟢 ANTO";""),IF(Calendario!F30="CL";"🟤 ANTO(CL)";""),IF(Calendario!F30="FV";"🟡 ANTO(FV)";""),IF(Calendario!F30="TM";"🔵 ANTO(TM)";""),IF(Calendario!F30="TN";"🟣 ANTO(TN)";""),IF(Calendario!F30="TT";"🟠 ANTO(TT)";""),IF(Calendario!G30="";"🟢 ELIAS";""),IF(Calendario!G30="CL";"🟤 ELIAS(CL)";""),IF(Calendario!G30="FV";"🟡 ELIAS(FV)";""),IF(Calendario!G30="TM";"🔵 ELIAS(TM)";""),IF(Calendario!G30="TN";"🟣 ELIAS(TN)";""),IF(Calendario!G30="TT";"🟠 ELIAS(TT)";""),IF(Calendario!H30="";"🟢 CRIS";""),IF(Calendario!H30="CL";"🟤 CRIS(CL)";""),IF(Calendario!H30="FV";"🟡 CRIS(FV)";""),IF(Calendario!H30="TM";"🔵 CRIS(TM)";""),IF(Calendario!H30="TN";"🟣 CRIS(TN)";""),IF(Calendario!H30="TT";"🟠 CRIS(TT)";"")) | C7: =TEXTJOIN(CHAR(10);TRUE;TEXT(Calendario!A31,"DD"),IF(Calendario!C31="";"🟢 SUSANNA";""),IF(Calendario!C31="CL";"🟤 SUSANNA(CL)";""),IF(Calendario!C31="FV";"🟡 SUSANNA(FV)";""),IF(Calendario!C31="TM";"🔵 SUSANNA(TM)";""),IF(Calendario!C31="TN";"🟣 SUSANNA(TN)";""),IF(Calendario!C31="TT";"🟠 SUSANNA(TT)";""),IF(Calendario!D31="";"🟢 ZUA";""),IF(Calendario!D31="CL";"🟤 ZUA(CL)";""),IF(Calendario!D31="FV";"🟡 ZUA(FV)";""),IF(Calendario!D31="TM";"🔵 ZUA(TM)";""),IF(Calendario!D31="TN";"🟣 ZUA(TN)";""),IF(Calendario!D31="TT";"🟠 ZUA(TT)";""),IF(Calendario!E31="";"🟢 PEPE";""),IF(Calendario!E31="CL";"🟤 PEPE(CL)";""),IF(Calendario!E31="FV";"🟡 PEPE(FV)";""),IF(Calendario!E31="TM";"🔵 PEPE(TM)";""),IF(Calendario!E31="TN";"🟣 PEPE(TN)";""),IF(Calendario!E31="TT";"🟠 PEPE(TT)";""),IF(Calendario!F31="";"🟢 ANTO";""),IF(Calendario!F31="CL";"🟤 ANTO(CL)";""),IF(Calendario!F31="FV";"🟡 ANTO(FV)";""),IF(Calendario!F31="TM";"🔵 ANTO(TM)";""),IF(Calendario!F31="TN";"🟣 ANTO(TN)";""),IF(Calendario!F31="TT";"🟠 ANTO(TT)";""),IF(Calendario!G31="";"🟢 ELIAS";""),IF(Calendario!G31="CL";"🟤 ELIAS(CL)";""),IF(Calendario!G31="FV";"🟡 ELIAS(FV)";""),IF(Calendario!G31="TM";"🔵 ELIAS(TM)";""),IF(Calendario!G31="TN";"🟣 ELIAS(TN)";""),IF(Calendario!G31="TT";"🟠 ELIAS(TT)";""),IF(Calendario!H31="";"🟢 CRIS";""),IF(Calendario!H31="CL";"🟤 CRIS(CL)";""),IF(Calendario!H31="FV";"🟡 CRIS(FV)";""),IF(Calendario!H31="TM";"🔵 CRIS(TM)";""),IF(Calendario!H31="TN";"🟣 CRIS(TN)";""),IF(Calendario!H31="TT";"🟠 CRIS(TT)";"")) | D7: =TEXTJOIN(CHAR(10);TRUE;TEXT(Calendario!A32,"DD"),IF(Calendario!C32="";"🟢 SUSANNA";""),IF(Calendario!C32="CL";"🟤 SUSANNA(CL)";""),IF(Calendario!C32="FV";"🟡 SUSANNA(FV)";""),IF(Calendario!C32="TM";"🔵 SUSANNA(TM)";""),IF(Calendario!C32="TN";"🟣 SUSANNA(TN)";""),IF(Calendario!C32="TT";"🟠 SUSANNA(TT)";""),IF(Calendario!D32="";"🟢 ZUA";""),IF(Calendario!D32="CL";"🟤 ZUA(CL)";""),IF(Calendario!D32="FV";"🟡 ZUA(FV)";""),IF(Calendario!D32="TM";"🔵 ZUA(TM)";""),IF(Calendario!D32="TN";"🟣 ZUA(TN)";""),IF(Calendario!D32="TT";"🟠 ZUA(TT)";""),IF(Calendario!E32="";"🟢 PEPE";""),IF(Calendario!E32="CL";"🟤 PEPE(CL)";""),IF(Calendario!E32="FV";"🟡 PEPE(FV)";""),IF(Calendario!E32="TM";"🔵 PEPE(TM)";""),IF(Calendario!E32="TN";"🟣 PEPE(TN)";""),IF(Calendario!E32="TT";"🟠 PEPE(TT)";""),IF(Calendario!F32="";"🟢 ANTO";""),IF(Calendario!F32="CL";"🟤 ANTO(CL)";""),IF(Calendario!F32="FV";"🟡 ANTO(FV)";""),IF(Calendario!F32="TM";"🔵 ANTO(TM)";""),IF(Calendario!F32="TN";"🟣 ANTO(TN)";""),IF(Calendario!F32="TT";"🟠 ANTO(TT)";""),IF(Calendario!G32="";"🟢 ELIAS";""),IF(Calendario!G32="CL";"🟤 ELIAS(CL)";""),IF(Calendario!G32="FV";"🟡 ELIAS(FV)";""),IF(Calendario!G32="TM";"🔵 ELIAS(TM)";""),IF(Calendario!G32="TN";"🟣 ELIAS(TN)";""),IF(Calendario!G32="TT";"🟠 ELIAS(TT)";""),IF(Calendario!H32="";"🟢 CRIS";""),IF(Calendario!H32="CL";"🟤 CRIS(CL)";""),IF(Calendario!H32="FV";"🟡 CRIS(FV)";""),IF(Calendario!H32="TM";"🔵 CRIS(TM)";""),IF(Calendario!H32="TN";"🟣 CRIS(TN)";""),IF(Calendario!H32="TT";"🟠 CRIS(TT)";"")) | E7: =TEXTJOIN(CHAR(10);TRUE;TEXT(Calendario!A33,"DD"),IF(Calendario!C33="";"🟢 SUSANNA";""),IF(Calendario!C33="CL";"🟤 SUSANNA(CL)";""),IF(Calendario!C33="FV";"🟡 SUSANNA(FV)";""),IF(Calendario!C33="TM";"🔵 SUSANNA(TM)";""),IF(Calendario!C33="TN";"🟣 SUSANNA(TN)";""),IF(Calendario!C33="TT";"🟠 SUSANNA(TT)";""),IF(Calendario!D33="";"🟢 ZUA";""),IF(Calendario!D33="CL";"🟤 ZUA(CL)";""),IF(Calendario!D33="FV";"🟡 ZUA(FV)";""),IF(Calendario!D33="TM";"🔵 ZUA(TM)";""),IF(Calendario!D33="TN";"🟣 ZUA(TN)";""),IF(Calendario!D33="TT";"🟠 ZUA(TT)";""),IF(Calendario!E33="";"🟢 PEPE";""),IF(Calendario!E33="CL";"🟤 PEPE(CL)";""),IF(Calendario!E33="FV";"🟡 PEPE(FV)";""),IF(Calendario!E33="TM";"🔵 PEPE(TM)";""),IF(Calendario!E33="TN";"🟣 PEPE(TN)";""),IF(Calendario!E33="TT";"🟠 PEPE(TT)";""),IF(Calendario!F33="";"🟢 ANTO";""),IF(Calendario!F33="CL";"🟤 ANTO(CL)";""),IF(Calendario!F33="FV";"🟡 ANTO(FV)";""),IF(Calendario!F33="TM";"🔵 ANTO(TM)";""),IF(Calendario!F33="TN";"🟣 ANTO(TN)";""),IF(Calendario!F33="TT";"🟠 ANTO(TT)";""),IF(Calendario!G33="";"🟢 ELIAS";""),IF(Calendario!G33="CL";"🟤 ELIAS(CL)";""),IF(Calendario!G33="FV";"🟡 ELIAS(FV)";""),IF(Calendario!G33="TM";"🔵 ELIAS(TM)";""),IF(Calendario!G33="TN";"🟣 ELIAS(TN)";""),IF(Calendario!G33="TT";"🟠 ELIAS(TT)";""),IF(Calendario!H33="";"🟢 CRIS";""),IF(Calendario!H33="CL";"🟤 CRIS(CL)";""),IF(Calendario!H33="FV";"🟡 CRIS(FV)";""),IF(Calendario!H33="TM";"🔵 CRIS(TM)";""),IF(Calendario!H33="TN";"🟣 CRIS(TN)";""),IF(Calendario!H33="TT";"🟠 CRIS(TT)";""))
A10: AGOSTO 2026
A11: Lun | B11: Mar | C11: Mie | D11: Jue | E11: Vie | F11: Sab | G11: Dom
F12: =TEXTJOIN(CHAR(10);TRUE;TEXT(Calendario!A35,"DD"),IF(Calendario!C35="";"🟢 SUSANNA";""),IF(Calendario!C35="CL";"🟤 SUSANNA(CL)";""),IF(Calendario!C35="FV";"🟡 SUSANNA(FV)";""),IF(Calendario!C35="TM";"🔵 SUSANNA(TM)";""),IF(Calendario!C35="TN";"🟣 SUSANNA(TN)";""),IF(Calendario!C35="TT";"🟠 SUSANNA(TT)";""),IF(Calendario!D35="";"🟢 ZUA";""),IF(Calendario!D35="CL";"🟤 ZUA(CL)";""),IF(Calendario!D35="FV";"🟡 ZUA(FV)";""),IF(Calendario!D35="TM";"🔵 ZUA(TM)";""),IF(Calendario!D35="TN";"🟣 ZUA(TN)";""),IF(Calendario!D35="TT";"🟠 ZUA(TT)";""),IF(Calendario!E35="";"🟢 PEPE";""),IF(Calendario!E35="CL";"🟤 PEPE(CL)";""),IF(Calendario!E35="FV";"🟡 PEPE(FV)";""),IF(Calendario!E35="TM";"🔵 PEPE(TM)";""),IF(Calendario!E35="TN";"🟣 PEPE(TN)";""),IF(Calendario!E35="TT";"🟠 PEPE(TT)";""),IF(Calendario!F35="";"🟢 ANTO";""),IF(Calendario!F35="CL";"🟤 ANTO(CL)";""),IF(Calendario!F35="FV";"🟡 ANTO(FV)";""),IF(Calendario!F35="TM";"🔵 ANTO(TM)";""),IF(Calendario!F35="TN";"🟣 ANTO(TN)";""),IF(Calendario!F35="TT";"🟠 ANTO(TT)";""),IF(Calendario!G35="";"🟢 ELIAS";""),IF(Calendario!G35="CL";"🟤 ELIAS(CL)";""),IF(Calendario!G35="FV";"🟡 ELIAS(FV)";""),IF(Calendario!G35="TM";"🔵 ELIAS(TM)";""),IF(Calendario!G35="TN";"🟣 ELIAS(TN)";""),IF(Calendario!G35="TT";"🟠 ELIAS(TT)";""),IF(Calendario!H35="";"🟢 CRIS";""),IF(Calendario!H35="CL";"🟤 CRIS(CL)";""),IF(Calendario!H35="FV";"🟡 CRIS(FV)";""),IF(Calendario!H35="TM";"🔵 CRIS(TM)";""),IF(Calendario!H35="TN";"🟣 CRIS(TN)";""),IF(Calendario!H35="TT";"🟠 CRIS(TT)";"")) | G12: =TEXTJOIN(CHAR(10);TRUE;TEXT(Calendario!A36,"DD"),IF(Calendario!C36="";"🟢 SUSANNA";""),IF(Calendario!C36="CL";"🟤 SUSANNA(CL)";""),IF(Calendario!C36="FV";"🟡 SUSANNA(FV)";""),IF(Calendario!C36="TM";"🔵 SUSANNA(TM)";""),IF(Calendario!C36="TN";"🟣 SUSANNA(TN)";""),IF(Calendario!C36="TT";"🟠 SUSANNA(TT)";""),IF(Calendario!D36="";"🟢 ZUA";""),IF(Calendario!D36="CL";"🟤 ZUA(CL)";""),IF(Calendario!D36="FV";"🟡 ZUA(FV)";""),IF(Calendario!D36="TM";"🔵 ZUA(TM)";""),IF(Calendario!D36="TN";"🟣 ZUA(TN)";""),IF(Calendario!D36="TT";"🟠 ZUA(TT)";""),IF(Calendario!E36="";"🟢 PEPE";""),IF(Calendario!E36="CL";"🟤 PEPE(CL)";""),IF(Calendario!E36="FV";"🟡 PEPE(FV)";""),IF(Calendario!E36="TM";"🔵 PEPE(TM)";""),IF(Calendario!E36="TN";"🟣 PEPE(TN)";""),IF(Calendario!E36="TT";"🟠 PEPE(TT)";""),IF(Calendario!F36="";"🟢 ANTO";""),IF(Calendario!F36="CL";"🟤 ANTO(CL)";""),IF(Calendario!F36="FV";"🟡 ANTO(FV)";""),IF(Calendario!F36="TM";"🔵 ANTO(TM)";""),IF(Calendario!F36="TN";"🟣 ANTO(TN)";""),IF(Calendario!F36="TT";"🟠 ANTO(TT)";""),IF(Calendario!G36="";"🟢 ELIAS";""),IF(Calendario!G36="CL";"🟤 ELIAS(CL)";""),IF(Calendario!G36="FV";"🟡 ELIAS(FV)";""),IF(Calendario!G36="TM";"🔵 ELIAS(TM)";""),IF(Calendario!G36="TN";"🟣 ELIAS(TN)";""),IF(Calendario!G36="TT";"🟠 ELIAS(TT)";""),IF(Calendario!H36="";"🟢 CRIS";""),IF(Calendario!H36="CL";"🟤 CRIS(CL)";""),IF(Calendario!H36="FV";"🟡 CRIS(FV)";""),IF(Calendario!H36="TM";"🔵 CRIS(TM)";""),IF(Calendario!H36="TN";"🟣 CRIS(TN)";""),IF(Calendario!H36="TT";"🟠 CRIS(TT)";""))
A13: =TEXTJOIN(CHAR(10);TRUE;TEXT(Calendario!A37,"DD"),IF(Calendario!C37="";"🟢 SUSANNA";""),IF(Calendario!C37="CL";"🟤 SUSANNA(CL)";""),IF(Calendario!C37="FV";"🟡 SUSANNA(FV)";""),IF(Calendario!C37="TM";"🔵 SUSANNA(TM)";""),IF(Calendario!C37="TN";"🟣 SUSANNA(TN)";""),IF(Calendario!C37="TT";"🟠 SUSANNA(TT)";""),IF(Calendario!D37="";"🟢 ZUA";""),IF(Calendario!D37="CL";"🟤 ZUA(CL)";""),IF(Calendario!D37="FV";"🟡 ZUA(FV)";""),IF(Calendario!D37="TM";"🔵 ZUA(TM)";""),IF(Calendario!D37="TN";"🟣 ZUA(TN)";""),IF(Calendario!D37="TT";"🟠 ZUA(TT)";""),IF(Calendario!E37="";"🟢 PEPE";""),IF(Calendario!E37="CL";"🟤 PEPE(CL)";""),IF(Calendario!E37="FV";"🟡 PEPE(FV)";""),IF(Calendario!E37="TM";"🔵 PEPE(TM)";""),IF(Calendario!E37="TN";"🟣 PEPE(TN)";""),IF(Calendario!E37="TT";"🟠 PEPE(TT)";""),IF(Calendario!F37="";"🟢 ANTO";""),IF(Calendario!F37="CL";"🟤 ANTO(CL)";""),IF(Calendario!F37="FV";"🟡 ANTO(FV)";""),IF(Calendario!F37="TM";"🔵 ANTO(TM)";""),IF(Calendario!F37="TN";"🟣 ANTO(TN)";""),IF(Calendario!F37="TT";"🟠 ANTO(TT)";""),IF(Calendario!G37="";"🟢 ELIAS";""),IF(Calendario!G37="CL";"🟤 ELIAS(CL)";""),IF(Calendario!G37="FV";"🟡 ELIAS(FV)";""),IF(Calendario!G37="TM";"🔵 ELIAS(TM)";""),IF(Calendario!G37="TN";"🟣 ELIAS(TN)";""),IF(Calendario!G37="TT";"🟠 ELIAS(TT)";""),IF(Calendario!H37="";"🟢 CRIS";""),IF(Calendario!H37="CL";"🟤 CRIS(CL)";""),IF(Calendario!H37="FV";"🟡 CRIS(FV)";""),IF(Calendario!H37="TM";"🔵 CRIS(TM)";""),IF(Calendario!H37="TN";"🟣 CRIS(TN)";""),IF(Calendario!H37="TT";"🟠 CRIS(TT)";"")) | B13: =TEXTJOIN(CHAR(10);TRUE;TEXT(Calendario!A38,"DD"),IF(Calendario!C38="";"🟢 SUSANNA";""),IF(Calendario!C38="CL";"🟤 SUSANNA(CL)";""),IF(Calendario!C38="FV";"🟡 SUSANNA(FV)";""),IF(Calendario!C38="TM";"🔵 SUSANNA(TM)";""),IF(Calendario!C38="TN";"🟣 SUSANNA(TN)";""),IF(Calendario!C38="TT";"🟠 SUSANNA(TT)";""),IF(Calendario!D38="";"🟢 ZUA";""),IF(Calendario!D38="CL";"🟤 ZUA(CL)";""),IF(Calendario!D38="FV";"🟡 ZUA(FV)";""),IF(Calendario!D38="TM";"🔵 ZUA(TM)";""),IF(Calendario!D38="TN";"🟣 ZUA(TN)";""),IF(Calendario!D38="TT";"🟠 ZUA(TT)";""),IF(Calendario!E38="";"🟢 PEPE";""),IF(Calendario!E38="CL";"🟤 PEPE(CL)";""),IF(Calendario!E38="FV";"🟡 PEPE(FV)";""),IF(Calendario!E38="TM";"🔵 PEPE(TM)";""),IF(Calendario!E38="TN";"🟣 PEPE(TN)";""),IF(Calendario!E38="TT";"🟠 PEPE(TT)";""),IF(Calendario!F38="";"🟢 ANTO";""),IF(Calendario!F38="CL";"🟤 ANTO(CL)";""),IF(Calendario!F38="FV";"🟡 ANTO(FV)";""),IF(Calendario!F38="TM";"🔵 ANTO(TM)";""),IF(Calendario!F38="TN";"🟣 ANTO(TN)";""),IF(Calendario!F38="TT";"🟠 ANTO(TT)";""),IF(Calendario!G38="";"🟢 ELIAS";""),IF(Calendario!G38="CL";"🟤 ELIAS(CL)";""),IF(Calendario!G38="FV";"🟡 ELIAS(FV)";""),IF(Calendario!G38="TM";"🔵 ELIAS(TM)";""),IF(Calendario!G38="TN";"🟣 ELIAS(TN)";""),IF(Calendario!G38="TT";"🟠 ELIAS(TT)";""),IF(Calendario!H38="";"🟢 CRIS";""),IF(Calendario!H38="CL";"🟤 CRIS(CL)";""),IF(Calendario!H38="FV";"🟡 CRIS(FV)";""),IF(Calendario!H38="TM";"🔵 CRIS(TM)";""),IF(Calendario!H38="TN";"🟣 CRIS(TN)";""),IF(Calendario!H38="TT";"🟠 CRIS(TT)";"")) | C13: =TEXTJOIN(CHAR(10);TRUE;TEXT(Calendario!A39,"DD"),IF(Calendario!C39="";"🟢 SUSANNA";""),IF(Calendario!C39="CL";"🟤 SUSANNA(CL)";""),IF(Calendario!C39="FV";"🟡 SUSANNA(FV)";""),IF(Calendario!C39="TM";"🔵 SUSANNA(TM)";""),IF(Calendario!C39="TN";"🟣 SUSANNA(TN)";""),IF(Calendario!C39="TT";"🟠 SUSANNA(TT)";""),IF(Calendario!D39="";"🟢 ZUA";""),IF(Calendario!D39="CL";"🟤 ZUA(CL)";""),IF(Calendario!D39="FV";"🟡 ZUA(FV)";""),IF(Calendario!D39="TM";"🔵 ZUA(TM)";""),IF(Calendario!D39="TN";"🟣 ZUA(TN)";""),IF(Calendario!D39="TT";"🟠 ZUA(TT)";""),IF(Calendario!E39="";"🟢 PEPE";""),IF(Calendario!E39="CL";"🟤 PEPE(CL)";""),IF(Calendario!E39="FV";"🟡 PEPE(FV)";""),IF(Calendario!E39="TM";"🔵 PEPE(TM)";""),IF(Calendario!E39="TN";"🟣 PEPE(TN)";""),IF(Calendario!E39="TT";"🟠 PEPE(TT)";""),IF(Calendario!F39="";"🟢 ANTO";""),IF(Calendario!F39="CL";"🟤 ANTO(CL)";""),IF(Calendario!F39="FV";"🟡 ANTO(FV)";""),IF(Calendario!F39="TM";"🔵 ANTO(TM)";""),IF(Calendario!F39="TN";"🟣 ANTO(TN)";""),IF(Calendario!F39="TT";"🟠 ANTO(TT)";""),IF(Calendario!G39="";"🟢 ELIAS";""),IF(Calendario!G39="CL";"🟤 ELIAS(CL)";""),IF(Calendario!G39="FV";"🟡 ELIAS(FV)";""),IF(Calendario!G39="TM";"🔵 ELIAS(TM)";""),IF(Calendario!G39="TN";"🟣 ELIAS(TN)";""),IF(Calendario!G39="TT";"🟠 ELIAS(TT)";""),IF(Calendario!H39="";"🟢 CRIS";""),IF(Calendario!H39="CL";"🟤 CRIS(CL)";""),IF(Calendario!H39="FV";"🟡 CRIS(FV)";""),IF(Calendario!H39="TM";"🔵 CRIS(TM)";""),IF(Calendario!H39="TN";"🟣 CRIS(TN)";""),IF(Calendario!H39="TT";"🟠 CRIS(TT)";"")) | D13: =TEXTJOIN(CHAR(10);TRUE;TEXT(Calendario!A40,"DD"),IF(Calendario!C40="";"🟢 SUSANNA";""),IF(Calendario!C40="CL";"🟤 SUSANNA(CL)";""),IF(Calendario!C40="FV";"🟡 SUSANNA(FV)";""),IF(Calendario!C40="TM";"🔵 SUSANNA(TM)";""),IF(Calendario!C40="TN";"🟣 SUSANNA(TN)";""),IF(Calendario!C40="TT";"🟠 SUSANNA(TT)";""),IF(Calendario!D40="";"🟢 ZUA";""),IF(Calendario!D40="CL";"🟤 ZUA(CL)";""),IF(Calendario!D40="FV";"🟡 ZUA(FV)";""),IF(Calendario!D40="TM";"🔵 ZUA(TM)";""),IF(Calendario!D40="TN";"🟣 ZUA(TN)";""),IF(Calendario!D40="TT";"🟠 ZUA(TT)";""),IF(Calendario!E40="";"🟢 PEPE";""),IF(Calendario!E40="CL";"🟤 PEPE(CL)";""),IF(Calendario!E40="FV";"🟡 PEPE(FV)";""),IF(Calendario!E40="TM";"🔵 PEPE(TM)";""),IF(Calendario!E40="TN";"🟣 PEPE(TN)";""),IF(Calendario!E40="TT";"🟠 PEPE(TT)";""),IF(Calendario!F40="";"🟢 ANTO";""),IF(Calendario!F40="CL";"🟤 ANTO(CL)";""),IF(Calendario!F40="FV";"🟡 ANTO(FV)";""),IF(Calendario!F40="TM";"🔵 ANTO(TM)";""),IF(Calendario!F40="TN";"🟣 ANTO(TN)";""),IF(Calendario!F40="TT";"🟠 ANTO(TT)";""),IF(Calendario!G40="";"🟢 ELIAS";""),IF(Calendario!G40="CL";"🟤 ELIAS(CL)";""),IF(Calendario!G40="FV";"🟡 ELIAS(FV)";""),IF(Calendario!G40="TM";"🔵 ELIAS(TM)";""),IF(Calendario!G40="TN";"🟣 ELIAS(TN)";""),IF(Calendario!G40="TT";"🟠 ELIAS(TT)";""),IF(Calendario!H40="";"🟢 CRIS";""),IF(Calendario!H40="CL";"🟤 CRIS(CL)";""),IF(Calendario!H40="FV";"🟡 CRIS(FV)";""),IF(Calendario!H40="TM";"🔵 CRIS(TM)";""),IF(Calendario!H40="TN";"🟣 CRIS(TN)";""),IF(Calendario!H40="TT";"🟠 CRIS(TT)";"")) | E13: =TEXTJOIN(CHAR(10);TRUE;TEXT(Calendario!A41,"DD"),IF(Calendario!C41="";"🟢 SUSANNA";""),IF(Calendario!C41="CL";"🟤 SUSANNA(CL)";""),IF(Calendario!C41="FV";"🟡 SUSANNA(FV)";""),IF(Calendario!C41="TM";"🔵 SUSANNA(TM)";""),IF(Calendario!C41="TN";"🟣 SUSANNA(TN)";""),IF(Calendario!C41="TT";"🟠 SUSANNA(TT)";""),IF(Calendario!D41="";"🟢 ZUA";""),IF(Calendario!D41="CL";"🟤 ZUA(CL)";""),IF(Calendario!D41="FV";"🟡 ZUA(FV)";""),IF(Calendario!D41="TM";"🔵 ZUA(TM)";""),IF(Calendario!D41="TN";"🟣 ZUA(TN)";""),IF(Calendario!D41="TT";"🟠 ZUA(TT)";""),IF(Calendario!E41="";"🟢 PEPE";""),IF(Calendario!E41="CL";"🟤 PEPE(CL)";""),IF(Calendario!E41="FV";"🟡 PEPE(FV)";""),IF(Calendario!E41="TM";"🔵 PEPE(TM)";""),IF(Calendario!E41="TN";"🟣 PEPE(TN)";""),IF(Calendario!E41="TT";"🟠 PEPE(TT)";""),IF(Calendario!F41="";"🟢 ANTO";""),IF(Calendario!F41="CL";"🟤 ANTO(CL)";""),IF(Calendario!F41="FV";"🟡 ANTO(FV)";""),IF(Calendario!F41="TM";"🔵 ANTO(TM)";""),IF(Calendario!F41="TN";"🟣 ANTO(TN)";""),IF(Calendario!F41="TT";"🟠 ANTO(TT)";""),IF(Calendario!G41="";"🟢 ELIAS";""),IF(Calendario!G41="CL";"🟤 ELIAS(CL)";""),IF(Calendario!G41="FV";"🟡 ELIAS(FV)";""),IF(Calendario!G41="TM";"🔵 ELIAS(TM)";""),IF(Calendario!G41="TN";"🟣 ELIAS(TN)";""),IF(Calendario!G41="TT";"🟠 ELIAS(TT)";""),IF(Calendario!H41="";"🟢 CRIS";""),IF(Calendario!H41="CL";"🟤 CRIS(CL)";""),IF(Calendario!H41="FV";"🟡 CRIS(FV)";""),IF(Calendario!H41="TM";"🔵 CRIS(TM)";""),IF(Calendario!H41="TN";"🟣 CRIS(TN)";""),IF(Calendario!H41="TT";"🟠 CRIS(TT)";"")) | F13: =TEXTJOIN(CHAR(10);TRUE;TEXT(Calendario!A42,"DD"),IF(Calendario!C42="";"🟢 SUSANNA";""),IF(Calendario!C42="CL";"🟤 SUSANNA(CL)";""),IF(Calendario!C42="FV";"🟡 SUSANNA(FV)";""),IF(Calendario!C42="TM";"🔵 SUSANNA(TM)";""),IF(Calendario!C42="TN";"🟣 SUSANNA(TN)";""),IF(Calendario!C42="TT";"🟠 SUSANNA(TT)";""),IF(Calendario!D42="";"🟢 ZUA";""),IF(Calendario!D42="CL";"🟤 ZUA(CL)";""),IF(Calendario!D42="FV";"🟡 ZUA(FV)";""),IF(Calendario!D42="TM";"🔵 ZUA(TM)";""),IF(Calendario!D42="TN";"🟣 ZUA(TN)";""),IF(Calendario!D42="TT";"🟠 ZUA(TT)";""),IF(Calendario!E42="";"🟢 PEPE";""),IF(Calendario!E42="CL";"🟤 PEPE(CL)";""),IF(Calendario!E42="FV";"🟡 PEPE(FV)";""),IF(Calendario!E42="TM";"🔵 PEPE(TM)";""),IF(Calendario!E42="TN";"🟣 PEPE(TN)";""),IF(Calendario!E42="TT";"🟠 PEPE(TT)";""),IF(Calendario!F42="";"🟢 ANTO";""),IF(Calendario!F42="CL";"🟤 ANTO(CL)";""),IF(Calendario!F42="FV";"🟡 ANTO(FV)";""),IF(Calendario!F42="TM";"🔵 ANTO(TM)";""),IF(Calendario!F42="TN";"🟣 ANTO(TN)";""),IF(Calendario!F42="TT";"🟠 ANTO(TT)";""),IF(Calendario!G42="";"🟢 ELIAS";""),IF(Calendario!G42="CL";"🟤 ELIAS(CL)";""),IF(Calendario!G42="FV";"🟡 ELIAS(FV)";""),IF(Calendario!G42="TM";"🔵 ELIAS(TM)";""),IF(Calendario!G42="TN";"🟣 ELIAS(TN)";""),IF(Calendario!G42="TT";"🟠 ELIAS(TT)";""),IF(Calendario!H42="";"🟢 CRIS";""),IF(Calendario!H42="CL";"🟤 CRIS(CL)";""),IF(Calendario!H42="FV";"🟡 CRIS(FV)";""),IF(Calendario!H42="TM";"🔵 CRIS(TM)";""),IF(Calendario!H42="TN";"🟣 CRIS(TN)";""),IF(Calendario!H42="TT";"🟠 CRIS(TT)";"")) | G13: =TEXTJOIN(CHAR(10);TRUE;TEXT(Calendario!A43,"DD"),IF(Calendario!C43="";"🟢 SUSANNA";""),IF(Calendario!C43="CL";"🟤 SUSANNA(CL)";""),IF(Calendario!C43="FV";"🟡 SUSANNA(FV)";""),IF(Calendario!C43="TM";"🔵 SUSANNA(TM)";""),IF(Calendario!C43="TN";"🟣 SUSANNA(TN)";""),IF(Calendario!C43="TT";"🟠 SUSANNA(TT)";""),IF(Calendario!D43="";"🟢 ZUA";""),IF(Calendario!D43="CL";"🟤 ZUA(CL)";""),IF(Calendario!D43="FV";"🟡 ZUA(FV)";""),IF(Calendario!D43="TM";"🔵 ZUA(TM)";""),IF(Calendario!D43="TN";"🟣 ZUA(TN)";""),IF(Calendario!D43="TT";"🟠 ZUA(TT)";""),IF(Calendario!E43="";"🟢 PEPE";""),IF(Calendario!E43="CL";"🟤 PEPE(CL)";""),IF(Calendario!E43="FV";"🟡 PEPE(FV)";""),IF(Calendario!E43="TM";"🔵 PEPE(TM)";""),IF(Calendario!E43="TN";"🟣 PEPE(TN)";""),IF(Calendario!E43="TT";"🟠 PEPE(TT)";""),IF(Calendario!F43="";"🟢 ANTO";""),IF(Calendario!F43="CL";"🟤 ANTO(CL)";""),IF(Calendario!F43="FV";"🟡 ANTO(FV)";""),IF(Calendario!F43="TM";"🔵 ANTO(TM)";""),IF(Calendario!F43="TN";"🟣 ANTO(TN)";""),IF(Calendario!F43="TT";"🟠 ANTO(TT)";""),IF(Calendario!G43="";"🟢 ELIAS";""),IF(Calendario!G43="CL";"🟤 ELIAS(CL)";""),IF(Calendario!G43="FV";"🟡 ELIAS(FV)";""),IF(Calendario!G43="TM";"🔵 ELIAS(TM)";""),IF(Calendario!G43="TN";"🟣 ELIAS(TN)";""),IF(Calendario!G43="TT";"🟠 ELIAS(TT)";""),IF(Calendario!H43="";"🟢 CRIS";""),IF(Calendario!H43="CL";"🟤 CRIS(CL)";""),IF(Calendario!H43="FV";"🟡 CRIS(FV)";""),IF(Calendario!H43="TM";"🔵 CRIS(TM)";""),IF(Calendario!H43="TN";"🟣 CRIS(TN)";""),IF(Calendario!H43="TT";"🟠 CRIS(TT)";""))
A14: =TEXTJOIN(CHAR(10);TRUE;TEXT(Calendario!A44,"DD"),IF(Calendario!C44="";"🟢 SUSANNA";""),IF(Calendario!C44="CL";"🟤 SUSANNA(CL)";""),IF(Calendario!C44="FV";"🟡 SUSANNA(FV)";""),IF(Calendario!C44="TM";"🔵 SUSANNA(TM)";""),IF(Calendario!C44="TN";"🟣 SUSANNA(TN)";""),IF(Calendario!C44="TT";"🟠 SUSANNA(TT)";""),IF(Calendario!D44="";"🟢 ZUA";""),IF(Calendario!D44="CL";"🟤 ZUA(CL)";""),IF(Calendario!D44="FV";"🟡 ZUA(FV)";""),IF(Calendario!D44="TM";"🔵 ZUA(TM)";""),IF(Calendario!D44="TN";"🟣 ZUA(TN)";""),IF(Calendario!D44="TT";"🟠 ZUA(TT)";""),IF(Calendario!E44="";"🟢 PEPE";""),IF(Calendario!E44="CL";"🟤 PEPE(CL)";""),IF(Calendario!E44="FV";"🟡 PEPE(FV)";""),IF(Calendario!E44="TM";"🔵 PEPE(TM)";""),IF(Calendario!E44="TN";"🟣 PEPE(TN)";""),IF(Calendario!E44="TT";"🟠 PEPE(TT)";""),IF(Calendario!F44="";"🟢 ANTO";""),IF(Calendario!F44="CL";"🟤 ANTO(CL)";""),IF(Calendario!F44="FV";"🟡 ANTO(FV)";""),IF(Calendario!F44="TM";"🔵 ANTO(TM)";""),IF(Calendario!F44="TN";"🟣 ANTO(TN)";""),IF(Calendario!F44="TT";"🟠 ANTO(TT)";""),IF(Calendario!G44="";"🟢 ELIAS";""),IF(Calendario!G44="CL";"🟤 ELIAS(CL)";""),IF(Calendario!G44="FV";"🟡 ELIAS(FV)";""),IF(Calendario!G44="TM";"🔵 ELIAS(TM)";""),IF(Calendario!G44="TN";"🟣 ELIAS(TN)";""),IF(Calendario!G44="TT";"🟠 ELIAS(TT)";""),IF(Calendario!H44="";"🟢 CRIS";""),IF(Calendario!H44="CL";"🟤 CRIS(CL)";""),IF(Calendario!H44="FV";"🟡 CRIS(FV)";""),IF(Calendario!H44="TM";"🔵 CRIS(TM)";""),IF(Calendario!H44="TN";"🟣 CRIS(TN)";""),IF(Calendario!H44="TT";"🟠 CRIS(TT)";"")) | B14: =TEXTJOIN(CHAR(10);TRUE;TEXT(Calendario!A45,"DD"),IF(Calendario!C45="";"🟢 SUSANNA";""),IF(Calendario!C45="CL";"🟤 SUSANNA(CL)";""),IF(Calendario!C45="FV";"🟡 SUSANNA(FV)";""),IF(Calendario!C45="TM";"🔵 SUSANNA(TM)";""),IF(Calendario!C45="TN";"🟣 SUSANNA(TN)";""),IF(Calendario!C45="TT";"🟠 SUSANNA(TT)";""),IF(Calendario!D45="";"🟢 ZUA";""),IF(Calendario!D45="CL";"🟤 ZUA(CL)";""),IF(Calendario!D45="FV";"🟡 ZUA(FV)";""),IF(Calendario!D45="TM";"🔵 ZUA(TM)";""),IF(Calendario!D45="TN";"🟣 ZUA(TN)";""),IF(Calendario!D45="TT";"🟠 ZUA(TT)";""),IF(Calendario!E45="";"🟢 PEPE";""),IF(Calendario!E45="CL";"🟤 PEPE(CL)";""),IF(Calendario!E45="FV";"🟡 PEPE(FV)";""),IF(Calendario!E45="TM";"🔵 PEPE(TM)";""),IF(Calendario!E45="TN";"🟣 PEPE(TN)";""),IF(Calendario!E45="TT";"🟠 PEPE(TT)";""),IF(Calendario!F45="";"🟢 ANTO";""),IF(Calendario!F45="CL";"🟤 ANTO(CL)";""),IF(Calendario!F45="FV";"🟡 ANTO(FV)";""),IF(Calendario!F45="TM";"🔵 ANTO(TM)";""),IF(Calendario!F45="TN";"🟣 ANTO(TN)";""),IF(Calendario!F45="TT";"🟠 ANTO(TT)";""),IF(Calendario!G45="";"🟢 ELIAS";""),IF(Calendario!G45="CL";"🟤 ELIAS(CL)";""),IF(Calendario!G45="FV";"🟡 ELIAS(FV)";""),IF(Calendario!G45="TM";"🔵 ELIAS(TM)";""),IF(Calendario!G45="TN";"🟣 ELIAS(TN)";""),IF(Calendario!G45="TT";"🟠 ELIAS(TT)";""),IF(Calendario!H45="";"🟢 CRIS";""),IF(Calendario!H45="CL";"🟤 CRIS(CL)";""),IF(Calendario!H45="FV";"🟡 CRIS(FV)";""),IF(Calendario!H45="TM";"🔵 CRIS(TM)";""),IF(Calendario!H45="TN";"🟣 CRIS(TN)";""),IF(Calendario!H45="TT";"🟠 CRIS(TT)";"")) | C14: =TEXTJOIN(CHAR(10);TRUE;TEXT(Calendario!A46,"DD"),IF(Calendario!C46="";"🟢 SUSANNA";""),IF(Calendario!C46="CL";"🟤 SUSANNA(CL)";""),IF(Calendario!C46="FV";"🟡 SUSANNA(FV)";""),IF(Calendario!C46="TM";"🔵 SUSANNA(TM)";""),IF(Calendario!C46="TN";"🟣 SUSANNA(TN)";""),IF(Calendario!C46="TT";"🟠 SUSANNA(TT)";""),IF(Calendario!D46="";"🟢 ZUA";""),IF(Calendario!D46="CL";"🟤 ZUA(CL)";""),IF(Calendario!D46="FV";"🟡 ZUA(FV)";""),IF(Calendario!D46="TM";"🔵 ZUA(TM)";""),IF(Calendario!D46="TN";"🟣 ZUA(TN)";""),IF(Calendario!D46="TT";"🟠 ZUA(TT)";""),IF(Calendario!E46="";"🟢 PEPE";""),IF(Calendario!E46="CL";"🟤 PEPE(CL)";""),IF(Calendario!E46="FV";"🟡 PEPE(FV)";""),IF(Calendario!E46="TM";"🔵 PEPE(TM)";""),IF(Calendario!E46="TN";"🟣 PEPE(TN)";""),IF(Calendario!E46="TT";"🟠 PEPE(TT)";""),IF(Calendario!F46="";"🟢 ANTO";""),IF(Calendario!F46="CL";"🟤 ANTO(CL)";""),IF(Calendario!F46="FV";"🟡 ANTO(FV)";""),IF(Calendario!F46="TM";"🔵 ANTO(TM)";""),IF(Calendario!F46="TN";"🟣 ANTO(TN)";""),IF(Calendario!F46="TT";"🟠 ANTO(TT)";""),IF(Calendario!G46="";"🟢 ELIAS";""),IF(Calendario!G46="CL";"🟤 ELIAS(CL)";""),IF(Calendario!G46="FV";"🟡 ELIAS(FV)";""),IF(Calendario!G46="TM";"🔵 ELIAS(TM)";""),IF(Calendario!G46="TN";"🟣 ELIAS(TN)";""),IF(Calendario!G46="TT";"🟠 ELIAS(TT)";""),IF(Calendario!H46="";"🟢 CRIS";""),IF(Calendario!H46="CL";"🟤 CRIS(CL)";""),IF(Calendario!H46="FV";"🟡 CRIS(FV)";""),IF(Calendario!H46="TM";"🔵 CRIS(TM)";""),IF(Calendario!H46="TN";"🟣 CRIS(TN)";""),IF(Calendario!H46="TT";"🟠 CRIS(TT)";"")) | D14: =TEXTJOIN(CHAR(10);TRUE;TEXT(Calendario!A47,"DD"),IF(Calendario!C47="";"🟢 SUSANNA";""),IF(Calendario!C47="CL";"🟤 SUSANNA(CL)";""),IF(Calendario!C47="FV";"🟡 SUSANNA(FV)";""),IF(Calendario!C47="TM";"🔵 SUSANNA(TM)";""),IF(Calendario!C47="TN";"🟣 SUSANNA(TN)";""),IF(Calendario!C47="TT";"🟠 SUSANNA(TT)";""),IF(Calendario!D47="";"🟢 ZUA";""),IF(Calendario!D47="CL";"🟤 ZUA(CL)";""),IF(Calendario!D47="FV";"🟡 ZUA(FV)";""),IF(Calendario!D47="TM";"🔵 ZUA(TM)";""),IF(Calendario!D47="TN";"🟣 ZUA(TN)";""),IF(Calendario!D47="TT";"🟠 ZUA(TT)";""),IF(Calendario!E47="";"🟢 PEPE";""),IF(Calendario!E47="CL";"🟤 PEPE(CL)";""),IF(Calendario!E47="FV";"🟡 PEPE(FV)";""),IF(Calendario!E47="TM";"🔵 PEPE(TM)";""),IF(Calendario!E47="TN";"🟣 PEPE(TN)";""),IF(Calendario!E47="TT";"🟠 PEPE(TT)";""),IF(Calendario!F47="";"🟢 ANTO";""),IF(Calendario!F47="CL";"🟤 ANTO(CL)";""),IF(Calendario!F47="FV";"🟡 ANTO(FV)";""),IF(Calendario!F47="TM";"🔵 ANTO(TM)";""),IF(Calendario!F47="TN";"🟣 ANTO(TN)";""),IF(Calendario!F47="TT";"🟠 ANTO(TT)";""),IF(Calendario!G47="";"🟢 ELIAS";""),IF(Calendario!G47="CL";"🟤 ELIAS(CL)";""),IF(Calendario!G47="FV";"🟡 ELIAS(FV)";""),IF(Calendario!G47="TM";"🔵 ELIAS(TM)";""),IF(Calendario!G47="TN";"🟣 ELIAS(TN)";""),IF(Calendario!G47="TT";"🟠 ELIAS(TT)";""),IF(Calendario!H47="";"🟢 CRIS";""),IF(Calendario!H47="CL";"🟤 CRIS(CL)";""),IF(Calendario!H47="FV";"🟡 CRIS(FV)";""),IF(Calendario!H47="TM";"🔵 CRIS(TM)";""),IF(Calendario!H47="TN";"🟣 CRIS(TN)";""),IF(Calendario!H47="TT";"🟠 CRIS(TT)";"")) | E14: =TEXTJOIN(CHAR(10);TRUE;TEXT(Calendario!A48,"DD"),IF(Calendario!C48="";"🟢 SUSANNA";""),IF(Calendario!C48="CL";"🟤 SUSANNA(CL)";""),IF(Calendario!C48="FV";"🟡 SUSANNA(FV)";""),IF(Calendario!C48="TM";"🔵 SUSANNA(TM)";""),IF(Calendario!C48="TN";"🟣 SUSANNA(TN)";""),IF(Calendario!C48="TT";"🟠 SUSANNA(TT)";""),IF(Calendario!D48="";"🟢 ZUA";""),IF(Calendario!D48="CL";"🟤 ZUA(CL)";""),IF(Calendario!D48="FV";"🟡 ZUA(FV)";""),IF(Calendario!D48="TM";"🔵 ZUA(TM)";""),IF(Calendario!D48="TN";"🟣 ZUA(TN)";""),IF(Calendario!D48="TT";"🟠 ZUA(TT)";""),IF(Calendario!E48="";"🟢 PEPE";""),IF(Calendario!E48="CL";"🟤 PEPE(CL)";""),IF(Calendario!E48="FV";"🟡 PEPE(FV)";""),IF(Calendario!E48="TM";"🔵 PEPE(TM)";""),IF(Calendario!E48="TN";"🟣 PEPE(TN)";""),IF(Calendario!E48="TT";"🟠 PEPE(TT)";""),IF(Calendario!F48="";"🟢 ANTO";""),IF(Calendario!F48="CL";"🟤 ANTO(CL)";""),IF(Calendario!F48="FV";"🟡 ANTO(FV)";""),IF(Calendario!F48="TM";"🔵 ANTO(TM)";""),IF(Calendario!F48="TN";"🟣 ANTO(TN)";""),IF(Calendario!F48="TT";"🟠 ANTO(TT)";""),IF(Calendario!G48="";"🟢 ELIAS";""),IF(Calendario!G48="CL";"🟤 ELIAS(CL)";""),IF(Calendario!G48="FV";"🟡 ELIAS(FV)";""),IF(Calendario!G48="TM";"🔵 ELIAS(TM)";""),IF(Calendario!G48="TN";"🟣 ELIAS(TN)";""),IF(Calendario!G48="TT";"🟠 ELIAS(TT)";""),IF(Calendario!H48="";"🟢 CRIS";""),IF(Calendario!H48="CL";"🟤 CRIS(CL)";""),IF(Calendario!H48="FV";"🟡 CRIS(FV)";""),IF(Calendario!H48="TM";"🔵 CRIS(TM)";""),IF(Calendario!H48="TN";"🟣 CRIS(TN)";""),IF(Calendario!H48="TT";"🟠 CRIS(TT)";"")) | F14: =TEXTJOIN(CHAR(10);TRUE;TEXT(Calendario!A49,"DD"),IF(Calendario!C49="";"🟢 SUSANNA";""),IF(Calendario!C49="CL";"🟤 SUSANNA(CL)";""),IF(Calendario!C49="FV";"🟡 SUSANNA(FV)";""),IF(Calendario!C49="TM";"🔵 SUSANNA(TM)";""),IF(Calendario!C49="TN";"🟣 SUSANNA(TN)";""),IF(Calendario!C49="TT";"🟠 SUSANNA(TT)";""),IF(Calendario!D49="";"🟢 ZUA";""),IF(Calendario!D49="CL";"🟤 ZUA(CL)";""),IF(Calendario!D49="FV";"🟡 ZUA(FV)";""),IF(Calendario!D49="TM";"🔵 ZUA(TM)";""),IF(Calendario!D49="TN";"🟣 ZUA(TN)";""),IF(Calendario!D49="TT";"🟠 ZUA(TT)";""),IF(Calendario!E49="";"🟢 PEPE";""),IF(Calendario!E49="CL";"🟤 PEPE(CL)";""),IF(Calendario!E49="FV";"🟡 PEPE(FV)";""),IF(Calendario!E49="TM";"🔵 PEPE(TM)";""),IF(Calendario!E49="TN";"🟣 PEPE(TN)";""),IF(Calendario!E49="TT";"🟠 PEPE(TT)";""),IF(Calendario!F49="";"🟢 ANTO";""),IF(Calendario!F49="CL";"🟤 ANTO(CL)";""),IF(Calendario!F49="FV";"🟡 ANTO(FV)";""),IF(Calendario!F49="TM";"🔵 ANTO(TM)";""),IF(Calendario!F49="TN";"🟣 ANTO(TN)";""),IF(Calendario!F49="TT";"🟠 ANTO(TT)";""),IF(Calendario!G49="";"🟢 ELIAS";""),IF(Calendario!G49="CL";"🟤 ELIAS(CL)";""),IF(Calendario!G49="FV";"🟡 ELIAS(FV)";""),IF(Calendario!G49="TM";"🔵 ELIAS(TM)";""),IF(Calendario!G49="TN";"🟣 ELIAS(TN)";""),IF(Calendario!G49="TT";"🟠 ELIAS(TT)";""),IF(Calendario!H49="";"🟢 CRIS";""),IF(Calendario!H49="CL";"🟤 CRIS(CL)";""),IF(Calendario!H49="FV";"🟡 CRIS(FV)";""),IF(Calendario!H49="TM";"🔵 CRIS(TM)";""),IF(Calendario!H49="TN";"🟣 CRIS(TN)";""),IF(Calendario!H49="TT";"🟠 CRIS(TT)";"")) | G14: =TEXTJOIN(CHAR(10);TRUE;TEXT(Calendario!A50,"DD"),IF(Calendario!C50="";"🟢 SUSANNA";""),IF(Calendario!C50="CL";"🟤 SUSANNA(CL)";""),IF(Calendario!C50="FV";"🟡 SUSANNA(FV)";""),IF(Calendario!C50="TM";"🔵 SUSANNA(TM)";""),IF(Calendario!C50="TN";"🟣 SUSANNA(TN)";""),IF(Calendario!C50="TT";"🟠 SUSANNA(TT)";""),IF(Calendario!D50="";"🟢 ZUA";""),IF(Calendario!D50="CL";"🟤 ZUA(CL)";""),IF(Calendario!D50="FV";"🟡 ZUA(FV)";""),IF(Calendario!D50="TM";"🔵 ZUA(TM)";""),IF(Calendario!D50="TN";"🟣 ZUA(TN)";""),IF(Calendario!D50="TT";"🟠 ZUA(TT)";""),IF(Calendario!E50="";"🟢 PEPE";""),IF(Calendario!E50="CL";"🟤 PEPE(CL)";""),IF(Calendario!E50="FV";"🟡 PEPE(FV)";""),IF(Calendario!E50="TM";"🔵 PEPE(TM)";""),IF(Calendario!E50="TN";"🟣 PEPE(TN)";""),IF(Calendario!E50="TT";"🟠 PEPE(TT)";""),IF(Calendario!F50="";"🟢 ANTO";""),IF(Calendario!F50="CL";"🟤 ANTO(CL)";""),IF(Calendario!F50="FV";"🟡 ANTO(FV)";""),IF(Calendario!F50="TM";"🔵 ANTO(TM)";""),IF(Calendario!F50="TN";"🟣 ANTO(TN)";""),IF(Calendario!F50="TT";"🟠 ANTO(TT)";""),IF(Calendario!G50="";"🟢 ELIAS";""),IF(Calendario!G50="CL";"🟤 ELIAS(CL)";""),IF(Calendario!G50="FV";"🟡 ELIAS(FV)";""),IF(Calendario!G50="TM";"🔵 ELIAS(TM)";""),IF(Calendario!G50="TN";"🟣 ELIAS(TN)";""),IF(Calendario!G50="TT";"🟠 ELIAS(TT)";""),IF(Calendario!H50="";"🟢 CRIS";""),IF(Calendario!H50="CL";"🟤 CRIS(CL)";""),IF(Calendario!H50="FV";"🟡 CRIS(FV)";""),IF(Calendario!H50="TM";"🔵 CRIS(TM)";""),IF(Calendario!H50="TN";"🟣 CRIS(TN)";""),IF(Calendario!H50="TT";"🟠 CRIS(TT)";""))
A15: =TEXTJOIN(CHAR(10);TRUE;TEXT(Calendario!A51,"DD"),IF(Calendario!C51="";"🟢 SUSANNA";""),IF(Calendario!C51="CL";"🟤 SUSANNA(CL)";""),IF(Calendario!C51="FV";"🟡 SUSANNA(FV)";""),IF(Calendario!C51="TM";"🔵 SUSANNA(TM)";""),IF(Calendario!C51="TN";"🟣 SUSANNA(TN)";""),IF(Calendario!C51="TT";"🟠 SUSANNA(TT)";""),IF(Calendario!D51="";"🟢 ZUA";""),IF(Calendario!D51="CL";"🟤 ZUA(CL)";""),IF(Calendario!D51="FV";"🟡 ZUA(FV)";""),IF(Calendario!D51="TM";"🔵 ZUA(TM)";""),IF(Calendario!D51="TN";"🟣 ZUA(TN)";""),IF(Calendario!D51="TT";"🟠 ZUA(TT)";""),IF(Calendario!E51="";"🟢 PEPE";""),IF(Calendario!E51="CL";"🟤 PEPE(CL)";""),IF(Calendario!E51="FV";"🟡 PEPE(FV)";""),IF(Calendario!E51="TM";"🔵 PEPE(TM)";""),IF(Calendario!E51="TN";"🟣 PEPE(TN)";""),IF(Calendario!E51="TT";"🟠 PEPE(TT)";""),IF(Calendario!F51="";"🟢 ANTO";""),IF(Calendario!F51="CL";"🟤 ANTO(CL)";""),IF(Calendario!F51="FV";"🟡 ANTO(FV)";""),IF(Calendario!F51="TM";"🔵 ANTO(TM)";""),IF(Calendario!F51="TN";"🟣 ANTO(TN)";""),IF(Calendario!F51="TT";"🟠 ANTO(TT)";""),IF(Calendario!G51="";"🟢 ELIAS";""),IF(Calendario!G51="CL";"🟤 ELIAS(CL)";""),IF(Calendario!G51="FV";"🟡 ELIAS(FV)";""),IF(Calendario!G51="TM";"🔵 ELIAS(TM)";""),IF(Calendario!G51="TN";"🟣 ELIAS(TN)";""),IF(Calendario!G51="TT";"🟠 ELIAS(TT)";""),IF(Calendario!H51="";"🟢 CRIS";""),IF(Calendario!H51="CL";"🟤 CRIS(CL)";""),IF(Calendario!H51="FV";"🟡 CRIS(FV)";""),IF(Calendario!H51="TM";"🔵 CRIS(TM)";""),IF(Calendario!H51="TN";"🟣 CRIS(TN)";""),IF(Calendario!H51="TT";"🟠 CRIS(TT)";"")) | B15: =TEXTJOIN(CHAR(10);TRUE;TEXT(Calendario!A52,"DD"),IF(Calendario!C52="";"🟢 SUSANNA";""),IF(Calendario!C52="CL";"🟤 SUSANNA(CL)";""),IF(Calendario!C52="FV";"🟡 SUSANNA(FV)";""),IF(Calendario!C52="TM";"🔵 SUSANNA(TM)";""),IF(Calendario!C52="TN";"🟣 SUSANNA(TN)";""),IF(Calendario!C52="TT";"🟠 SUSANNA(TT)";""),IF(Calendario!D52="";"🟢 ZUA";""),IF(Calendario!D52="CL";"🟤 ZUA(CL)";""),IF(Calendario!D52="FV";"🟡 ZUA(FV)";""),IF(Calendario!D52="TM";"🔵 ZUA(TM)";""),IF(Calendario!D52="TN";"🟣 ZUA(TN)";""),IF(Calendario!D52="TT";"🟠 ZUA(TT)";""),IF(Calendario!E52="";"🟢 PEPE";""),IF(Calendario!E52="CL";"🟤 PEPE(CL)";""),IF(Calendario!E52="FV";"🟡 PEPE(FV)";""),IF(Calendario!E52="TM";"🔵 PEPE(TM)";""),IF(Calendario!E52="TN";"🟣 PEPE(TN)";""),IF(Calendario!E52="TT";"🟠 PEPE(TT)";""),IF(Calendario!F52="";"🟢 ANTO";""),IF(Calendario!F52="CL";"🟤 ANTO(CL)";""),IF(Calendario!F52="FV";"🟡 ANTO(FV)";""),IF(Calendario!F52="TM";"🔵 ANTO(TM)";""),IF(Calendario!F52="TN";"🟣 ANTO(TN)";""),IF(Calendario!F52="TT";"🟠 ANTO(TT)";""),IF(Calendario!G52="";"🟢 ELIAS";""),IF(Calendario!G52="CL";"🟤 ELIAS(CL)";""),IF(Calendario!G52="FV";"🟡 ELIAS(FV)";""),IF(Calendario!G52="TM";"🔵 ELIAS(TM)";""),IF(Calendario!G52="TN";"🟣 ELIAS(TN)";""),IF(Calendario!G52="TT";"🟠 ELIAS(TT)";""),IF(Calendario!H52="";"🟢 CRIS";""),IF(Calendario!H52="CL";"🟤 CRIS(CL)";""),IF(Calendario!H52="FV";"🟡 CRIS(FV)";""),IF(Calendario!H52="TM";"🔵 CRIS(TM)";""),IF(Calendario!H52="TN";"🟣 CRIS(TN)";""),IF(Calendario!H52="TT";"🟠 CRIS(TT)";"")) | C15: =TEXTJOIN(CHAR(10);TRUE;TEXT(Calendario!A53,"DD"),IF(Calendario!C53="";"🟢 SUSANNA";""),IF(Calendario!C53="CL";"🟤 SUSANNA(CL)";""),IF(Calendario!C53="FV";"🟡 SUSANNA(FV)";""),IF(Calendario!C53="TM";"🔵 SUSANNA(TM)";""),IF(Calendario!C53="TN";"🟣 SUSANNA(TN)";""),IF(Calendario!C53="TT";"🟠 SUSANNA(TT)";""),IF(Calendario!D53="";"🟢 ZUA";""),IF(Calendario!D53="CL";"🟤 ZUA(CL)";""),IF(Calendario!D53="FV";"🟡 ZUA(FV)";""),IF(Calendario!D53="TM";"🔵 ZUA(TM)";""),IF(Calendario!D53="TN";"🟣 ZUA(TN)";""),IF(Calendario!D53="TT";"🟠 ZUA(TT)";""),IF(Calendario!E53="";"🟢 PEPE";""),IF(Calendario!E53="CL";"🟤 PEPE(CL)";""),IF(Calendario!E53="FV";"🟡 PEPE(FV)";""),IF(Calendario!E53="TM";"🔵 PEPE(TM)";""),IF(Calendario!E53="TN";"🟣 PEPE(TN)";""),IF(Calendario!E53="TT";"🟠 PEPE(TT)";""),IF(Calendario!F53="";"🟢 ANTO";""),IF(Calendario!F53="CL";"🟤 ANTO(CL)";""),IF(Calendario!F53="FV";"🟡 ANTO(FV)";""),IF(Calendario!F53="TM";"🔵 ANTO(TM)";""),IF(Calendario!F53="TN";"🟣 ANTO(TN)";""),IF(Calendario!F53="TT";"🟠 ANTO(TT)";""),IF(Calendario!G53="";"🟢 ELIAS";""),IF(Calendario!G53="CL";"🟤 ELIAS(CL)";""),IF(Calendario!G53="FV";"🟡 ELIAS(FV)";""),IF(Calendario!G53="TM";"🔵 ELIAS(TM)";""),IF(Calendario!G53="TN";"🟣 ELIAS(TN)";""),IF(Calendario!G53="TT";"🟠 ELIAS(TT)";""),IF(Calendario!H53="";"🟢 CRIS";""),IF(Calendario!H53="CL";"🟤 CRIS(CL)";""),IF(Calendario!H53="FV";"🟡 CRIS(FV)";""),IF(Calendario!H53="TM";"🔵 CRIS(TM)";""),IF(Calendario!H53="TN";"🟣 CRIS(TN)";""),IF(Calendario!H53="TT";"🟠 CRIS(TT)";"")) | D15: =TEXTJOIN(CHAR(10);TRUE;TEXT(Calendario!A54,"DD"),IF(Calendario!C54="";"🟢 SUSANNA";""),IF(Calendario!C54="CL";"🟤 SUSANNA(CL)";""),IF(Calendario!C54="FV";"🟡 SUSANNA(FV)";""),IF(Calendario!C54="TM";"🔵 SUSANNA(TM)";""),IF(Calendario!C54="TN";"🟣 SUSANNA(TN)";""),IF(Calendario!C54="TT";"🟠 SUSANNA(TT)";""),IF(Calendario!D54="";"🟢 ZUA";""),IF(Calendario!D54="CL";"🟤 ZUA(CL)";""),IF(Calendario!D54="FV";"🟡 ZUA(FV)";""),IF(Calendario!D54="TM";"🔵 ZUA(TM)";""),IF(Calendario!D54="TN";"🟣 ZUA(TN)";""),IF(Calendario!D54="TT";"🟠 ZUA(TT)";""),IF(Calendario!E54="";"🟢 PEPE";""),IF(Calendario!E54="CL";"🟤 PEPE(CL)";""),IF(Calendario!E54="FV";"🟡 PEPE(FV)";""),IF(Calendario!E54="TM";"🔵 PEPE(TM)";""),IF(Calendario!E54="TN";"🟣 PEPE(TN)";""),IF(Calendario!E54="TT";"🟠 PEPE(TT)";""),IF(Calendario!F54="";"🟢 ANTO";""),IF(Calendario!F54="CL";"🟤 ANTO(CL)";""),IF(Calendario!F54="FV";"🟡 ANTO(FV)";""),IF(Calendario!F54="TM";"🔵 ANTO(TM)";""),IF(Calendario!F54="TN";"🟣 ANTO(TN)";""),IF(Calendario!F54="TT";"🟠 ANTO(TT)";""),IF(Calendario!G54="";"🟢 ELIAS";""),IF(Calendario!G54="CL";"🟤 ELIAS(CL)";""),IF(Calendario!G54="FV";"🟡 ELIAS(FV)";""),IF(Calendario!G54="TM";"🔵 ELIAS(TM)";""),IF(Calendario!G54="TN";"🟣 ELIAS(TN)";""),IF(Calendario!G54="TT";"🟠 ELIAS(TT)";""),IF(Calendario!H54="";"🟢 CRIS";""),IF(Calendario!H54="CL";"🟤 CRIS(CL)";""),IF(Calendario!H54="FV";"🟡 CRIS(FV)";""),IF(Calendario!H54="TM";"🔵 CRIS(TM)";""),IF(Calendario!H54="TN";"🟣 CRIS(TN)";""),IF(Calendario!H54="TT";"🟠 CRIS(TT)";"")) | E15: =TEXTJOIN(CHAR(10);TRUE;TEXT(Calendario!A55,"DD"),IF(Calendario!C55="";"🟢 SUSANNA";""),IF(Calendario!C55="CL";"🟤 SUSANNA(CL)";""),IF(Calendario!C55="FV";"🟡 SUSANNA(FV)";""),IF(Calendario!C55="TM";"🔵 SUSANNA(TM)";""),IF(Calendario!C55="TN";"🟣 SUSANNA(TN)";""),IF(Calendario!C55="TT";"🟠 SUSANNA(TT)";""),IF(Calendario!D55="";"🟢 ZUA";""),IF(Calendario!D55="CL";"🟤 ZUA(CL)";""),IF(Calendario!D55="FV";"🟡 ZUA(FV)";""),IF(Calendario!D55="TM";"🔵 ZUA(TM)";""),IF(Calendario!D55="TN";"🟣 ZUA(TN)";""),IF(Calendario!D55="TT";"🟠 ZUA(TT)";""),IF(Calendario!E55="";"🟢 PEPE";""),IF(Calendario!E55="CL";"🟤 PEPE(CL)";""),IF(Calendario!E55="FV";"🟡 PEPE(FV)";""),IF(Calendario!E55="TM";"🔵 PEPE(TM)";""),IF(Calendario!E55="TN";"🟣 PEPE(TN)";""),IF(Calendario!E55="TT";"🟠 PEPE(TT)";""),IF(Calendario!F55="";"🟢 ANTO";""),IF(Calendario!F55="CL";"🟤 ANTO(CL)";""),IF(Calendario!F55="FV";"🟡 ANTO(FV)";""),IF(Calendario!F55="TM";"🔵 ANTO(TM)";""),IF(Calendario!F55="TN";"🟣 ANTO(TN)";""),IF(Calendario!F55="TT";"🟠 ANTO(TT)";""),IF(Calendario!G55="";"🟢 ELIAS";""),IF(Calendario!G55="CL";"🟤 ELIAS(CL)";""),IF(Calendario!G55="FV";"🟡 ELIAS(FV)";""),IF(Calendario!G55="TM";"🔵 ELIAS(TM)";""),IF(Calendario!G55="TN";"🟣 ELIAS(TN)";""),IF(Calendario!G55="TT";"🟠 ELIAS(TT)";""),IF(Calendario!H55="";"🟢 CRIS";""),IF(Calendario!H55="CL";"🟤 CRIS(CL)";""),IF(Calendario!H55="FV";"🟡 CRIS(FV)";""),IF(Calendario!H55="TM";"🔵 CRIS(TM)";""),IF(Calendario!H55="TN";"🟣 CRIS(TN)";""),IF(Calendario!H55="TT";"🟠 CRIS(TT)";"")) | F15: =TEXTJOIN(CHAR(10);TRUE;TEXT(Calendario!A56,"DD"),IF(Calendario!C56="";"🟢 SUSANNA";""),IF(Calendario!C56="CL";"🟤 SUSANNA(CL)";""),IF(Calendario!C56="FV";"🟡 SUSANNA(FV)";""),IF(Calendario!C56="TM";"🔵 SUSANNA(TM)";""),IF(Calendario!C56="TN";"🟣 SUSANNA(TN)";""),IF(Calendario!C56="TT";"🟠 SUSANNA(TT)";""),IF(Calendario!D56="";"🟢 ZUA";""),IF(Calendario!D56="CL";"🟤 ZUA(CL)";""),IF(Calendario!D56="FV";"🟡 ZUA(FV)";""),IF(Calendario!D56="TM";"🔵 ZUA(TM)";""),IF(Calendario!D56="TN";"🟣 ZUA(TN)";""),IF(Calendario!D56="TT";"🟠 ZUA(TT)";""),IF(Calendario!E56="";"🟢 PEPE";""),IF(Calendario!E56="CL";"🟤 PEPE(CL)";""),IF(Calendario!E56="FV";"🟡 PEPE(FV)";""),IF(Calendario!E56="TM";"🔵 PEPE(TM)";""),IF(Calendario!E56="TN";"🟣 PEPE(TN)";""),IF(Calendario!E56="TT";"🟠 PEPE(TT)";""),IF(Calendario!F56="";"🟢 ANTO";""),IF(Calendario!F56="CL";"🟤 ANTO(CL)";""),IF(Calendario!F56="FV";"🟡 ANTO(FV)";""),IF(Calendario!F56="TM";"🔵 ANTO(TM)";""),IF(Calendario!F56="TN";"🟣 ANTO(TN)";""),IF(Calendario!F56="TT";"🟠 ANTO(TT)";""),IF(Calendario!G56="";"🟢 ELIAS";""),IF(Calendario!G56="CL";"🟤 ELIAS(CL)";""),IF(Calendario!G56="FV";"🟡 ELIAS(FV)";""),IF(Calendario!G56="TM";"🔵 ELIAS(TM)";""),IF(Calendario!G56="TN";"🟣 ELIAS(TN)";""),IF(Calendario!G56="TT";"🟠 ELIAS(TT)";""),IF(Calendario!H56="";"🟢 CRIS";""),IF(Calendario!H56="CL";"🟤 CRIS(CL)";""),IF(Calendario!H56="FV";"🟡 CRIS(FV)";""),IF(Calendario!H56="TM";"🔵 CRIS(TM)";""),IF(Calendario!H56="TN";"🟣 CRIS(TN)";""),IF(Calendario!H56="TT";"🟠 CRIS(TT)";"")) | G15: =TEXTJOIN(CHAR(10);TRUE;TEXT(Calendario!A57,"DD"),IF(Calendario!C57="";"🟢 SUSANNA";""),IF(Calendario!C57="CL";"🟤 SUSANNA(CL)";""),IF(Calendario!C57="FV";"🟡 SUSANNA(FV)";""),IF(Calendario!C57="TM";"🔵 SUSANNA(TM)";""),IF(Calendario!C57="TN";"🟣 SUSANNA(TN)";""),IF(Calendario!C57="TT";"🟠 SUSANNA(TT)";""),IF(Calendario!D57="";"🟢 ZUA";""),IF(Calendario!D57="CL";"🟤 ZUA(CL)";""),IF(Calendario!D57="FV";"🟡 ZUA(FV)";""),IF(Calendario!D57="TM";"🔵 ZUA(TM)";""),IF(Calendario!D57="TN";"🟣 ZUA(TN)";""),IF(Calendario!D57="TT";"🟠 ZUA(TT)";""),IF(Calendario!E57="";"🟢 PEPE";""),IF(Calendario!E57="CL";"🟤 PEPE(CL)";""),IF(Calendario!E57="FV";"🟡 PEPE(FV)";""),IF(Calendario!E57="TM";"🔵 PEPE(TM)";""),IF(Calendario!E57="TN";"🟣 PEPE(TN)";""),IF(Calendario!E57="TT";"🟠 PEPE(TT)";""),IF(Calendario!F57="";"🟢 ANTO";""),IF(Calendario!F57="CL";"🟤 ANTO(CL)";""),IF(Calendario!F57="FV";"🟡 ANTO(FV)";""),IF(Calendario!F57="TM";"🔵 ANTO(TM)";""),IF(Calendario!F57="TN";"🟣 ANTO(TN)";""),IF(Calendario!F57="TT";"🟠 ANTO(TT)";""),IF(Calendario!G57="";"🟢 ELIAS";""),IF(Calendario!G57="CL";"🟤 ELIAS(CL)";""),IF(Calendario!G57="FV";"🟡 ELIAS(FV)";""),IF(Calendario!G57="TM";"🔵 ELIAS(TM)";""),IF(Calendario!G57="TN";"🟣 ELIAS(TN)";""),IF(Calendario!G57="TT";"🟠 ELIAS(TT)";""),IF(Calendario!H57="";"🟢 CRIS";""),IF(Calendario!H57="CL";"🟤 CRIS(CL)";""),IF(Calendario!H57="FV";"🟡 CRIS(FV)";""),IF(Calendario!H57="TM";"🔵 CRIS(TM)";""),IF(Calendario!H57="TN";"🟣 CRIS(TN)";""),IF(Calendario!H57="TT";"🟠 CRIS(TT)";""))
A16: =TEXTJOIN(CHAR(10);TRUE;TEXT(Calendario!A58,"DD"),IF(Calendario!C58="";"🟢 SUSANNA";""),IF(Calendario!C58="CL";"🟤 SUSANNA(CL)";""),IF(Calendario!C58="FV";"🟡 SUSANNA(FV)";""),IF(Calendario!C58="TM";"🔵 SUSANNA(TM)";""),IF(Calendario!C58="TN";"🟣 SUSANNA(TN)";""),IF(Calendario!C58="TT";"🟠 SUSANNA(TT)";""),IF(Calendario!D58="";"🟢 ZUA";""),IF(Calendario!D58="CL";"🟤 ZUA(CL)";""),IF(Calendario!D58="FV";"🟡 ZUA(FV)";""),IF(Calendario!D58="TM";"🔵 ZUA(TM)";""),IF(Calendario!D58="TN";"🟣 ZUA(TN)";""),IF(Calendario!D58="TT";"🟠 ZUA(TT)";""),IF(Calendario!E58="";"🟢 PEPE";""),IF(Calendario!E58="CL";"🟤 PEPE(CL)";""),IF(Calendario!E58="FV";"🟡 PEPE(FV)";""),IF(Calendario!E58="TM";"🔵 PEPE(TM)";""),IF(Calendario!E58="TN";"🟣 PEPE(TN)";""),IF(Calendario!E58="TT";"🟠 PEPE(TT)";""),IF(Calendario!F58="";"🟢 ANTO";""),IF(Calendario!F58="CL";"🟤 ANTO(CL)";""),IF(Calendario!F58="FV";"🟡 ANTO(FV)";""),IF(Calendario!F58="TM";"🔵 ANTO(TM)";""),IF(Calendario!F58="TN";"🟣 ANTO(TN)";""),IF(Calendario!F58="TT";"🟠 ANTO(TT)";""),IF(Calendario!G58="";"🟢 ELIAS";""),IF(Calendario!G58="CL";"🟤 ELIAS(CL)";""),IF(Calendario!G58="FV";"🟡 ELIAS(FV)";""),IF(Calendario!G58="TM";"🔵 ELIAS(TM)";""),IF(Calendario!G58="TN";"🟣 ELIAS(TN)";""),IF(Calendario!G58="TT";"🟠 ELIAS(TT)";""),IF(Calendario!H58="";"🟢 CRIS";""),IF(Calendario!H58="CL";"🟤 CRIS(CL)";""),IF(Calendario!H58="FV";"🟡 CRIS(FV)";""),IF(Calendario!H58="TM";"🔵 CRIS(TM)";""),IF(Calendario!H58="TN";"🟣 CRIS(TN)";""),IF(Calendario!H58="TT";"🟠 CRIS(TT)";"")) | B16: =TEXTJOIN(CHAR(10);TRUE;TEXT(Calendario!A59,"DD"),IF(Calendario!C59="";"🟢 SUSANNA";""),IF(Calendario!C59="CL";"🟤 SUSANNA(CL)";""),IF(Calendario!C59="FV";"🟡 SUSANNA(FV)";""),IF(Calendario!C59="TM";"🔵 SUSANNA(TM)";""),IF(Calendario!C59="TN";"🟣 SUSANNA(TN)";""),IF(Calendario!C59="TT";"🟠 SUSANNA(TT)";""),IF(Calendario!D59="";"🟢 ZUA";""),IF(Calendario!D59="CL";"🟤 ZUA(CL)";""),IF(Calendario!D59="FV";"🟡 ZUA(FV)";""),IF(Calendario!D59="TM";"🔵 ZUA(TM)";""),IF(Calendario!D59="TN";"🟣 ZUA(TN)";""),IF(Calendario!D59="TT";"🟠 ZUA(TT)";""),IF(Calendario!E59="";"🟢 PEPE";""),IF(Calendario!E59="CL";"🟤 PEPE(CL)";""),IF(Calendario!E59="FV";"🟡 PEPE(FV)";""),IF(Calendario!E59="TM";"🔵 PEPE(TM)";""),IF(Calendario!E59="TN";"🟣 PEPE(TN)";""),IF(Calendario!E59="TT";"🟠 PEPE(TT)";""),IF(Calendario!F59="";"🟢 ANTO";""),IF(Calendario!F59="CL";"🟤 ANTO(CL)";""),IF(Calendario!F59="FV";"🟡 ANTO(FV)";""),IF(Calendario!F59="TM";"🔵 ANTO(TM)";""),IF(Calendario!F59="TN";"🟣 ANTO(TN)";""),IF(Calendario!F59="TT";"🟠 ANTO(TT)";""),IF(Calendario!G59="";"🟢 ELIAS";""),IF(Calendario!G59="CL";"🟤 ELIAS(CL)";""),IF(Calendario!G59="FV";"🟡 ELIAS(FV)";""),IF(Calendario!G59="TM";"🔵 ELIAS(TM)";""),IF(Calendario!G59="TN";"🟣 ELIAS(TN)";""),IF(Calendario!G59="TT";"🟠 ELIAS(TT)";""),IF(Calendario!H59="";"🟢 CRIS";""),IF(Calendario!H59="CL";"🟤 CRIS(CL)";""),IF(Calendario!H59="FV";"🟡 CRIS(FV)";""),IF(Calendario!H59="TM";"🔵 CRIS(TM)";""),IF(Calendario!H59="TN";"🟣 CRIS(TN)";""),IF(Calendario!H59="TT";"🟠 CRIS(TT)";"")) | C16: =TEXTJOIN(CHAR(10);TRUE;TEXT(Calendario!A60,"DD"),IF(Calendario!C60="";"🟢 SUSANNA";""),IF(Calendario!C60="CL";"🟤 SUSANNA(CL)";""),IF(Calendario!C60="FV";"🟡 SUSANNA(FV)";""),IF(Calendario!C60="TM";"🔵 SUSANNA(TM)";""),IF(Calendario!C60="TN";"🟣 SUSANNA(TN)";""),IF(Calendario!C60="TT";"🟠 SUSANNA(TT)";""),IF(Calendario!D60="";"🟢 ZUA";""),IF(Calendario!D60="CL";"🟤 ZUA(CL)";""),IF(Calendario!D60="FV";"🟡 ZUA(FV)";""),IF(Calendario!D60="TM";"🔵 ZUA(TM)";""),IF(Calendario!D60="TN";"🟣 ZUA(TN)";""),IF(Calendario!D60="TT";"🟠 ZUA(TT)";""),IF(Calendario!E60="";"🟢 PEPE";""),IF(Calendario!E60="CL";"🟤 PEPE(CL)";""),IF(Calendario!E60="FV";"🟡 PEPE(FV)";""),IF(Calendario!E60="TM";"🔵 PEPE(TM)";""),IF(Calendario!E60="TN";"🟣 PEPE(TN)";""),IF(Calendario!E60="TT";"🟠 PEPE(TT)";""),IF(Calendario!F60="";"🟢 ANTO";""),IF(Calendario!F60="CL";"🟤 ANTO(CL)";""),IF(Calendario!F60="FV";"🟡 ANTO(FV)";""),IF(Calendario!F60="TM";"🔵 ANTO(TM)";""),IF(Calendario!F60="TN";"🟣 ANTO(TN)";""),IF(Calendario!F60="TT";"🟠 ANTO(TT)";""),IF(Calendario!G60="";"🟢 ELIAS";""),IF(Calendario!G60="CL";"🟤 ELIAS(CL)";""),IF(Calendario!G60="FV";"🟡 ELIAS(FV)";""),IF(Calendario!G60="TM";"🔵 ELIAS(TM)";""),IF(Calendario!G60="TN";"🟣 ELIAS(TN)";""),IF(Calendario!G60="TT";"🟠 ELIAS(TT)";""),IF(Calendario!H60="";"🟢 CRIS";""),IF(Calendario!H60="CL";"🟤 CRIS(CL)";""),IF(Calendario!H60="FV";"🟡 CRIS(FV)";""),IF(Calendario!H60="TM";"🔵 CRIS(TM)";""),IF(Calendario!H60="TN";"🟣 CRIS(TN)";""),IF(Calendario!H60="TT";"🟠 CRIS(TT)";"")) | D16: =TEXTJOIN(CHAR(10);TRUE;TEXT(Calendario!A61,"DD"),IF(Calendario!C61="";"🟢 SUSANNA";""),IF(Calendario!C61="CL";"🟤 SUSANNA(CL)";""),IF(Calendario!C61="FV";"🟡 SUSANNA(FV)";""),IF(Calendario!C61="TM";"🔵 SUSANNA(TM)";""),IF(Calendario!C61="TN";"🟣 SUSANNA(TN)";""),IF(Calendario!C61="TT";"🟠 SUSANNA(TT)";""),IF(Calendario!D61="";"🟢 ZUA";""),IF(Calendario!D61="CL";"🟤 ZUA(CL)";""),IF(Calendario!D61="FV";"🟡 ZUA(FV)";""),IF(Calendario!D61="TM";"🔵 ZUA(TM)";""),IF(Calendario!D61="TN";"🟣 ZUA(TN)";""),IF(Calendario!D61="TT";"🟠 ZUA(TT)";""),IF(Calendario!E61="";"🟢 PEPE";""),IF(Calendario!E61="CL";"🟤 PEPE(CL)";""),IF(Calendario!E61="FV";"🟡 PEPE(FV)";""),IF(Calendario!E61="TM";"🔵 PEPE(TM)";""),IF(Calendario!E61="TN";"🟣 PEPE(TN)";""),IF(Calendario!E61="TT";"🟠 PEPE(TT)";""),IF(Calendario!F61="";"🟢 ANTO";""),IF(Calendario!F61="CL";"🟤 ANTO(CL)";""),IF(Calendario!F61="FV";"🟡 ANTO(FV)";""),IF(Calendario!F61="TM";"🔵 ANTO(TM)";""),IF(Calendario!F61="TN";"🟣 ANTO(TN)";""),IF(Calendario!F61="TT";"🟠 ANTO(TT)";""),IF(Calendario!G61="";"🟢 ELIAS";""),IF(Calendario!G61="CL";"🟤 ELIAS(CL)";""),IF(Calendario!G61="FV";"🟡 ELIAS(FV)";""),IF(Calendario!G61="TM";"🔵 ELIAS(TM)";""),IF(Calendario!G61="TN";"🟣 ELIAS(TN)";""),IF(Calendario!G61="TT";"🟠 ELIAS(TT)";""),IF(Calendario!H61="";"🟢 CRIS";""),IF(Calendario!H61="CL";"🟤 CRIS(CL)";""),IF(Calendario!H61="FV";"🟡 CRIS(FV)";""),IF(Calendario!H61="TM";"🔵 CRIS(TM)";""),IF(Calendario!H61="TN";"🟣 CRIS(TN)";""),IF(Calendario!H61="TT";"🟠 CRIS(TT)";"")) | E16: =TEXTJOIN(CHAR(10);TRUE;TEXT(Calendario!A62,"DD"),IF(Calendario!C62="";"🟢 SUSANNA";""),IF(Calendario!C62="CL";"🟤 SUSANNA(CL)";""),IF(Calendario!C62="FV";"🟡 SUSANNA(FV)";""),IF(Calendario!C62="TM";"🔵 SUSANNA(TM)";""),IF(Calendario!C62="TN";"🟣 SUSANNA(TN)";""),IF(Calendario!C62="TT";"🟠 SUSANNA(TT)";""),IF(Calendario!D62="";"🟢 ZUA";""),IF(Calendario!D62="CL";"🟤 ZUA(CL)";""),IF(Calendario!D62="FV";"🟡 ZUA(FV)";""),IF(Calendario!D62="TM";"🔵 ZUA(TM)";""),IF(Calendario!D62="TN";"🟣 ZUA(TN)";""),IF(Calendario!D62="TT";"🟠 ZUA(TT)";""),IF(Calendario!E62="";"🟢 PEPE";""),IF(Calendario!E62="CL";"🟤 PEPE(CL)";""),IF(Calendario!E62="FV";"🟡 PEPE(FV)";""),IF(Calendario!E62="TM";"🔵 PEPE(TM)";""),IF(Calendario!E62="TN";"🟣 PEPE(TN)";""),IF(Calendario!E62="TT";"🟠 PEPE(TT)";""),IF(Calendario!F62="";"🟢 ANTO";""),IF(Calendario!F62="CL";"🟤 ANTO(CL)";""),IF(Calendario!F62="FV";"🟡 ANTO(FV)";""),IF(Calendario!F62="TM";"🔵 ANTO(TM)";""),IF(Calendario!F62="TN";"🟣 ANTO(TN)";""),IF(Calendario!F62="TT";"🟠 ANTO(TT)";""),IF(Calendario!G62="";"🟢 ELIAS";""),IF(Calendario!G62="CL";"🟤 ELIAS(CL)";""),IF(Calendario!G62="FV";"🟡 ELIAS(FV)";""),IF(Calendario!G62="TM";"🔵 ELIAS(TM)";""),IF(Calendario!G62="TN";"🟣 ELIAS(TN)";""),IF(Calendario!G62="TT";"🟠 ELIAS(TT)";""),IF(Calendario!H62="";"🟢 CRIS";""),IF(Calendario!H62="CL";"🟤 CRIS(CL)";""),IF(Calendario!H62="FV";"🟡 CRIS(FV)";""),IF(Calendario!H62="TM";"🔵 CRIS(TM)";""),IF(Calendario!H62="TN";"🟣 CRIS(TN)";""),IF(Calendario!H62="TT";"🟠 CRIS(TT)";"")) | F16: =TEXTJOIN(CHAR(10);TRUE;TEXT(Calendario!A63,"DD"),IF(Calendario!C63="";"🟢 SUSANNA";""),IF(Calendario!C63="CL";"🟤 SUSANNA(CL)";""),IF(Calendario!C63="FV";"🟡 SUSANNA(FV)";""),IF(Calendario!C63="TM";"🔵 SUSANNA(TM)";""),IF(Calendario!C63="TN";"🟣 SUSANNA(TN)";""),IF(Calendario!C63="TT";"🟠 SUSANNA(TT)";""),IF(Calendario!D63="";"🟢 ZUA";""),IF(Calendario!D63="CL";"🟤 ZUA(CL)";""),IF(Calendario!D63="FV";"🟡 ZUA(FV)";""),IF(Calendario!D63="TM";"🔵 ZUA(TM)";""),IF(Calendario!D63="TN";"🟣 ZUA(TN)";""),IF(Calendario!D63="TT";"🟠 ZUA(TT)";""),IF(Calendario!E63="";"🟢 PEPE";""),IF(Calendario!E63="CL";"🟤 PEPE(CL)";""),IF(Calendario!E63="FV";"🟡 PEPE(FV)";""),IF(Calendario!E63="TM";"🔵 PEPE(TM)";""),IF(Calendario!E63="TN";"🟣 PEPE(TN)";""),IF(Calendario!E63="TT";"🟠 PEPE(TT)";""),IF(Calendario!F63="";"🟢 ANTO";""),IF(Calendario!F63="CL";"🟤 ANTO(CL)";""),IF(Calendario!F63="FV";"🟡 ANTO(FV)";""),IF(Calendario!F63="TM";"🔵 ANTO(TM)";""),IF(Calendario!F63="TN";"🟣 ANTO(TN)";""),IF(Calendario!F63="TT";"🟠 ANTO(TT)";""),IF(Calendario!G63="";"🟢 ELIAS";""),IF(Calendario!G63="CL";"🟤 ELIAS(CL)";""),IF(Calendario!G63="FV";"🟡 ELIAS(FV)";""),IF(Calendario!G63="TM";"🔵 ELIAS(TM)";""),IF(Calendario!G63="TN";"🟣 ELIAS(TN)";""),IF(Calendario!G63="TT";"🟠 ELIAS(TT)";""),IF(Calendario!H63="";"🟢 CRIS";""),IF(Calendario!H63="CL";"🟤 CRIS(CL)";""),IF(Calendario!H63="FV";"🟡 CRIS(FV)";""),IF(Calendario!H63="TM";"🔵 CRIS(TM)";""),IF(Calendario!H63="TN";"🟣 CRIS(TN)";""),IF(Calendario!H63="TT";"🟠 CRIS(TT)";"")) | G16: =TEXTJOIN(CHAR(10);TRUE;TEXT(Calendario!A64,"DD"),IF(Calendario!C64="";"🟢 SUSANNA";""),IF(Calendario!C64="CL";"🟤 SUSANNA(CL)";""),IF(Calendario!C64="FV";"🟡 SUSANNA(FV)";""),IF(Calendario!C64="TM";"🔵 SUSANNA(TM)";""),IF(Calendario!C64="TN";"🟣 SUSANNA(TN)";""),IF(Calendario!C64="TT";"🟠 SUSANNA(TT)";""),IF(Calendario!D64="";"🟢 ZUA";""),IF(Calendario!D64="CL";"🟤 ZUA(CL)";""),IF(Calendario!D64="FV";"🟡 ZUA(FV)";""),IF(Calendario!D64="TM";"🔵 ZUA(TM)";""),IF(Calendario!D64="TN";"🟣 ZUA(TN)";""),IF(Calendario!D64="TT";"🟠 ZUA(TT)";""),IF(Calendario!E64="";"🟢 PEPE";""),IF(Calendario!E64="CL";"🟤 PEPE(CL)";""),IF(Calendario!E64="FV";"🟡 PEPE(FV)";""),IF(Calendario!E64="TM";"🔵 PEPE(TM)";""),IF(Calendario!E64="TN";"🟣 PEPE(TN)";""),IF(Calendario!E64="TT";"🟠 PEPE(TT)";""),IF(Calendario!F64="";"🟢 ANTO";""),IF(Calendario!F64="CL";"🟤 ANTO(CL)";""),IF(Calendario!F64="FV";"🟡 ANTO(FV)";""),IF(Calendario!F64="TM";"🔵 ANTO(TM)";""),IF(Calendario!F64="TN";"🟣 ANTO(TN)";""),IF(Calendario!F64="TT";"🟠 ANTO(TT)";""),IF(Calendario!G64="";"🟢 ELIAS";""),IF(Calendario!G64="CL";"🟤 ELIAS(CL)";""),IF(Calendario!G64="FV";"🟡 ELIAS(FV)";""),IF(Calendario!G64="TM";"🔵 ELIAS(TM)";""),IF(Calendario!G64="TN";"🟣 ELIAS(TN)";""),IF(Calendario!G64="TT";"🟠 ELIAS(TT)";""),IF(Calendario!H64="";"🟢 CRIS";""),IF(Calendario!H64="CL";"🟤 CRIS(CL)";""),IF(Calendario!H64="FV";"🟡 CRIS(FV)";""),IF(Calendario!H64="TM";"🔵 CRIS(TM)";""),IF(Calendario!H64="TN";"🟣 CRIS(TN)";""),IF(Calendario!H64="TT";"🟠 CRIS(TT)";""))
A17: =TEXTJOIN(CHAR(10);TRUE;TEXT(Calendario!A65,"DD"),IF(Calendario!C65="";"🟢 SUSANNA";""),IF(Calendario!C65="CL";"🟤 SUSANNA(CL)";""),IF(Calendario!C65="FV";"🟡 SUSANNA(FV)";""),IF(Calendario!C65="TM";"🔵 SUSANNA(TM)";""),IF(Calendario!C65="TN";"🟣 SUSANNA(TN)";""),IF(Calendario!C65="TT";"🟠 SUSANNA(TT)";""),IF(Calendario!D65="";"🟢 ZUA";""),IF(Calendario!D65="CL";"🟤 ZUA(CL)";""),IF(Calendario!D65="FV";"🟡 ZUA(FV)";""),IF(Calendario!D65="TM";"🔵 ZUA(TM)";""),IF(Calendario!D65="TN";"🟣 ZUA(TN)";""),IF(Calendario!D65="TT";"🟠 ZUA(TT)";""),IF(Calendario!E65="";"🟢 PEPE";""),IF(Calendario!E65="CL";"🟤 PEPE(CL)";""),IF(Calendario!E65="FV";"🟡 PEPE(FV)";""),IF(Calendario!E65="TM";"🔵 PEPE(TM)";""),IF(Calendario!E65="TN";"🟣 PEPE(TN)";""),IF(Calendario!E65="TT";"🟠 PEPE(TT)";""),IF(Calendario!F65="";"🟢 ANTO";""),IF(Calendario!F65="CL";"🟤 ANTO(CL)";""),IF(Calendario!F65="FV";"🟡 ANTO(FV)";""),IF(Calendario!F65="TM";"🔵 ANTO(TM)";""),IF(Calendario!F65="TN";"🟣 ANTO(TN)";""),IF(Calendario!F65="TT";"🟠 ANTO(TT)";""),IF(Calendario!G65="";"🟢 ELIAS";""),IF(Calendario!G65="CL";"🟤 ELIAS(CL)";""),IF(Calendario!G65="FV";"🟡 ELIAS(FV)";""),IF(Calendario!G65="TM";"🔵 ELIAS(TM)";""),IF(Calendario!G65="TN";"🟣 ELIAS(TN)";""),IF(Calendario!G65="TT";"🟠 ELIAS(TT)";""),IF(Calendario!H65="";"🟢 CRIS";""),IF(Calendario!H65="CL";"🟤 CRIS(CL)";""),IF(Calendario!H65="FV";"🟡 CRIS(FV)";""),IF(Calendario!H65="TM";"🔵 CRIS(TM)";""),IF(Calendario!H65="TN";"🟣 CRIS(TN)";""),IF(Calendario!H65="TT";"🟠 CRIS(TT)";""))

Sheet Instrucciones
A1: CALENDARIO DE DISPONIBILIDAD — JULIO & AGOSTO 2026
A3: COMO USARLO:
A5: 1. En 'Calendario', cada persona rellena su columna con el desplegable:
A6: TM(Trabajar) | TT(Trabajar) | TN(Trabajar) | FV(Fuera (p) | FN(Fuera (N) | OC(Ocupado) | RE(Recupera) | OT(Otros) | CL(Clases)
A7: (vacio = disponible)
A9: 2. Las demas hojas se actualizan SOLAS:
A10: Resumen -> metricas del grupo
A11: JULIO -> listado de quien puede cada dia
A12: AGOSTO -> listado de quien puede cada dia
A13: Cuadricula -> vista calendario con emojis de colores:
A14: 🟢 = libre 🔵 = TM 🟠 = TT 🟣 = TN 🟡 = FV
A15: (FN/OC/RE/OT no aparecen = 100% no disponibles)
... A29: Guarda 'codigo_apps_script.gs' por si necesitas re-importar.
A31: === CODIGO APPS SCRIPT ===
A33: function onOpen() {
A34: SpreadsheetApp.getUi()
A35: .createMenu('📅 Grupo')
A36: .addItem('Marcar rango de dias...', 'showDialog')
A37: .addSeparator()
A38: .addItem('Limpiar todo', 'clearAll')
A39: .addToUi();
A40: }
A42: function showDialog() {
A43: var html = HtmlService.createHtmlOutput(
A44: '<style>' +
A45: 'body{font-family:Arial,sans-serif;padding:20px}' +
... A119: }
A121: === FIN ===
